brand,product_name,rating,review_title,review_body,review_text,review_date,source_file,source_sheet,source_review_id,voc_tags,voc_tag_count,sentiment,matched_keywords
Unknown,Aaisha Faux Leather Armchair,5.0,,These classic wassili chairs are great to sit in and bring sophistication to my living room.,These classic wassili chairs are great to sit in and bring sophistication to my living room.,2026-01-29,Aaisha Faux Leather Armchair_100条.xlsx,Sheet1,161273572,艺术感/收藏感; 尺寸与空间适配; 舒适度/实用性; 情绪价值,4,正向,艺术感/收藏感: classic | 尺寸与空间适配: room | 舒适度/实用性: sit | 情绪价值: sophistication
Unknown,Aaisha Faux Leather Armchair,5.0,,"Fast shipping, box packaged nicely, fully assembled so all I had to do was take it out of the packaging. Very sturdy and stylish chair — I purchased it for my photo studio and I am excited to use it for shoots. Highly recommend!","Fast shipping, box packaged nicely, fully assembled so all I had to do was take it out of the packaging. Very sturdy and stylish chair — I purchased it for my photo studio and I am excited to use it for shoots. Highly recommend!",2025-02-23,Aaisha Faux Leather Armchair_100条.xlsx,Sheet1,144053612,外观审美; 做工质量; 舒适度/实用性; 物流包装; 安装体验; 情绪价值; 照片与实物差异,7,正向,"外观审美: stylish | 做工质量: sturdy | 舒适度/实用性: use | 物流包装: shipping, packaged, packaging, box, fast shipping | 安装体验: assembled | 情绪价值: excited, recommend | 照片与实物差异: photo"
Unknown,Aaisha Faux Leather Armchair,5.0,,Love this chair! Very stylish and sleek,Love this chair! Very stylish and sleek,2024-03-18,Aaisha Faux Leather Armchair_100条.xlsx,Sheet1,124853746,外观审美; 情绪价值,2,正向,"外观审美: stylish, sleek | 情绪价值: love"
Unknown,Aaisha Faux Leather Armchair,5.0,,Great Wassily chair replica! Best quality-price option!,Great Wassily chair replica! Best quality-price option!,2024-01-04,Aaisha Faux Leather Armchair_100条.xlsx,Sheet1,121097276,艺术感/收藏感; 做工质量; 价格价值感,3,正向,"艺术感/收藏感: wassily, replica | 做工质量: quality | 价格价值感: price, quality-price"
Unknown,Aaisha Faux Leather Armchair,4.0,,"Awesome to be able to get what is basically a true icon of 20th Century design, Marcel Breuer's Wassily chair, at an affordable price. It's something I've lusted after for years and years. Unfortunately for me, it seems that in shipping, one of the sides had weight placed on it and bent. Your luck may be better than mine, however","Awesome to be able to get what is basically a true icon of 20th Century design, Marcel Breuer's Wassily chair, at an affordable price. It's something I've lusted after for years and years. Unfortunately for me, it seems that in shipping, one of the sides had weight placed on it and bent. Your luck may be better than mine, however",2023-12-28,Aaisha Faux Leather Armchair_100条.xlsx,Sheet1,120810682,外观审美; 艺术感/收藏感; 物流包装; 价格价值感,4,正向,外观审美: design | 艺术感/收藏感: wassily | 物流包装: shipping | 价格价值感: price
Unknown,Aaisha Faux Leather Armchair,5.0,,Amazing chair always a conversation piece love ❤️ it,Amazing chair always a conversation piece love ❤️ it,2023-10-30,Aaisha Faux Leather Armchair_100条.xlsx,Sheet1,117951937,艺术感/收藏感; 情绪价值,2,正向,"艺术感/收藏感: conversation | 情绪价值: love, amazing"
Unknown,Aaisha Faux Leather Armchair,5.0,,"Very stylish chair, looks very high end and is a unique addition to our living room.","Very stylish chair, looks very high end and is a unique addition to our living room.",2023-02-10,Aaisha Faux Leather Armchair_100条.xlsx,Sheet1,104478955,外观审美; 艺术感/收藏感; 尺寸与空间适配,3,正向,"外观审美: stylish, looks | 艺术感/收藏感: unique | 尺寸与空间适配: room"
Unknown,Aaisha Faux Leather Armchair,5.0,,I simply adore them. You can’t beat the price!!,I simply adore them. You can’t beat the price!!,2022-05-27,Aaisha Faux Leather Armchair_100条.xlsx,Sheet1,94811563,价格价值感,1,正向,价格价值感: price
Unknown,Aaisha Faux Leather Armchair,5.0,,Love it! Great chair for my living room area!,Love it! Great chair for my living room area!,2020-02-23,Aaisha Faux Leather Armchair_100条.xlsx,Sheet1,45702506,尺寸与空间适配; 情绪价值,2,正向,尺寸与空间适配: room | 情绪价值: love
Unknown,Aaisha Faux Leather Armchair,5.0,,Absolutely beautiful. Very comfortable and there is no assembly. It doesnt get any better than this!,Absolutely beautiful. Very comfortable and there is no assembly. It doesnt get any better than this!,2018-08-30,Aaisha Faux Leather Armchair_100条.xlsx,Sheet1,23548420,外观审美; 舒适度/实用性; 安装体验,3,正向,外观审美: beautiful | 舒适度/实用性: comfortable | 安装体验: assembly
Unknown,Aaisha Faux Leather Armchair,5.0,,Gorgeous! Just as pictured like the original mcm staple design,Gorgeous! Just as pictured like the original mcm staple design,2025-05-15,Aaisha Faux Leather Armchair_100条.xlsx,Sheet1,150328508,外观审美; 艺术感/收藏感; 照片与实物差异,3,正向,"外观审美: gorgeous, design | 艺术感/收藏感: mcm | 照片与实物差异: as pictured, as pictured, just as pictured"
Unknown,Aaisha Faux Leather Armchair,5.0,,Exactly as expected. Love my chairs,Exactly as expected. Love my chairs,2025-03-24,Aaisha Faux Leather Armchair_100条.xlsx,Sheet1,146543595,情绪价值; 照片与实物差异,2,正向,"情绪价值: love | 照片与实物差异: expected, as expected"
Unknown,Aaisha Faux Leather Armchair,5.0,,Beautiful chair but rather uncomfortable. It looks great for a dupe!,Beautiful chair but rather uncomfortable. It looks great for a dupe!,2025-03-05,Aaisha Faux Leather Armchair_100条.xlsx,Sheet1,144453765,外观审美; 舒适度/实用性,2,正向,"外观审美: beautiful, looks | 舒适度/实用性: uncomfortable"
Unknown,Aaisha Faux Leather Armchair,5.0,,"Absolutely PERFECT!! I got this chair for a statement piece in my studio and it’s such a showstopper. Not the most comfortable as the recline is pretty laid back, but i love how it looks","Absolutely PERFECT!! I got this chair for a statement piece in my studio and it’s such a showstopper. Not the most comfortable as the recline is pretty laid back, but i love how it looks",2025-03-04,Aaisha Faux Leather Armchair_100条.xlsx,Sheet1,144413892,外观审美; 艺术感/收藏感; 舒适度/实用性; 情绪价值,4,正向,"外观审美: pretty, looks | 艺术感/收藏感: statement, statement piece, showstopper | 舒适度/实用性: comfortable | 情绪价值: love, perfect"
Unknown,Aaisha Faux Leather Armchair,5.0,,"Excellent quality, excellent promp shipping. Recommend","Excellent quality, excellent promp shipping. Recommend",2025-02-23,Aaisha Faux Leather Armchair_100条.xlsx,Sheet1,144053345,做工质量; 物流包装; 情绪价值,3,正向,做工质量: quality | 物流包装: shipping | 情绪价值: recommend
Unknown,Aaisha Faux Leather Armchair,5.0,,Love this chair! My sister bought one and I bought her the second as a bday present. Pretty sturdy and looks great. Highly recommend if you’re looking for this kind of style.,Love this chair! My sister bought one and I bought her the second as a bday present. Pretty sturdy and looks great. Highly recommend if you’re looking for this kind of style.,2024-12-03,Aaisha Faux Leather Armchair_100条.xlsx,Sheet1,138621937,外观审美; 做工质量; 情绪价值,3,正向,"外观审美: pretty, looks | 做工质量: sturdy | 情绪价值: love, recommend"
Unknown,Aaisha Faux Leather Armchair,5.0,,If I could give more than a 5 star rating I surely would. These (I purchased two) are a mid century looking perfect addition to my living room. My guests always comment on their striking design!,If I could give more than a 5 star rating I surely would. These (I purchased two) are a mid century looking perfect addition to my living room. My guests always comment on their striking design!,2024-11-23,Aaisha Faux Leather Armchair_100条.xlsx,Sheet1,138044792,外观审美; 艺术感/收藏感; 尺寸与空间适配; 情绪价值,4,正向,外观审美: design | 艺术感/收藏感: mid century | 尺寸与空间适配: room | 情绪价值: perfect
Unknown,Aaisha Faux Leather Armchair,5.0,,"Beautiful looking chair. Ultra modern. Not really comfortable for long seating, however.","Beautiful looking chair. Ultra modern. Not really comfortable for long seating, however.",2024-10-01,Aaisha Faux Leather Armchair_100条.xlsx,Sheet1,135124211,外观审美; 舒适度/实用性,2,正向,"外观审美: beautiful, modern | 舒适度/实用性: comfortable"
Unknown,Aaisha Faux Leather Armchair,4.0,,A fun occasional chair that adds an edgy element. More substantial than expected and a good weight. The leather is a touch stiff at the moment but may soften with use and the chair is generally comfortable to sit in.,A fun occasional chair that adds an edgy element. More substantial than expected and a good weight. The leather is a touch stiff at the moment but may soften with use and the chair is generally comfortable to sit in.,2024-09-09,Aaisha Faux Leather Armchair_100条.xlsx,Sheet1,133746132,材质质感; 舒适度/实用性; 照片与实物差异,3,正向,"材质质感: leather | 舒适度/实用性: comfortable, sit, use | 照片与实物差异: expected, than expected"
Unknown,Aaisha Faux Leather Armchair,5.0,,Amazing and perfect for my day to photo studio,Amazing and perfect for my day to photo studio,2024-07-01,Aaisha Faux Leather Armchair_100条.xlsx,Sheet1,130686354,情绪价值; 照片与实物差异,2,正向,"情绪价值: amazing, perfect | 照片与实物差异: photo"
Unknown,Aaisha Faux Leather Armchair,3.0,,"I purchased two of these in the white version. The chairs look great in my living room as accent chairs. They are very stylish and sleek-looking. One of the chairs arrived bent. So, it wobbles a bit when someone sits in it or touch it. I had to place something under one of the legs to keep it from wobbling.","I purchased two of these in the white version. The chairs look great in my living room as accent chairs. They are very stylish and sleek-looking. One of the chairs arrived bent. So, it wobbles a bit when someone sits in it or touch it. I had to place something under one of the legs to keep it from wobbling.",2024-06-06,Aaisha Faux Leather Armchair_100条.xlsx,Sheet1,129494813,外观审美; 尺寸与空间适配; 物流包装,3,正向,"外观审美: stylish, look, sleek | 尺寸与空间适配: room | 物流包装: arrived"
Unknown,Aaisha Faux Leather Armchair,1.0,,Never buy this chair. The chair is rusty.,Never buy this chair. The chair is rusty.,2024-02-26,Aaisha Faux Leather Armchair_100条.xlsx,Sheet1,123899725,价格价值感,1,负向,价格价值感: buy
Unknown,Aaisha Faux Leather Armchair,5.0,,"Todo maravilloso! La silla el embalaje, la entrega! Muy satisfecha!","Todo maravilloso! La silla el embalaje, la entrega! Muy satisfecha!",2024-02-24,Aaisha Faux Leather Armchair_100条.xlsx,Sheet1,123811664,未归类,1,正向,
Unknown,Aaisha Faux Leather Armchair,4.0,,Absolutely stellar chair! Giving this a 4 due to it being a bit warped (I imagine this is because of shippinghandling. This chair comes assembled and in minimal packaging). I was able to get it back in shape however. Great Wassily dupe. Would recommend.,Absolutely stellar chair! Giving this a 4 due to it being a bit warped (I imagine this is because of shippinghandling. This chair comes assembled and in minimal packaging). I was able to get it back in shape however. Great Wassily dupe. Would recommend.,2024-02-21,Aaisha Faux Leather Armchair_100条.xlsx,Sheet1,123693277,艺术感/收藏感; 物流包装; 安装体验; 情绪价值,4,正向,艺术感/收藏感: wassily | 物流包装: packaging | 安装体验: assembled | 情绪价值: recommend
Unknown,Aaisha Faux Leather Armchair,5.0,,Beautiful and perfect. Came pre assembled too....,Beautiful and perfect. Came pre assembled too....,2024-01-12,Aaisha Faux Leather Armchair_100条.xlsx,Sheet1,121448700,外观审美; 安装体验; 情绪价值,3,正向,外观审美: beautiful | 安装体验: assembled | 情绪价值: perfect
Unknown,Aaisha Faux Leather Armchair,5.0,,We love this chair so much ! Love the way it looks in our living room,We love this chair so much ! Love the way it looks in our living room,2023-08-25,Aaisha Faux Leather Armchair_100条.xlsx,Sheet1,113976743,外观审美; 尺寸与空间适配; 情绪价值,3,正向,外观审美: looks | 尺寸与空间适配: room | 情绪价值: love
Unknown,Aaisha Faux Leather Armchair,5.0,,Modern looking and very sturdy. Seat is very firm so I use a thin cushion to add some padding. Otherwise am happy with it,Modern looking and very sturdy. Seat is very firm so I use a thin cushion to add some padding. Otherwise am happy with it,2023-08-06,Aaisha Faux Leather Armchair_100条.xlsx,Sheet1,112865995,外观审美; 做工质量; 舒适度/实用性; 情绪价值,4,正向,"外观审美: modern | 做工质量: sturdy | 舒适度/实用性: seat, firm, use | 情绪价值: happy"
Unknown,Aaisha Faux Leather Armchair,5.0,,Beautiful chairs. I appreciate the design history these chairs represent. These are excellent replicas of the Knoll original. Excellent quality for the price.,Beautiful chairs. I appreciate the design history these chairs represent. These are excellent replicas of the Knoll original. Excellent quality for the price.,2023-08-05,Aaisha Faux Leather Armchair_100条.xlsx,Sheet1,112822800,外观审美; 做工质量; 价格价值感,3,正向,"外观审美: beautiful, design | 做工质量: quality | 价格价值感: price"
Unknown,Aaisha Faux Leather Armchair,5.0,,This is absolutely gorgeous!! I saw this in an the home of someone online. I loved what I saw and purchased it! I’m thinking of buying another one.,This is absolutely gorgeous!! I saw this in an the home of someone online. I loved what I saw and purchased it! I’m thinking of buying another one.,2023-07-22,Aaisha Faux Leather Armchair_100条.xlsx,Sheet1,112109520,外观审美,1,正向,外观审美: gorgeous
Unknown,Aaisha Faux Leather Armchair,5.0,,Very comfortable brightens the room,Very comfortable brightens the room,2023-07-17,Aaisha Faux Leather Armchair_100条.xlsx,Sheet1,111809267,尺寸与空间适配; 舒适度/实用性,2,正向,尺寸与空间适配: room | 舒适度/实用性: comfortable
Unknown,Aaisha Faux Leather Armchair,1.0,,"Might want to beware. While the product is fully assembled, mine was delivered in a box that was in horrible condition---and the chair was only wrapped in a single piece of plastic film. Others mentioned how well they were packed--I'll assume mine was a previous return or some leftover. As well, after only having it in the living room for a week---the 'stainless steel' is already flaking off. Extremely disappointing since there is basically no way to return or exchange.","Might want to beware. While the product is fully assembled, mine was delivered in a box that was in horrible condition---and the chair was only wrapped in a single piece of plastic film. Others mentioned how well they were packed--I'll assume mine was a previous return or some leftover. As well, after only having it in the living room for a week---the 'stainless steel' is already flaking off. Extremely disappointing since there is basically no way to return or exchange.",2023-05-14,Aaisha Faux Leather Armchair_100条.xlsx,Sheet1,108755639,材质质感; 尺寸与空间适配; 物流包装; 安装体验,4,负向,"材质质感: plastic | 尺寸与空间适配: room | 物流包装: box, delivered | 安装体验: assembled"
Unknown,Aaisha Faux Leather Armchair,5.0,,"Saw this chair (or a version of it) all over TikTok and fell in love. It arrived quickly and fully assembled. It's so much more comfortable than you would think, and with a pillow behind your back to help you sit up a bit, it serves as an extra chair for the dining table.","Saw this chair (or a version of it) all over TikTok and fell in love. It arrived quickly and fully assembled. It's so much more comfortable than you would think, and with a pillow behind your back to help you sit up a bit, it serves as an extra chair for the dining table.",2022-11-18,Aaisha Faux Leather Armchair_100条.xlsx,Sheet1,101336803,舒适度/实用性; 物流包装; 安装体验; 情绪价值,4,正向,"舒适度/实用性: comfortable, sit | 物流包装: arrived | 安装体验: assembled | 情绪价值: love"
Unknown,Aaisha Faux Leather Armchair,5.0,,"Such an amazing, comfy chair! So perfect!","Such an amazing, comfy chair! So perfect!",2022-10-30,Aaisha Faux Leather Armchair_100条.xlsx,Sheet1,100322796,舒适度/实用性; 情绪价值,2,正向,"舒适度/实用性: comfy | 情绪价值: amazing, perfect"
Unknown,Aaisha Faux Leather Armchair,5.0,,chair came fully assembled and is well crafted. Hardly could tell the difference to the actual wassily chair.,chair came fully assembled and is well crafted. Hardly could tell the difference to the actual wassily chair.,2022-08-17,Aaisha Faux Leather Armchair_100条.xlsx,Sheet1,97613462,艺术感/收藏感; 安装体验; 照片与实物差异,3,正向,艺术感/收藏感: wassily | 安装体验: assembled | 照片与实物差异: actual
Unknown,Aaisha Faux Leather Armchair,1.0,,"I was excited about the design, but then saw the left side leg is bent inward - throwing off the beauty of the design and literally making it not sit evenly on my floor.","I was excited about the design, but then saw the left side leg is bent inward - throwing off the beauty of the design and literally making it not sit evenly on my floor.",2022-07-25,Aaisha Faux Leather Armchair_100条.xlsx,Sheet1,96645366,外观审美; 舒适度/实用性; 情绪价值,3,负向,外观审美: design | 舒适度/实用性: sit | 情绪价值: excited
Unknown,Aaisha Faux Leather Armchair,4.0,,"The chair is pretty well done, the details are impeccable. It really is a fancy and chic piece. I just didn’t give a 5 stars because it could be a lit","The chair is pretty well done, the details are impeccable. It really is a fancy and chic piece. I just didn’t give a 5 stars because it could be a lit",2022-01-16,Aaisha Faux Leather Armchair_100条.xlsx,Sheet1,88775652,外观审美,1,正向,外观审美: pretty
Unknown,Aaisha Faux Leather Armchair,5.0,,Beautiful!! Looks great on my living room wall.,Beautiful!! Looks great on my living room wall.,2021-03-31,Aaisha Faux Leather Armchair_100条.xlsx,Sheet1,69405621,外观审美; 尺寸与空间适配,2,正向,"外观审美: beautiful, looks | 尺寸与空间适配: room"
Unknown,Aaisha Faux Leather Armchair,5.0,,"Although nowhere near the original, for the price it is a decent product. Looks very nice.","Although nowhere near the original, for the price it is a decent product. Looks very nice.",2020-07-18,Aaisha Faux Leather Armchair_100条.xlsx,Sheet1,55732832,外观审美; 价格价值感,2,正向,外观审美: looks | 价格价值感: price
Unknown,Aaisha Faux Leather Armchair,5.0,,Love this chair! The stitching looks amazing over the dart leather and it gives my living room an elegant touch. I am considering getting a second one!,Love this chair! The stitching looks amazing over the dart leather and it gives my living room an elegant touch. I am considering getting a second one!,2020-06-29,Aaisha Faux Leather Armchair_100条.xlsx,Sheet1,54347239,外观审美; 材质质感; 尺寸与空间适配; 情绪价值,4,正向,"外观审美: looks | 材质质感: leather | 尺寸与空间适配: room | 情绪价值: love, amazing"
Unknown,Aaisha Faux Leather Armchair,5.0,,Love this chair. Comfortable and most importantly looks more expensive than it actually costs.,Love this chair. Comfortable and most importantly looks more expensive than it actually costs.,2020-06-15,Aaisha Faux Leather Armchair_100条.xlsx,Sheet1,53254533,外观审美; 舒适度/实用性; 价格价值感; 情绪价值,4,正向,外观审美: looks | 舒适度/实用性: comfortable | 价格价值感: expensive | 情绪价值: love
Unknown,Aaisha Faux Leather Armchair,5.0,,"Great chair aesthetically, a little rigged and the stitching is a cream color so it contrasts with the black . super easy to color black with a fabric marker . also take into consideration if you’re a bigger person sigh wide legs not much room side to side .","Great chair aesthetically, a little rigged and the stitching is a cream color so it contrasts with the black . super easy to color black with a fabric marker . also take into consideration if you’re a bigger person sigh wide legs not much room side to side .",2020-06-06,Aaisha Faux Leather Armchair_100条.xlsx,Sheet1,52625413,外观审美; 材质质感; 尺寸与空间适配,3,正向,"外观审美: color | 材质质感: fabric | 尺寸与空间适配: wide, room, little, bigger"
Unknown,Aaisha Faux Leather Armchair,5.0,,SO BEAUTIFUL! Seriously love this chair. Its more for style then comfort but perfect office chair.,SO BEAUTIFUL! Seriously love this chair. Its more for style then comfort but perfect office chair.,2020-06-04,Aaisha Faux Leather Armchair_100条.xlsx,Sheet1,52496003,外观审美; 舒适度/实用性; 情绪价值,3,正向,"外观审美: beautiful | 舒适度/实用性: comfort | 情绪价值: love, perfect"
Unknown,Aaisha Faux Leather Armchair,5.0,,So stylish and very comfortable,So stylish and very comfortable,2020-06-02,Aaisha Faux Leather Armchair_100条.xlsx,Sheet1,52314869,外观审美; 舒适度/实用性,2,正向,外观审美: stylish | 舒适度/实用性: comfortable
Unknown,Aaisha Faux Leather Armchair,5.0,,These chairs are just perfect. The size. The quality. The craftsmanship!!!!! I love them so much I’m keeping them and ordering another two for the loft I originally ordered these for.,These chairs are just perfect. The size. The quality. The craftsmanship!!!!! I love them so much I’m keeping them and ordering another two for the loft I originally ordered these for.,2020-02-11,Aaisha Faux Leather Armchair_100条.xlsx,Sheet1,45272937,做工质量; 尺寸与空间适配; 情绪价值,3,正向,"做工质量: quality, craftsmanship | 尺寸与空间适配: size | 情绪价值: love, perfect"
Unknown,Aaisha Faux Leather Armchair,5.0,,Gift for a friend- she loved it. Comfortable and really spiced up the living room,Gift for a friend- she loved it. Comfortable and really spiced up the living room,2019-12-29,Aaisha Faux Leather Armchair_100条.xlsx,Sheet1,43696780,尺寸与空间适配; 舒适度/实用性,2,正向,尺寸与空间适配: room | 舒适度/实用性: comfortable
Unknown,Aaisha Faux Leather Armchair,5.0,,"Great chair, well made and preassembled!","Great chair, well made and preassembled!",2019-09-04,Aaisha Faux Leather Armchair_100条.xlsx,Sheet1,38393554,做工质量,1,正向,做工质量: well made
Unknown,Aaisha Faux Leather Armchair,5.0,,"I love, love, love these chairs! The comfort works for me, but the best thing is that they give the illusion of not taking up space, just what I needed.","I love, love, love these chairs! The comfort works for me, but the best thing is that they give the illusion of not taking up space, just what I needed.",2018-10-19,Aaisha Faux Leather Armchair_100条.xlsx,Sheet1,24877528,尺寸与空间适配; 舒适度/实用性; 情绪价值,3,正向,尺寸与空间适配: space | 舒适度/实用性: comfort | 情绪价值: love
Unknown,Aaisha Faux Leather Armchair,5.0,,Amazing chair! It comes assembled!,Amazing chair! It comes assembled!,2018-08-12,Aaisha Faux Leather Armchair_100条.xlsx,Sheet1,23035771,安装体验; 情绪价值,2,正向,安装体验: assembled | 情绪价值: amazing
Unknown,Aaisha Faux Leather Armchair,2.0,,White is actually ivory... so returning the items!,White is actually ivory... so returning the items!,2018-06-08,Aaisha Faux Leather Armchair_100条.xlsx,Sheet1,21443787,未归类,1,负向,
Unknown,Aaisha Faux Leather Armchair,5.0,,BEAUTIFUL! Stylish and comfort!!!! Great chairs!!,BEAUTIFUL! Stylish and comfort!!!! Great chairs!!,2018-05-01,Aaisha Faux Leather Armchair_100条.xlsx,Sheet1,19868250,外观审美; 舒适度/实用性,2,正向,"外观审美: beautiful, stylish | 舒适度/实用性: comfort"
Unknown,Aaisha Faux Leather Armchair,1.0,,The chair arrived poorly packaged. No padding or foam whatsoever. Absolutely scuffed and destroyed. Not sure this was UPS's doing or the manufacturere's poor packing.,The chair arrived poorly packaged. No padding or foam whatsoever. Absolutely scuffed and destroyed. Not sure this was UPS's doing or the manufacturere's poor packing.,2018-04-23,Aaisha Faux Leather Armchair_100条.xlsx,Sheet1,19592330,物流包装,1,负向,"物流包装: arrived, packaged"
Unknown,Aaisha Faux Leather Armchair,5.0,,"great looking repro of the classic chair. Love these, and the bonded leather is a gorgeous nude color that is really neutral but sexy!","great looking repro of the classic chair. Love these, and the bonded leather is a gorgeous nude color that is really neutral but sexy!",2018-02-08,Aaisha Faux Leather Armchair_100条.xlsx,Sheet1,17732981,外观审美; 艺术感/收藏感; 材质质感; 情绪价值,4,正向,"外观审美: gorgeous, color | 艺术感/收藏感: classic | 材质质感: leather | 情绪价值: love"
Unknown,Aaisha Faux Leather Armchair,5.0,,perfect chair. Looks awesome in my office.,perfect chair. Looks awesome in my office.,2018-01-10,Aaisha Faux Leather Armchair_100条.xlsx,Sheet1,16924501,外观审美; 情绪价值,2,正向,外观审美: looks | 情绪价值: perfect
Unknown,Aaisha Faux Leather Armchair,5.0,,Absolutely love these chairs. They look very expensive and everyone wants to know where I got them.,Absolutely love these chairs. They look very expensive and everyone wants to know where I got them.,2017-10-25,Aaisha Faux Leather Armchair_100条.xlsx,Sheet1,15042396,外观审美; 价格价值感; 情绪价值,3,正向,外观审美: look | 价格价值感: expensive | 情绪价值: love
Unknown,Aaisha Faux Leather Armchair,5.0,,nice chairs. looks just like originals except for 1/10 of the price. very happy with purchase.,nice chairs. looks just like originals except for 1/10 of the price. very happy with purchase.,2017-09-05,Aaisha Faux Leather Armchair_100条.xlsx,Sheet1,13982251,外观审美; 价格价值感; 情绪价值,3,正向,"外观审美: looks | 价格价值感: price, purchase | 情绪价值: happy"
Unknown,Aaisha Faux Leather Armchair,4.0,,Excellent - fulfilled my expextations,Excellent - fulfilled my expextations,2017-07-31,Aaisha Faux Leather Armchair_100条.xlsx,Sheet1,13193677,照片与实物差异,1,正向,照片与实物差异: expextations
Unknown,Aaisha Faux Leather Armchair,3.0,,The chair is beautiful unfortunately there is a plastic piece in the front where there should be silver. I do love the chair and I will be ordering another. Fingers crossed that it doesn't ship with this flaw.,The chair is beautiful unfortunately there is a plastic piece in the front where there should be silver. I do love the chair and I will be ordering another. Fingers crossed that it doesn't ship with this flaw.,2017-04-16,Aaisha Faux Leather Armchair_100条.xlsx,Sheet1,11331600,外观审美; 材质质感; 情绪价值,3,正向,外观审美: beautiful | 材质质感: plastic | 情绪价值: love
Unknown,Aaisha Faux Leather Armchair,5.0,,"Looks great, comfortable, and sturdy!","Looks great, comfortable, and sturdy!",2020-10-21,Aaisha Faux Leather Armchair_100条.xlsx,Sheet1,60939224,外观审美; 做工质量; 舒适度/实用性,3,正向,外观审美: looks | 做工质量: sturdy | 舒适度/实用性: comfortable
Unknown,Aaisha Faux Leather Armchair,5.0,,"Great quality, I can not believe how well made and how rich and sophisticated these chairs look, my only regret is not buying only two...","Great quality, I can not believe how well made and how rich and sophisticated these chairs look, my only regret is not buying only two...",2019-02-12,Aaisha Faux Leather Armchair_100条.xlsx,Sheet1,28987300,外观审美; 做工质量,2,正向,"外观审美: look | 做工质量: quality, well made"
Unknown,Aaisha Faux Leather Armchair,5.0,,Love it. Looks and sits like the real thing.,Love it. Looks and sits like the real thing.,2017-12-20,Aaisha Faux Leather Armchair_100条.xlsx,Sheet1,16433653,外观审美; 情绪价值,2,正向,外观审美: looks | 情绪价值: love
Unknown,Aaisha Faux Leather Armchair,5.0,,Amazing look and quality My client love the chair and very comfortable,Amazing look and quality My client love the chair and very comfortable,2024-01-08,Aaisha Faux Leather Armchair_100条.xlsx,Sheet1,121248218,外观审美; 做工质量; 舒适度/实用性; 情绪价值,4,正向,"外观审美: look | 做工质量: quality | 舒适度/实用性: comfortable | 情绪价值: love, amazing"
Unknown,Aaisha Faux Leather Armchair,5.0,,It is exactly what I expected based on the pictures! The neutral tan color blends in well. The stitching also seems sturdy and matches the color of the chair.,It is exactly what I expected based on the pictures! The neutral tan color blends in well. The stitching also seems sturdy and matches the color of the chair.,2023-04-30,Aaisha Faux Leather Armchair_100条.xlsx,Sheet1,107864904,外观审美; 做工质量; 照片与实物差异,3,正向,"外观审美: color | 做工质量: sturdy | 照片与实物差异: expected, what i expected"
Unknown,Aaisha Faux Leather Armchair,5.0,,This chair looks amazing and quality is surprisingly great. It came in the box already assembled.,This chair looks amazing and quality is surprisingly great. It came in the box already assembled.,2023-01-15,Aaisha Faux Leather Armchair_100条.xlsx,Sheet1,103581789,外观审美; 做工质量; 物流包装; 安装体验; 情绪价值,5,正向,外观审美: looks | 做工质量: quality | 物流包装: box | 安装体验: assembled | 情绪价值: amazing
Unknown,Aaisha Faux Leather Armchair,2.0,,"It was not the same item, it had brown stitching on them and the chrome has","It was not the same item, it had brown stitching on them and the chrome has",2024-03-12,Aaisha Faux Leather Armchair_100条.xlsx,Sheet1,124547779,未归类,1,负向,
Unknown,Aaisha Faux Leather Armchair,5.0,,Great chair and comfortable. Very close to the original Wassily. The only thing that sucks is the contrast stitching. I saw a previous comment in here about someone going in with a pigment liner brush to change the colour of the stitching to make it closer to the original... so I've gone and done that and I'm pretty happy. Just requires a bit of elbow grease if you care about stuff like that.,Great chair and comfortable. Very close to the original Wassily. The only thing that sucks is the contrast stitching. I saw a previous comment in here about someone going in with a pigment liner brush to change the colour of the stitching to make it closer to the original... so I've gone and done that and I'm pretty happy. Just requires a bit of elbow grease if you care about stuff like that.,2022-12-06,Aaisha Faux Leather Armchair_100条.xlsx,Sheet1,102097637,外观审美; 艺术感/收藏感; 舒适度/实用性; 情绪价值,4,正向,外观审美: pretty | 艺术感/收藏感: wassily | 舒适度/实用性: comfortable | 情绪价值: happy
Unknown,Aaisha Faux Leather Armchair,5.0,,"The chair exceeded my expectations, and the delivery man was so polite and amazing I'm very pleased","The chair exceeded my expectations, and the delivery man was so polite and amazing I'm very pleased",2022-10-09,Aaisha Faux Leather Armchair_100条.xlsx,Sheet1,99423587,物流包装; 情绪价值; 照片与实物差异,3,正向,物流包装: delivery | 情绪价值: amazing | 照片与实物差异: exceeded my expectations
Unknown,Aaisha Faux Leather Armchair,2.0,,Beautiful piece but the leg came bent.,Beautiful piece but the leg came bent.,2022-09-30,Aaisha Faux Leather Armchair_100条.xlsx,Sheet1,99129133,外观审美,1,负向,外观审美: beautiful
Unknown,Aaisha Faux Leather Armchair,4.0,,"It is a lovely statement piece but I have an original one. At first sight you would not be able to see a difference. The only reason that I gave it 4 stars was because I really hate the beige stitching on black ! But because it is a very good looking copy , I decided to keep it and I have painstakingly thread by thread used a pigment liner brush to colour them black. Now I love it.","It is a lovely statement piece but I have an original one. At first sight you would not be able to see a difference. The only reason that I gave it 4 stars was because I really hate the beige stitching on black ! But because it is a very good looking copy , I decided to keep it and I have painstakingly thread by thread used a pigment liner brush to colour them black. Now I love it.",2022-05-08,Aaisha Faux Leather Armchair_100条.xlsx,Sheet1,93916723,艺术感/收藏感; 情绪价值,2,正向,"艺术感/收藏感: statement, statement piece | 情绪价值: love"
Unknown,Aaisha Faux Leather Armchair,5.0,,"Love it, great knock off wassily chair. I wish the stitching was black to match the faux leather (it’s tan), but doesn’t take away from the overall beauty of the chair. Fast shipping and came fully assembled!","Love it, great knock off wassily chair. I wish the stitching was black to match the faux leather (it’s tan), but doesn’t take away from the overall beauty of the chair. Fast shipping and came fully assembled!",2021-05-02,Aaisha Faux Leather Armchair_100条.xlsx,Sheet1,71023265,艺术感/收藏感; 材质质感; 物流包装; 安装体验; 情绪价值,5,正向,"艺术感/收藏感: wassily | 材质质感: leather, faux | 物流包装: shipping, fast shipping | 安装体验: assembled | 情绪价值: love"
Unknown,Aaisha Faux Leather Armchair,5.0,,"Bought two of these in black. Beautiful low profile, perfect condition. Shipped assembled. Looks beautiful in my new great room. Strongly recommend.","Bought two of these in black. Beautiful low profile, perfect condition. Shipped assembled. Looks beautiful in my new great room. Strongly recommend.",2020-10-03,Aaisha Faux Leather Armchair_100条.xlsx,Sheet1,60007543,外观审美; 尺寸与空间适配; 安装体验; 情绪价值,4,正向,"外观审美: beautiful, looks | 尺寸与空间适配: room | 安装体验: assembled | 情绪价值: perfect, recommend"
Unknown,Aaisha Faux Leather Armchair,5.0,,Love the. Chair. It came in assembled and perfect. Love love them. Great price. And they are comfortable!!!,Love the. Chair. It came in assembled and perfect. Love love them. Great price. And they are comfortable!!!,2020-04-01,Aaisha Faux Leather Armchair_100条.xlsx,Sheet1,47974712,舒适度/实用性; 安装体验; 价格价值感; 情绪价值,4,正向,"舒适度/实用性: comfortable | 安装体验: assembled | 价格价值感: price | 情绪价值: love, perfect"
Unknown,Aaisha Faux Leather Armchair,5.0,,"These are stunning. My tush has relaxed in the ""real deal"" chairs from which the design of this chair was reproduced, and there are no appreciable differences, except, of course, the price. The packaging was excellent, the delivery was swift, and the customers are thrilled. We got the black ones, elegant.","These are stunning. My tush has relaxed in the ""real deal"" chairs from which the design of this chair was reproduced, and there are no appreciable differences, except, of course, the price. The packaging was excellent, the delivery was swift, and the customers are thrilled. We got the black ones, elegant.",2019-10-18,Aaisha Faux Leather Armchair_100条.xlsx,Sheet1,39733980,外观审美; 物流包装; 价格价值感; 情绪价值,4,正向,"外观审美: design | 物流包装: delivery, packaging | 价格价值感: price, deal | 情绪价值: stunning"
Unknown,Aaisha Faux Leather Armchair,5.0,,Fits beautifully in my modern living room. Like a piece of art that's comfortable to use.,Fits beautifully in my modern living room. Like a piece of art that's comfortable to use.,2019-09-17,Aaisha Faux Leather Armchair_100条.xlsx,Sheet1,38812983,外观审美; 艺术感/收藏感; 尺寸与空间适配; 舒适度/实用性,4,正向,"外观审美: modern | 艺术感/收藏感: art | 尺寸与空间适配: room, fits | 舒适度/实用性: comfortable, use"
Unknown,Aaisha Faux Leather Armchair,5.0,,Very well made and it looks nicer than the one at Knoll which costs $2500 more.,Very well made and it looks nicer than the one at Knoll which costs $2500 more.,2019-08-08,Aaisha Faux Leather Armchair_100条.xlsx,Sheet1,37261259,外观审美; 做工质量,2,正向,外观审美: looks | 做工质量: well made
Unknown,Aaisha Faux Leather Armchair,4.0,,I ordered these chairs in white and really like them. They are a great quality for the money and super comfortable. I highly recommend,I ordered these chairs in white and really like them. They are a great quality for the money and super comfortable. I highly recommend,2018-06-09,Aaisha Faux Leather Armchair_100条.xlsx,Sheet1,21448687,做工质量; 舒适度/实用性; 价格价值感; 情绪价值,4,正向,做工质量: quality | 舒适度/实用性: comfortable | 价格价值感: for the money | 情绪价值: recommend
Unknown,Aaisha Faux Leather Armchair,5.0,,Design at an affordable price!,Design at an affordable price!,2018-06-02,Aaisha Faux Leather Armchair_100条.xlsx,Sheet1,21194788,外观审美; 价格价值感,2,正向,外观审美: design | 价格价值感: price
Unknown,Aaisha Faux Leather Armchair,5.0,,"I choose the white leather chair, looks really sharp. I was surprised as to how much sturdier it really is than the impression one gets from the picture. Very solid, the leather looks good and it was a bonus that it came all set up ready to unpack and sit on. It was a challenge to drag it up the elevator and into my suite, however, well worth it.","I choose the white leather chair, looks really sharp. I was surprised as to how much sturdier it really is than the impression one gets from the picture. Very solid, the leather looks good and it was a bonus that it came all set up ready to unpack and sit on. It was a challenge to drag it up the elevator and into my suite, however, well worth it.",2018-05-12,Aaisha Faux Leather Armchair_100条.xlsx,Sheet1,20619006,外观审美; 材质质感; 做工质量; 舒适度/实用性; 价格价值感; 照片与实物差异,6,正向,"外观审美: looks | 材质质感: leather | 做工质量: solid | 舒适度/实用性: sit | 价格价值感: worth, well worth | 照片与实物差异: picture"
Unknown,Aaisha Faux Leather Armchair,5.0,,This chair is very high quality. The price is unbelievable. This one was a steal.,This chair is very high quality. The price is unbelievable. This one was a steal.,2018-05-02,Aaisha Faux Leather Armchair_100条.xlsx,Sheet1,19906151,做工质量; 价格价值感,2,正向,做工质量: quality | 价格价值感: price
Unknown,Aaisha Faux Leather Armchair,5.0,,"What is not to love about the design of this chair? The structure is well made and the ""bonded leather"" is tight and fits well on the chair. I have seen this chair built poorly and when you sit there is 0 support. In this chair when you are seated you feel great. Good support and very comfortable. This is a yes.","What is not to love about the design of this chair? The structure is well made and the ""bonded leather"" is tight and fits well on the chair. I have seen this chair built poorly and when you sit there is 0 support. In this chair when you are seated you feel great. Good support and very comfortable. This is a yes.",2018-05-02,Aaisha Faux Leather Armchair_100条.xlsx,Sheet1,19880163,外观审美; 材质质感; 做工质量; 尺寸与空间适配; 舒适度/实用性; 情绪价值,6,正向,"外观审美: design | 材质质感: leather | 做工质量: well made | 尺寸与空间适配: fits | 舒适度/实用性: comfortable, sit | 情绪价值: love"
Unknown,Aaisha Faux Leather Armchair,5.0,,Very stylish side chair. Relatively close replica of famous mid-century modern chair. Comfortable and high quality.,Very stylish side chair. Relatively close replica of famous mid-century modern chair. Comfortable and high quality.,2018-01-14,Aaisha Faux Leather Armchair_100条.xlsx,Sheet1,17036700,外观审美; 艺术感/收藏感; 做工质量; 舒适度/实用性,4,正向,"外观审美: stylish, modern | 艺术感/收藏感: replica | 做工质量: quality | 舒适度/实用性: comfortable"
Unknown,Aaisha Faux Leather Armchair,5.0,,Amazing armchair and high quality. A fantastic purchase!,Amazing armchair and high quality. A fantastic purchase!,2017-11-15,Aaisha Faux Leather Armchair_100条.xlsx,Sheet1,15506035,做工质量; 价格价值感; 情绪价值,3,正向,做工质量: quality | 价格价值感: purchase | 情绪价值: amazing
Unknown,Aaisha Faux Leather Armchair,5.0,,Great price on a unique statement chair. Filled the corner of our room perfectly with a nice print behind it.,Great price on a unique statement chair. Filled the corner of our room perfectly with a nice print behind it.,2017-11-08,Aaisha Faux Leather Armchair_100条.xlsx,Sheet1,15356698,艺术感/收藏感; 尺寸与空间适配; 价格价值感,3,正向,"艺术感/收藏感: statement, unique | 尺寸与空间适配: room | 价格价值感: price"
Unknown,Aaisha Faux Leather Armchair,5.0,,Wowowow Best chair for the money and very comfy,Wowowow Best chair for the money and very comfy,2017-10-11,Aaisha Faux Leather Armchair_100条.xlsx,Sheet1,14764810,舒适度/实用性; 价格价值感,2,正向,舒适度/实用性: comfy | 价格价值感: for the money
Unknown,Aaisha Faux Leather Armchair,5.0,,I get tons of compliments! & much more comfortable than it looks!,I get tons of compliments! & much more comfortable than it looks!,2017-09-20,Aaisha Faux Leather Armchair_100条.xlsx,Sheet1,14295403,外观审美; 舒适度/实用性,2,正向,外观审美: looks | 舒适度/实用性: comfortable
Unknown,Aaisha Faux Leather Armchair,4.0,,"Love this chair BUT we ordered 2 and one of them came totally bent. It was impossible to use. Completely wobbly , no one could sit on it. We thought it might have been bent up through the shipment but then noticed it was curved in the wrong ways and screwed together that way - so it was manufacturers' fault. However, upon contact with them, they are now kindly shipping a replacement for us.","Love this chair BUT we ordered 2 and one of them came totally bent. It was impossible to use. Completely wobbly , no one could sit on it. We thought it might have been bent up through the shipment but then noticed it was curved in the wrong ways and screwed together that way - so it was manufacturers' fault. However, upon contact with them, they are now kindly shipping a replacement for us.",2017-09-01,Aaisha Faux Leather Armchair_100条.xlsx,Sheet1,13905352,做工质量; 舒适度/实用性; 物流包装; 情绪价值,4,正向,"做工质量: wobbly | 舒适度/实用性: sit, use | 物流包装: shipping, replacement | 情绪价值: love"
Unknown,Aaisha Faux Leather Armchair,5.0,,"Absolutely love it. Opened the box pulled it out and Voila! ready to sit. Sturdy and well made. Looks great in my office. If you love ultra mid-century modern, this chair is for you. It's a replica of the original costing mega bucks.","Absolutely love it. Opened the box pulled it out and Voila! ready to sit. Sturdy and well made. Looks great in my office. If you love ultra mid-century modern, this chair is for you. It's a replica of the original costing mega bucks.",2017-06-28,Aaisha Faux Leather Armchair_100条.xlsx,Sheet1,12689672,外观审美; 艺术感/收藏感; 做工质量; 舒适度/实用性; 物流包装; 情绪价值,6,正向,"外观审美: looks, modern | 艺术感/收藏感: replica | 做工质量: sturdy, well made | 舒适度/实用性: sit | 物流包装: box | 情绪价值: love"
Unknown,Aaisha Faux Leather Armchair,5.0,,Great piece for the price. Would never know it wasn't authentic. Very wide. Make sure you have plenty of space as it doesn't work well cornered near a wall.,Great piece for the price. Would never know it wasn't authentic. Very wide. Make sure you have plenty of space as it doesn't work well cornered near a wall.,2017-04-25,Aaisha Faux Leather Armchair_100条.xlsx,Sheet1,11527547,艺术感/收藏感; 尺寸与空间适配; 价格价值感,3,正向,"艺术感/收藏感: authentic | 尺寸与空间适配: wide, space | 价格价值感: price"
Unknown,Aaisha Faux Leather Armchair,5.0,,Beautiful! High quality. Comfortable. Already had compliments.,Beautiful! High quality. Comfortable. Already had compliments.,2017-04-22,Aaisha Faux Leather Armchair_100条.xlsx,Sheet1,11444772,外观审美; 做工质量; 舒适度/实用性,3,正向,外观审美: beautiful | 做工质量: quality | 舒适度/实用性: comfortable
Unknown,Aaisha Faux Leather Armchair,2.0,,"Came very poorly packaged basically just the chair sitting inside a cardboard box and therefore the chair came bent, and I had to return it. In fact, I felt so bad for the chair. I added my own additional bubble wrap when sending it back.","Came very poorly packaged basically just the chair sitting inside a cardboard box and therefore the chair came bent, and I had to return it. In fact, I felt so bad for the chair. I added my own additional bubble wrap when sending it back.",2025-04-28,Aaisha Faux Leather Armchair_100条.xlsx,Sheet1,148170159,物流包装,1,负向,"物流包装: packaged, box"
Unknown,Aaisha Faux Leather Armchair,5.0,,"the perfect alternative if you can't find a vintage wassily. feels very strudy, looks amazing.","the perfect alternative if you can't find a vintage wassily. feels very strudy, looks amazing.",2023-09-22,Aaisha Faux Leather Armchair_100条.xlsx,Sheet1,115471605,外观审美; 艺术感/收藏感; 情绪价值,3,正向,"外观审美: looks | 艺术感/收藏感: wassily | 情绪价值: amazing, perfect"
Unknown,Aaisha Faux Leather Armchair,5.0,,Fabulous stunning looking iconic chair at a great price! I bought it in white.,Fabulous stunning looking iconic chair at a great price! I bought it in white.,2022-12-17,Aaisha Faux Leather Armchair_100条.xlsx,Sheet1,102636625,艺术感/收藏感; 价格价值感; 情绪价值,3,正向,艺术感/收藏感: iconic | 价格价值感: price | 情绪价值: stunning
Unknown,Aaisha Faux Leather Armchair,5.0,,"I love this chair. I ordered two, and one had a bent leg (looked like something heavy had bent it during shipping). I’m hoping it’s easy to replace because the other chair is perfect!","I love this chair. I ordered two, and one had a bent leg (looked like something heavy had bent it during shipping). I’m hoping it’s easy to replace because the other chair is perfect!",2022-09-05,Aaisha Faux Leather Armchair_100条.xlsx,Sheet1,98258381,做工质量; 物流包装; 情绪价值,3,正向,"做工质量: heavy | 物流包装: shipping | 情绪价值: love, perfect"
Unknown,Aaisha Faux Leather Armchair,5.0,,Excellent quality and materials.,Excellent quality and materials.,2020-04-09,Aaisha Faux Leather Armchair_100条.xlsx,Sheet1,48311274,做工质量,1,正向,做工质量: quality
Unknown,Aaisha Faux Leather Armchair,4.0,,"They look great. We have a mid century modern home and they fit perfectly! They are a different but great style and are very comfortable. They come fully assembled. You just need to pull them out of the box. I only rate them a 4 stars, because the mock leather may not be that durable. But they seem to be sturdy and well made chairs.","They look great. We have a mid century modern home and they fit perfectly! They are a different but great style and are very comfortable. They come fully assembled. You just need to pull them out of the box. I only rate them a 4 stars, because the mock leather may not be that durable. But they seem to be sturdy and well made chairs.",2017-02-13,Aaisha Faux Leather Armchair_100条.xlsx,Sheet1,10011663,外观审美; 艺术感/收藏感; 材质质感; 做工质量; 尺寸与空间适配; 舒适度/实用性; 物流包装; 安装体验; 照片与实物差异,9,正向,"外观审美: look, modern | 艺术感/收藏感: mid century | 材质质感: leather | 做工质量: sturdy, well made, durable | 尺寸与空间适配: fit | 舒适度/实用性: comfortable | 物流包装: box | 安装体验: assembled | 照片与实物差异: different"
Unknown,Aaisha Faux Leather Armchair,5.0,,This is the second CHAIR of this collection. LOVE LOVE LOVE,This is the second CHAIR of this collection. LOVE LOVE LOVE,2017-01-19,Aaisha Faux Leather Armchair_100条.xlsx,Sheet1,9339230,情绪价值,1,正向,情绪价值: love
Unknown,Aaisha Faux Leather Armchair,5.0,,"I got the white chair.. I love it, as a bonus, no only does it look great, it is very comfortable with a band that is right at the lower back...","I got the white chair.. I love it, as a bonus, no only does it look great, it is very comfortable with a band that is right at the lower back...",2016-08-05,Aaisha Faux Leather Armchair_100条.xlsx,Sheet1,6820122,外观审美; 舒适度/实用性; 情绪价值,3,正向,外观审美: look | 舒适度/实用性: comfortable | 情绪价值: love
Unknown,Aaisha Faux Leather Armchair,5.0,,Super chair. Well made and comfortable. Bought one for twice as much a while back. This one just as good. I got tan this time. Color great.,Super chair. Well made and comfortable. Bought one for twice as much a while back. This one just as good. I got tan this time. Color great.,2019-06-05,Aaisha Faux Leather Armchair_100条.xlsx,Sheet1,32862692,外观审美; 做工质量; 舒适度/实用性,3,正向,外观审美: color | 做工质量: well made | 舒适度/实用性: comfortable
Unknown,Aaisha Faux Leather Armchair,5.0,,Absolutely beautiful. Everything is awesome about this chair !,Absolutely beautiful. Everything is awesome about this chair !,2022-11-01,Aaisha Faux Leather Armchair_100条.xlsx,Sheet1,100446299,外观审美,1,正向,外观审美: beautiful
Unknown,Aaisha Faux Leather Armchair,5.0,,The chairs are a beautiful addition to my home. They are solid and high quality construction.,The chairs are a beautiful addition to my home. They are solid and high quality construction.,2021-09-15,Aaisha Faux Leather Armchair_100条.xlsx,Sheet1,84244875,外观审美; 做工质量,2,正向,"外观审美: beautiful | 做工质量: quality, solid"
Unknown,Aaisha Faux Leather Armchair,5.0,,"Impecable quality of the leather and wood, extremely comfortable, and the perfect size for an apartment!","Impecable quality of the leather and wood, extremely comfortable, and the perfect size for an apartment!",2020-12-16,Aaisha Faux Leather Armchair_100条.xlsx,Sheet1,63669508,材质质感; 做工质量; 尺寸与空间适配; 舒适度/实用性; 情绪价值,5,正向,"材质质感: wood, leather | 做工质量: quality | 尺寸与空间适配: size | 舒适度/实用性: comfortable | 情绪价值: perfect"
Unknown,Abdullahi Glass Top End Table,5.0,,These tables are a piece of art!,These tables are a piece of art!,2026-04-01,Abdullahi Glass Top End Table_69条.xlsx,Sheet1,164418353,艺术感/收藏感,1,正向,艺术感/收藏感: art
Unknown,Abdullahi Glass Top End Table,5.0,,"I love, love, love this table. It is everything!","I love, love, love this table. It is everything!",2023-07-26,Abdullahi Glass Top End Table_69条.xlsx,Sheet1,112296350,情绪价值,1,正向,情绪价值: love
Unknown,Abdullahi Glass Top End Table,5.0,,I love this table the gold details is beautiful well pack just add glass on top now I am trying too find chairs to go on each side I give this table 5,I love this table the gold details is beautiful well pack just add glass on top now I am trying too find chairs to go on each side I give this table 5,2021-06-19,Abdullahi Glass Top End Table_69条.xlsx,Sheet1,73482972,外观审美; 情绪价值,2,正向,外观审美: beautiful | 情绪价值: love
Unknown,Abdullahi Glass Top End Table,5.0,,"Looks great in our space! Solid, heavy feel to the metal base. It is quite large so be sure you measure it out....","Looks great in our space! Solid, heavy feel to the metal base. It is quite large so be sure you measure it out....",2020-09-25,Abdullahi Glass Top End Table_69条.xlsx,Sheet1,59576501,外观审美; 材质质感; 做工质量; 尺寸与空间适配,4,正向,"外观审美: looks | 材质质感: metal | 做工质量: solid, heavy | 尺寸与空间适配: large, space"
Unknown,Abdullahi Glass Top End Table,5.0,,"My favorite piece. Absolutely love the look next to my sofa. The glass is set on three small suctions, so it won't move around, but you can remove it easily for moves. The gold is a tad more striking than it looks in the photo, which gives the impression of a more neutral gold, which I personally am pleased about. Highly recommend to anyone looking to make a statement.","My favorite piece. Absolutely love the look next to my sofa. The glass is set on three small suctions, so it won't move around, but you can remove it easily for moves. The gold is a tad more striking than it looks in the photo, which gives the impression of a more neutral gold, which I personally am pleased about. Highly recommend to anyone looking to make a statement.",2018-08-30,Abdullahi Glass Top End Table_69条.xlsx,Sheet1,23569139,外观审美; 艺术感/收藏感; 尺寸与空间适配; 情绪价值; 照片与实物差异,5,正向,"外观审美: look, looks | 艺术感/收藏感: statement | 尺寸与空间适配: small | 情绪价值: love, recommend, favorite | 照片与实物差异: photo"
Unknown,Abdullahi Glass Top End Table,5.0,,I love the end table. It’s such an elegant piece,I love the end table. It’s such an elegant piece,2026-04-17,Abdullahi Glass Top End Table_69条.xlsx,Sheet1,165046865,情绪价值,1,正向,情绪价值: love
Unknown,Abdullahi Glass Top End Table,5.0,,"A stunning end table. I purchased it on sale and planned to spray paint it another color (it is distressed gold). However, once I received it, I decided to keep it just the way it is. It is not a bright brassy gold color and would fit in with most decors.","A stunning end table. I purchased it on sale and planned to spray paint it another color (it is distressed gold). However, once I received it, I decided to keep it just the way it is. It is not a bright brassy gold color and would fit in with most decors.",2024-06-03,Abdullahi Glass Top End Table_69条.xlsx,Sheet1,129335666,外观审美; 尺寸与空间适配; 情绪价值,3,正向,外观审美: color | 尺寸与空间适配: fit | 情绪价值: stunning
Unknown,Abdullahi Glass Top End Table,5.0,,Replaced item was in satisfactory condition,Replaced item was in satisfactory condition,2023-11-29,Abdullahi Glass Top End Table_69条.xlsx,Sheet1,119328858,未归类,1,正向,
Unknown,Abdullahi Glass Top End Table,5.0,,"Beautiful, elegant and sleek table. The height is perfect for mud-century furniture. The color is just right. It is not too flashy but bright enough to make a statement in any decir. Even though it is gold, it serves as a nuestros volor. The delivery was perfect.","Beautiful, elegant and sleek table. The height is perfect for mud-century furniture. The color is just right. It is not too flashy but bright enough to make a statement in any decir. Even though it is gold, it serves as a nuestros volor. The delivery was perfect.",2023-11-03,Abdullahi Glass Top End Table_69条.xlsx,Sheet1,118173067,外观审美; 艺术感/收藏感; 尺寸与空间适配; 物流包装; 情绪价值; 照片与实物差异,6,正向,"外观审美: beautiful, sleek, color | 艺术感/收藏感: statement | 尺寸与空间适配: height | 物流包装: delivery | 情绪价值: perfect | 照片与实物差异: color is"
Unknown,Abdullahi Glass Top End Table,5.0,,Love it!! Enhances room beautifully. Great piece. Even prettier than pictured.,Love it!! Enhances room beautifully. Great piece. Even prettier than pictured.,2022-03-08,Abdullahi Glass Top End Table_69条.xlsx,Sheet1,90828417,尺寸与空间适配; 情绪价值,2,正向,尺寸与空间适配: room | 情绪价值: love
Unknown,Abdullahi Glass Top End Table,5.0,,"Beautiful, looks just like the pictures","Beautiful, looks just like the pictures",2021-04-11,Abdullahi Glass Top End Table_69条.xlsx,Sheet1,69918490,外观审美,1,正向,"外观审美: beautiful, looks"
Unknown,Abdullahi Glass Top End Table,4.0,,Love love this accent table! Almost purchased it at a high end furniture store but saw it on Wayfair for 200 less than the furniture store!,Love love this accent table! Almost purchased it at a high end furniture store but saw it on Wayfair for 200 less than the furniture store!,2020-09-24,Abdullahi Glass Top End Table_69条.xlsx,Sheet1,59516967,情绪价值,1,正向,情绪价值: love
Unknown,Abdullahi Glass Top End Table,5.0,,The base is a nice different design,The base is a nice different design,2018-06-28,Abdullahi Glass Top End Table_69条.xlsx,Sheet1,21980314,外观审美; 照片与实物差异,2,正向,外观审美: design | 照片与实物差异: different
Unknown,Abdullahi Glass Top End Table,4.0,,I just received this table and am very pleased with the shape and design of the sculptured legs. A nice artistic addition to compliment the chairs I also got from Wayfair.,I just received this table and am very pleased with the shape and design of the sculptured legs. A nice artistic addition to compliment the chairs I also got from Wayfair.,2018-03-27,Abdullahi Glass Top End Table_69条.xlsx,Sheet1,18823411,外观审美; 艺术感/收藏感,2,正向,外观审美: design | 艺术感/收藏感: artistic
Unknown,Abdullahi Glass Top End Table,5.0,,"It's very pretty and perfect between two chairs. The gold is a little brighter than I expected, but beautifully done.","It's very pretty and perfect between two chairs. The gold is a little brighter than I expected, but beautifully done.",2018-03-11,Abdullahi Glass Top End Table_69条.xlsx,Sheet1,18450618,外观审美; 尺寸与空间适配; 情绪价值; 照片与实物差异,4,正向,外观审美: pretty | 尺寸与空间适配: little | 情绪价值: perfect | 照片与实物差异: expected
Unknown,Abdullahi Glass Top End Table,5.0,,We love this end table. It is so unique and compliments our modern look we were trying to achieve in our family room. We recommend you this 100%,We love this end table. It is so unique and compliments our modern look we were trying to achieve in our family room. We recommend you this 100%,2017-10-12,Abdullahi Glass Top End Table_69条.xlsx,Sheet1,14789184,外观审美; 艺术感/收藏感; 尺寸与空间适配; 情绪价值,4,正向,"外观审美: look, modern | 艺术感/收藏感: unique | 尺寸与空间适配: room | 情绪价值: love, recommend"
Unknown,Abdullahi Glass Top End Table,5.0,,"Really has star power. However, I had planned on putting a sculpture on top of this but it was just too heavy, so be aware, it is not meant to hold anything super heavy. (I settled for a lamp, really nice)","Really has star power. However, I had planned on putting a sculpture on top of this but it was just too heavy, so be aware, it is not meant to hold anything super heavy. (I settled for a lamp, really nice)",2017-05-16,Abdullahi Glass Top End Table_69条.xlsx,Sheet1,11972007,做工质量,1,正向,做工质量: heavy
Unknown,Abdullahi Glass Top End Table,5.0,,I wish I could rate this more than 5! Absolutely stunning! It is definitely the conversation piece in my living room. What an eye catcher!,I wish I could rate this more than 5! Absolutely stunning! It is definitely the conversation piece in my living room. What an eye catcher!,2017-03-03,Abdullahi Glass Top End Table_69条.xlsx,Sheet1,10365223,艺术感/收藏感; 尺寸与空间适配; 情绪价值,3,正向,艺术感/收藏感: conversation | 尺寸与空间适配: room | 情绪价值: stunning
Unknown,Abdullahi Glass Top End Table,4.0,,Its really nice but it didn’t come with anything to put underneath the glass for it not to be scratched but other than that I really like it,Its really nice but it didn’t come with anything to put underneath the glass for it not to be scratched but other than that I really like it,2020-11-22,Abdullahi Glass Top End Table_69条.xlsx,Sheet1,62475856,未归类,1,正向,
Unknown,Abdullahi Glass Top End Table,1.0,,Metal not strong. Bought this table a year ago. I used it to display a few of my top shelf alcohol beverages and the metal base caved it.,Metal not strong. Bought this table a year ago. I used it to display a few of my top shelf alcohol beverages and the metal base caved it.,2020-02-26,Abdullahi Glass Top End Table_69条.xlsx,Sheet1,46234767,材质质感,1,负向,材质质感: metal
Unknown,Abdullahi Glass Top End Table,4.0,,It is a beautiful table... and unique! However the glass just sets on top and it moves very easy! I placed a heavy Chrystal on top. It seems very risky especially if you have pets or clumsy family members....,It is a beautiful table... and unique! However the glass just sets on top and it moves very easy! I placed a heavy Chrystal on top. It seems very risky especially if you have pets or clumsy family members....,2018-11-22,Abdullahi Glass Top End Table_69条.xlsx,Sheet1,25979288,外观审美; 艺术感/收藏感; 做工质量,3,正向,外观审美: beautiful | 艺术感/收藏感: unique | 做工质量: heavy
Unknown,Abdullahi Glass Top End Table,5.0,,"I love this table but it was extremely expensive , I thought. I saw a similar one on my travels but it was larger for the same price.","I love this table but it was extremely expensive , I thought. I saw a similar one on my travels but it was larger for the same price.",2024-11-06,Abdullahi Glass Top End Table_69条.xlsx,Sheet1,136940145,价格价值感; 情绪价值,2,正向,"价格价值感: price, expensive | 情绪价值: love"
Unknown,Abdullahi Glass Top End Table,5.0,,Beautiful table that fits perfectly with the furniture pieces in my office.,Beautiful table that fits perfectly with the furniture pieces in my office.,2024-04-30,Abdullahi Glass Top End Table_69条.xlsx,Sheet1,127359754,外观审美; 尺寸与空间适配,2,正向,外观审美: beautiful | 尺寸与空间适配: fits
Unknown,Abdullahi Glass Top End Table,1.0,,"I think it is ridiculous that you sent me this side table as ""white glove delivery"" and your team dropped off only the glass top without the base How incredibly un professional service is that I would think twice before ordering more items from you","I think it is ridiculous that you sent me this side table as ""white glove delivery"" and your team dropped off only the glass top without the base How incredibly un professional service is that I would think twice before ordering more items from you",2024-04-08,Abdullahi Glass Top End Table_69条.xlsx,Sheet1,125900745,物流包装,1,负向,物流包装: delivery
Unknown,Abdullahi Glass Top End Table,5.0,,Beautiful piece. Would prefer to have heavier glass on top since the glass is separate from the base. Also wish that the base was available in a silver finish!,Beautiful piece. Would prefer to have heavier glass on top since the glass is separate from the base. Also wish that the base was available in a silver finish!,2024-03-19,Abdullahi Glass Top End Table_69条.xlsx,Sheet1,124879620,外观审美; 材质质感,2,正向,外观审美: beautiful | 材质质感: finish
Unknown,Abdullahi Glass Top End Table,5.0,,Exactly as pictured. Nicely priced with a generous amount of space on the table top. Looks FABULOUS!!!,Exactly as pictured. Nicely priced with a generous amount of space on the table top. Looks FABULOUS!!!,2023-02-05,Abdullahi Glass Top End Table_69条.xlsx,Sheet1,104336080,外观审美; 尺寸与空间适配; 照片与实物差异,3,正向,"外观审美: looks | 尺寸与空间适配: space | 照片与实物差异: as pictured, as pictured, exactly as pictured"
Unknown,Abdullahi Glass Top End Table,4.0,,It’s pretty but the finish is not that great!,It’s pretty but the finish is not that great!,2022-10-04,Abdullahi Glass Top End Table_69条.xlsx,Sheet1,99277742,外观审美; 材质质感,2,正向,外观审美: pretty | 材质质感: finish
Unknown,Abdullahi Glass Top End Table,5.0,,Very pretty. Looks great in my sitting area.,Very pretty. Looks great in my sitting area.,2019-05-03,Abdullahi Glass Top End Table_69条.xlsx,Sheet1,31860981,外观审美,1,正向,"外观审美: pretty, looks"
Unknown,Abdullahi Glass Top End Table,5.0,,I have ordered this table directly from Uttermost only to learn Wayfair carried it at a discounted price and also shipped it for less!!! Thank you Wayfair!,I have ordered this table directly from Uttermost only to learn Wayfair carried it at a discounted price and also shipped it for less!!! Thank you Wayfair!,2017-05-05,Abdullahi Glass Top End Table_69条.xlsx,Sheet1,11743342,价格价值感,1,正向,价格价值感: price
Unknown,Abdullahi Glass Top End Table,5.0,,Beautiful and elegant table. It's a statement piece in our living room. It's relatively big. The legs seem to be made of wood or something but not metal.,Beautiful and elegant table. It's a statement piece in our living room. It's relatively big. The legs seem to be made of wood or something but not metal.,2016-11-15,Abdullahi Glass Top End Table_69条.xlsx,Sheet1,8184751,外观审美; 艺术感/收藏感; 材质质感; 尺寸与空间适配,4,正向,"外观审美: beautiful | 艺术感/收藏感: statement, statement piece | 材质质感: wood, metal | 尺寸与空间适配: room"
Unknown,Abdullahi Glass Top End Table,5.0,,Love it! It's classy and striking! Very sturdy and adds a great accent piece to your room. Loved the price also!,Love it! It's classy and striking! Very sturdy and adds a great accent piece to your room. Loved the price also!,2016-02-26,Abdullahi Glass Top End Table_69条.xlsx,Sheet1,4819662,做工质量; 尺寸与空间适配; 价格价值感; 情绪价值,4,正向,做工质量: sturdy | 尺寸与空间适配: room | 价格价值感: price | 情绪价值: love
Unknown,Abdullahi Glass Top End Table,5.0,,It is a very nice sculptural table. Arrived and the glass sits on top. Beautiful!,It is a very nice sculptural table. Arrived and the glass sits on top. Beautiful!,2024-06-30,Abdullahi Glass Top End Table_69条.xlsx,Sheet1,130667826,外观审美; 艺术感/收藏感; 物流包装,3,正向,外观审美: beautiful | 艺术感/收藏感: sculptural | 物流包装: arrived
Unknown,Abdullahi Glass Top End Table,5.0,,Very nice end table. Base is unique and quality is good.,Very nice end table. Base is unique and quality is good.,2025-11-09,Abdullahi Glass Top End Table_69条.xlsx,Sheet1,157626634,艺术感/收藏感; 做工质量,2,正向,艺术感/收藏感: unique | 做工质量: quality
Unknown,Abdullahi Glass Top End Table,5.0,,LOVE!LOVE!LOVE this awesome table. It's more than I had expected it to be. Great quality and a stunning look. Get complements every time someone sees it. Could not be happier. Arrived in a short time and packaged extremely well. Thanks so much for the great service and fantastic price.,LOVE!LOVE!LOVE this awesome table. It's more than I had expected it to be. Great quality and a stunning look. Get complements every time someone sees it. Could not be happier. Arrived in a short time and packaged extremely well. Thanks so much for the great service and fantastic price.,2016-08-22,Abdullahi Glass Top End Table_69条.xlsx,Sheet1,7042100,外观审美; 做工质量; 尺寸与空间适配; 物流包装; 价格价值感; 情绪价值; 照片与实物差异,7,正向,"外观审美: look | 做工质量: quality | 尺寸与空间适配: short | 物流包装: arrived, packaged | 价格价值感: price | 情绪价值: love, stunning | 照片与实物差异: expected"
Unknown,Abdullahi Glass Top End Table,5.0,,"I've ordered several gold pieces from this website. Sometimes, the gold isn't quite as shiny as it's pictured. However, the gold is gilded and shiny. It's simply beautiful. The main piece arrived in one really big box and the glass was packaged separately. A special delivery was set up and I was so glad I was home to received the packages. After removing the packaging, all that's required is to put the suction cups in place and set the glass on top. I couldn't happier with this purchase.","I've ordered several gold pieces from this website. Sometimes, the gold isn't quite as shiny as it's pictured. However, the gold is gilded and shiny. It's simply beautiful. The main piece arrived in one really big box and the glass was packaged separately. A special delivery was set up and I was so glad I was home to received the packages. After removing the packaging, all that's required is to put the suction cups in place and set the glass on top. I couldn't happier with this purchase.",2016-06-20,Abdullahi Glass Top End Table_69条.xlsx,Sheet1,6235729,外观审美; 物流包装; 价格价值感,3,正向,"外观审美: beautiful | 物流包装: delivery, arrived, packaged, packaging, box | 价格价值感: purchase"
Unknown,Abdullahi Glass Top End Table,5.0,,"Cool table, very unique.","Cool table, very unique.",2021-01-11,Abdullahi Glass Top End Table_69条.xlsx,Sheet1,64861567,艺术感/收藏感,1,正向,艺术感/收藏感: unique
Unknown,Abdullahi Glass Top End Table,5.0,,Modern and clean cut.,Modern and clean cut.,2017-03-09,Abdullahi Glass Top End Table_69条.xlsx,Sheet1,10494030,外观审美,1,正向,外观审美: modern
Unknown,Abdullahi Glass Top End Table,5.0,,absolutely beautiful,absolutely beautiful,2022-04-17,Abdullahi Glass Top End Table_69条.xlsx,Sheet1,92760722,外观审美,1,正向,外观审美: beautiful
Unknown,Abdullahi Glass Top End Table,5.0,,Nicely done,Nicely done,2025-07-10,Abdullahi Glass Top End Table_69条.xlsx,Sheet1,152869040,未归类,1,正向,
Unknown,Abdullahi Glass Top End Table,5.0,,Gorgeous…high quality,Gorgeous…high quality,2022-12-24,Abdullahi Glass Top End Table_69条.xlsx,Sheet1,102874171,外观审美; 做工质量,2,正向,外观审美: gorgeous | 做工质量: quality
Unknown,Abdullahi Glass Top End Table,5.0,,Absolutely beautiful!!!,Absolutely beautiful!!!,2022-11-07,Abdullahi Glass Top End Table_69条.xlsx,Sheet1,100728142,外观审美,1,正向,外观审美: beautiful
Unknown,Abdullahi Glass Top End Table,5.0,,Statement table!,Statement table!,2017-03-20,Abdullahi Glass Top End Table_69条.xlsx,Sheet1,10747718,艺术感/收藏感,1,正向,艺术感/收藏感: statement
Unknown,Abdullahi Glass Top End Table,5.0,,Absolutely beautiful.,Absolutely beautiful.,2016-12-04,Abdullahi Glass Top End Table_69条.xlsx,Sheet1,8561930,外观审美,1,正向,外观审美: beautiful
Unknown,Abdullahi Glass Top End Table,5.0,,beautiful!,beautiful!,2016-05-30,Abdullahi Glass Top End Table_69条.xlsx,Sheet1,6003208,外观审美,1,正向,外观审美: beautiful
Unknown,Abdullahi Glass Top End Table,5.0,,I absolutely love this table but I had already bought my other furniture and the color did not work with my furniture. I considered repainting it but ultimately I decided to return it rather than try to make it work.,I absolutely love this table but I had already bought my other furniture and the color did not work with my furniture. I considered repainting it but ultimately I decided to return it rather than try to make it work.,2019-09-07,Abdullahi Glass Top End Table_69条.xlsx,Sheet1,150004935,外观审美; 情绪价值,2,正向,外观审美: color | 情绪价值: love
Unknown,Beaumont Lounge Chair,3.0,,"Chair looks great, but came with some scuffsdamage on the fabric","Chair looks great, but came with some scuffsdamage on the fabric",2026-04-12,Beaumont Lounge Chair_14条.xlsx,Sheet1,164825349,外观审美; 材质质感,2,正向,外观审美: looks | 材质质感: fabric
Unknown,Beaumont Lounge Chair,5.0,,just as i hoped!,just as i hoped!,2026-05-13,Beaumont Lounge Chair_14条.xlsx,Sheet1,166322904,未归类,1,正向,
Unknown,Beaumont Lounge Chair,1.0,,"I ordered this 34 inch wide chair in Olympus Ivory and you sent me a 64 inch settee. You failed to pick up the settee so I gave it away. I re-ordered the same chair, and you sent me the chair in Olympus Oatmeal, not the color I ordered. I gave that away as well when you failed to pick it up. Your Customer Service supervisor said I should not order this a third time since you likely would screw that order up as well. No wonder Wafair stock is down so much. I already sent you many pictures. Wayfair owes me an apology, not the poor service I received.","I ordered this 34 inch wide chair in Olympus Ivory and you sent me a 64 inch settee. You failed to pick up the settee so I gave it away. I re-ordered the same chair, and you sent me the chair in Olympus Oatmeal, not the color I ordered. I gave that away as well when you failed to pick it up. Your Customer Service supervisor said I should not order this a third time since you likely would screw that order up as well. No wonder Wafair stock is down so much. I already sent you many pictures. Wayfair owes me an apology, not the poor service I received.",2023-04-07,Beaumont Lounge Chair_14条.xlsx,Sheet1,107043622,外观审美; 尺寸与空间适配; 安装体验,3,负向,外观审美: color | 尺寸与空间适配: wide | 安装体验: screw
Unknown,Beaumont Lounge Chair,5.0,,"Roomy, comfy, sturdy and stylish … a winning combination.","Roomy, comfy, sturdy and stylish … a winning combination.",2022-11-29,Beaumont Lounge Chair_14条.xlsx,Sheet1,101784505,外观审美; 做工质量; 舒适度/实用性,3,正向,外观审美: stylish | 做工质量: sturdy | 舒适度/实用性: comfy
Unknown,Beaumont Lounge Chair,5.0,,A nice piece. Comfortable and the color is perfectly match with the rug and sofa. Thanks.,A nice piece. Comfortable and the color is perfectly match with the rug and sofa. Thanks.,2022-11-27,Beaumont Lounge Chair_14条.xlsx,Sheet1,101699158,外观审美; 舒适度/实用性; 照片与实物差异,3,正向,外观审美: color | 舒适度/实用性: comfortable | 照片与实物差异: color is
Unknown,Beaumont Lounge Chair,5.0,,Everyone loves it. Beautiful and comfortable,Everyone loves it. Beautiful and comfortable,2022-05-03,Beaumont Lounge Chair_14条.xlsx,Sheet1,93666301,外观审美; 舒适度/实用性,2,正向,外观审美: beautiful | 舒适度/实用性: comfortable
Unknown,Beaumont Lounge Chair,5.0,,Absolute stand out piece. Made my reading nook so cozy!,Absolute stand out piece. Made my reading nook so cozy!,2024-08-30,Beaumont Lounge Chair_14条.xlsx,Sheet1,133398799,未归类,1,正向,
Unknown,Beaumont Lounge Chair,5.0,,Great size and super comfortable,Great size and super comfortable,2023-09-14,Beaumont Lounge Chair_14条.xlsx,Sheet1,115104614,尺寸与空间适配; 舒适度/实用性,2,正向,尺寸与空间适配: size | 舒适度/实用性: comfortable
Unknown,Beaumont Lounge Chair,5.0,,Arrived exactly as described and pictured. Beautiful. Comfortable. Perfect.,Arrived exactly as described and pictured. Beautiful. Comfortable. Perfect.,2020-11-01,Beaumont Lounge Chair_14条.xlsx,Sheet1,61428650,外观审美; 舒适度/实用性; 物流包装; 情绪价值; 照片与实物差异,5,正向,"外观审美: beautiful | 舒适度/实用性: comfortable | 物流包装: arrived | 情绪价值: perfect | 照片与实物差异: as described, exactly as described"
Unknown,Beaumont Lounge Chair,1.0,,The material is awful. The pillows do not properly fit the chair. It looks a lot better in the photography.,The material is awful. The pillows do not properly fit the chair. It looks a lot better in the photography.,2025-04-19,Beaumont Lounge Chair_14条.xlsx,Sheet1,147837136,外观审美; 材质质感; 尺寸与空间适配,3,负向,外观审美: looks | 材质质感: material | 尺寸与空间适配: fit
Unknown,Beaumont Lounge Chair,5.0,,"Even more gorgeous in person, nice width, fabric is amazing and it’s very comfy. Highly recommend!","Even more gorgeous in person, nice width, fabric is amazing and it’s very comfy. Highly recommend!",2021-09-24,Beaumont Lounge Chair_14条.xlsx,Sheet1,84526536,外观审美; 材质质感; 舒适度/实用性; 情绪价值; 照片与实物差异,5,正向,"外观审美: gorgeous | 材质质感: fabric | 舒适度/实用性: comfy | 情绪价值: amazing, recommend | 照片与实物差异: in person"
Unknown,Beaumont Lounge Chair,5.0,,Love this chair! So perfectly cozy and wode enough to really lounge.,Love this chair! So perfectly cozy and wode enough to really lounge.,2020-03-21,Beaumont Lounge Chair_14条.xlsx,Sheet1,47536559,情绪价值,1,正向,情绪价值: love
Unknown,Beaumont Lounge Chair,5.0,,Beautiful chairs love them!,Beautiful chairs love them!,2022-11-09,Beaumont Lounge Chair_14条.xlsx,Sheet1,100871277,外观审美; 情绪价值,2,正向,外观审美: beautiful | 情绪价值: love
Unknown,Desiree 22.5_ Wide Boucle Fabric Accent Chair,5.0,,modern design,modern design,2026-02-12,Desiree 22.5_ Wide Boucle Fabric Accent Chair_21条.xlsx,Sheet1,161861068,外观审美,1,正向,"外观审美: design, modern"
Unknown,Desiree 22.5_ Wide Boucle Fabric Accent Chair,5.0,,Amazing… I absolutely love this. Extremely sturdy and better quality than I expected. Not flimsy at all.,Amazing… I absolutely love this. Extremely sturdy and better quality than I expected. Not flimsy at all.,2024-05-01,Desiree 22.5_ Wide Boucle Fabric Accent Chair_21条.xlsx,Sheet1,127405969,做工质量; 情绪价值; 照片与实物差异,3,正向,"做工质量: quality, sturdy, flimsy | 情绪价值: love, amazing | 照片与实物差异: expected"
Unknown,Desiree 22.5_ Wide Boucle Fabric Accent Chair,5.0,,What a fun chair! Arrived in perfect condition and quickly. This is definitely an accent chair for a bedroom or office. Back is lower but solid. I love it!,What a fun chair! Arrived in perfect condition and quickly. This is definitely an accent chair for a bedroom or office. Back is lower but solid. I love it!,2024-03-13,Desiree 22.5_ Wide Boucle Fabric Accent Chair_21条.xlsx,Sheet1,124591283,做工质量; 物流包装; 情绪价值,3,正向,"做工质量: solid | 物流包装: arrived | 情绪价值: love, perfect"
Unknown,Desiree 22.5_ Wide Boucle Fabric Accent Chair,5.0,,amazing piece. very comfortable surprisingly. not too low and an eye catcher,amazing piece. very comfortable surprisingly. not too low and an eye catcher,2024-12-22,Desiree 22.5_ Wide Boucle Fabric Accent Chair_21条.xlsx,Sheet1,139952743,舒适度/实用性; 情绪价值,2,正向,舒适度/实用性: comfortable | 情绪价值: amazing
Unknown,Desiree 22.5_ Wide Boucle Fabric Accent Chair,5.0,,Looks amazing! Pretty heavy! Would it definitely suggest getting! ￼,Looks amazing! Pretty heavy! Would it definitely suggest getting! ￼,2024-11-14,Desiree 22.5_ Wide Boucle Fabric Accent Chair_21条.xlsx,Sheet1,137296992,外观审美; 做工质量; 情绪价值,3,正向,"外观审美: pretty, looks | 做工质量: heavy | 情绪价值: amazing"
Unknown,Desiree 22.5_ Wide Boucle Fabric Accent Chair,5.0,,These chairs exceeded my expectations! They are very sturdy and bigger than I thought. Definitely an eye catcher.,These chairs exceeded my expectations! They are very sturdy and bigger than I thought. Definitely an eye catcher.,2024-10-06,Desiree 22.5_ Wide Boucle Fabric Accent Chair_21条.xlsx,Sheet1,135290155,做工质量; 尺寸与空间适配; 照片与实物差异,3,正向,做工质量: sturdy | 尺寸与空间适配: bigger | 照片与实物差异: exceeded my expectations
Unknown,Desiree 22.5_ Wide Boucle Fabric Accent Chair,5.0,,Beautiful! Even better in person! Perfect accent to my room and I get tons of compliments on this chair!,Beautiful! Even better in person! Perfect accent to my room and I get tons of compliments on this chair!,2024-08-30,Desiree 22.5_ Wide Boucle Fabric Accent Chair_21条.xlsx,Sheet1,133453371,外观审美; 尺寸与空间适配; 情绪价值; 照片与实物差异,4,正向,外观审美: beautiful | 尺寸与空间适配: room | 情绪价值: perfect | 照片与实物差异: in person
Unknown,Desiree 22.5_ Wide Boucle Fabric Accent Chair,5.0,,"I love this chair, I can’t wait to get the other one","I love this chair, I can’t wait to get the other one",2024-08-06,Desiree 22.5_ Wide Boucle Fabric Accent Chair_21条.xlsx,Sheet1,132136314,情绪价值,1,正向,情绪价值: love
Unknown,Desiree 22.5_ Wide Boucle Fabric Accent Chair,5.0,,Great chair! Not a sit and watch a whole movie chair but a nice conversation chair. Well made. Pictures shown on website are accurate. My only complaint is one of the plastic furniture pegs is busted. I’ll be reaching out to wayfair for a peg replacement. But it’s still a five star chair,Great chair! Not a sit and watch a whole movie chair but a nice conversation chair. Well made. Pictures shown on website are accurate. My only complaint is one of the plastic furniture pegs is busted. I’ll be reaching out to wayfair for a peg replacement. But it’s still a five star chair,2024-07-20,Desiree 22.5_ Wide Boucle Fabric Accent Chair_21条.xlsx,Sheet1,131485443,艺术感/收藏感; 材质质感; 做工质量; 舒适度/实用性; 物流包装; 照片与实物差异,6,正向,艺术感/收藏感: conversation | 材质质感: plastic | 做工质量: well made | 舒适度/实用性: sit | 物流包装: replacement | 照片与实物差异: shown
Unknown,Desiree 22.5_ Wide Boucle Fabric Accent Chair,5.0,,"Way more comfortable than I thought it would be, great design and great quality!","Way more comfortable than I thought it would be, great design and great quality!",2024-06-30,Desiree 22.5_ Wide Boucle Fabric Accent Chair_21条.xlsx,Sheet1,130666572,外观审美; 做工质量; 舒适度/实用性,3,正向,外观审美: design | 做工质量: quality | 舒适度/实用性: comfortable
Unknown,Desiree 22.5_ Wide Boucle Fabric Accent Chair,5.0,,Love this chair! So comfy but also just the perfect touch for an accent piece,Love this chair! So comfy but also just the perfect touch for an accent piece,2024-05-28,Desiree 22.5_ Wide Boucle Fabric Accent Chair_21条.xlsx,Sheet1,129000344,舒适度/实用性; 情绪价值,2,正向,"舒适度/实用性: comfy | 情绪价值: love, perfect"
Unknown,Desiree 22.5_ Wide Boucle Fabric Accent Chair,5.0,,"i was sceptical at first as to what the quality will be for the price but it exceeded my expectations - it looks solid and sturdy and the upholstery is beautiful, amazing value for money","i was sceptical at first as to what the quality will be for the price but it exceeded my expectations - it looks solid and sturdy and the upholstery is beautiful, amazing value for money",2023-10-18,Desiree 22.5_ Wide Boucle Fabric Accent Chair_21条.xlsx,Sheet1,117342219,外观审美; 做工质量; 价格价值感; 情绪价值; 照片与实物差异,5,正向,"外观审美: beautiful, looks | 做工质量: quality, sturdy, solid | 价格价值感: price, value | 情绪价值: amazing | 照片与实物差异: exceeded my expectations"
Unknown,Desiree 22.5_ Wide Boucle Fabric Accent Chair,5.0,,Such a unique chair. It is not super comfy but I was buying it more for the funky look.,Such a unique chair. It is not super comfy but I was buying it more for the funky look.,2023-11-03,Desiree 22.5_ Wide Boucle Fabric Accent Chair_21条.xlsx,Sheet1,118199114,外观审美; 艺术感/收藏感; 舒适度/实用性,3,正向,外观审美: look | 艺术感/收藏感: unique | 舒适度/实用性: comfy
Unknown,Desiree 22.5_ Wide Boucle Fabric Accent Chair,5.0,,We love it for our studio thanks,We love it for our studio thanks,2023-07-24,Desiree 22.5_ Wide Boucle Fabric Accent Chair_21条.xlsx,Sheet1,112233650,情绪价值,1,正向,情绪价值: love
Unknown,Desiree 22.5_ Wide Boucle Fabric Accent Chair,5.0,,Comfortable and beautiful!,Comfortable and beautiful!,2025-07-11,Desiree 22.5_ Wide Boucle Fabric Accent Chair_21条.xlsx,Sheet1,152890706,外观审美; 舒适度/实用性,2,正向,外观审美: beautiful | 舒适度/实用性: comfortable
Unknown,Desiree 22.5_ Wide Boucle Fabric Accent Chair,5.0,,Lovely chair !,Lovely chair !,2024-07-29,Desiree 22.5_ Wide Boucle Fabric Accent Chair_21条.xlsx,Sheet1,131953985,未归类,1,正向,
Unknown,Desiree 22.5_ Wide Boucle Fabric Accent Chair,5.0,,It's so cute I love it.,It's so cute I love it.,2024-07-09,Desiree 22.5_ Wide Boucle Fabric Accent Chair_21条.xlsx,Sheet1,131048299,外观审美; 情绪价值,2,正向,外观审美: cute | 情绪价值: love
Unknown,Desiree 22.5_ Wide Boucle Fabric Accent Chair,5.0,,Gorgeous piece!,Gorgeous piece!,2024-05-10,Desiree 22.5_ Wide Boucle Fabric Accent Chair_21条.xlsx,Sheet1,127875613,外观审美,1,正向,外观审美: gorgeous
Unknown,Desiree 22.5_ Wide Boucle Fabric Accent Chair,3.0,,Really nice.,Really nice.,2023-11-20,Desiree 22.5_ Wide Boucle Fabric Accent Chair_21条.xlsx,Sheet1,119007717,未归类,1,中性,
Unknown,Desiree 22.5_ Wide Boucle Fabric Accent Chair,5.0,,In love with the chairs!,In love with the chairs!,2023-07-13,Desiree 22.5_ Wide Boucle Fabric Accent Chair_21条.xlsx,Sheet1,111617145,情绪价值,1,正向,情绪价值: love
Unknown,Elivra Iron Top End Table,5.0,,This is table is an eye stopper. It looks very unique and unusual and at the same time very functional,This is table is an eye stopper. It looks very unique and unusual and at the same time very functional,2026-05-20,Elivra Iron Top End Table_70条.xlsx,Sheet1,166658789,外观审美; 艺术感/收藏感; 舒适度/实用性,3,正向,"外观审美: looks | 艺术感/收藏感: unique, unusual, eye stopper | 舒适度/实用性: functional"
Unknown,Elivra Iron Top End Table,5.0,,Love this table! Exact size I was looking for! It's sturdy & heavy. Arrived fast and it was packaged so well that I had a difficult time getting it out of the packaging and box. Nothing to put together was an added bonus! Pull it out of box and it's good to use! I would purchase again and recommend this table.,Love this table! Exact size I was looking for! It's sturdy & heavy. Arrived fast and it was packaged so well that I had a difficult time getting it out of the packaging and box. Nothing to put together was an added bonus! Pull it out of box and it's good to use! I would purchase again and recommend this table.,2026-01-20,Elivra Iron Top End Table_70条.xlsx,Sheet1,160879498,做工质量; 尺寸与空间适配; 舒适度/实用性; 物流包装; 安装体验; 价格价值感; 情绪价值,7,正向,"做工质量: sturdy, heavy | 尺寸与空间适配: size | 舒适度/实用性: use | 物流包装: arrived, packaged, packaging, box | 安装体验: put together | 价格价值感: purchase | 情绪价值: love, recommend"
Unknown,Elivra Iron Top End Table,5.0,,"Love this table, looks great in our lounge!","Love this table, looks great in our lounge!",2026-05-01,Elivra Iron Top End Table_70条.xlsx,Sheet1,165731744,外观审美; 情绪价值,2,正向,外观审美: looks | 情绪价值: love
Unknown,Elivra Iron Top End Table,5.0,,Wow I love unique and this table fits that description perfectly. Perfect size and height and I will add a glass top to protect it and use it for everything. Thank you,Wow I love unique and this table fits that description perfectly. Perfect size and height and I will add a glass top to protect it and use it for everything. Thank you,2026-03-13,Elivra Iron Top End Table_70条.xlsx,Sheet1,163077920,艺术感/收藏感; 尺寸与空间适配; 舒适度/实用性; 情绪价值,4,正向,"艺术感/收藏感: unique | 尺寸与空间适配: size, height, fits | 舒适度/实用性: use | 情绪价值: love, perfect"
Unknown,Elivra Iron Top End Table,5.0,,VERY FAST SHIPPING AND TABLE IS GREAT. THANKS,VERY FAST SHIPPING AND TABLE IS GREAT. THANKS,2026-02-15,Elivra Iron Top End Table_70条.xlsx,Sheet1,161974169,物流包装,1,正向,"物流包装: shipping, fast shipping"
Unknown,Elivra Iron Top End Table,5.0,,"Unique, gorgeous table; love the style; fits in perfect in the intended space","Unique, gorgeous table; love the style; fits in perfect in the intended space",2026-01-26,Elivra Iron Top End Table_70条.xlsx,Sheet1,161122566,外观审美; 艺术感/收藏感; 尺寸与空间适配; 情绪价值,4,正向,"外观审美: gorgeous | 艺术感/收藏感: unique | 尺寸与空间适配: space, fits | 情绪价值: love, perfect"
Unknown,Elivra Iron Top End Table,5.0,,Perfect side table! The top is wide enough to be functional and the shape is both transitional and contemporary. The table is extremely sturdy!,Perfect side table! The top is wide enough to be functional and the shape is both transitional and contemporary. The table is extremely sturdy!,2025-11-23,Elivra Iron Top End Table_70条.xlsx,Sheet1,158337480,做工质量; 尺寸与空间适配; 舒适度/实用性; 情绪价值,4,正向,做工质量: sturdy | 尺寸与空间适配: wide | 舒适度/实用性: functional | 情绪价值: perfect
Unknown,Elivra Iron Top End Table,5.0,,Absolutely in love with this table. I always receive compliments from guests. High quality and built to last.,Absolutely in love with this table. I always receive compliments from guests. High quality and built to last.,2026-01-24,Elivra Iron Top End Table_70条.xlsx,Sheet1,161045768,做工质量; 情绪价值,2,正向,做工质量: quality | 情绪价值: love
Unknown,Elivra Iron Top End Table,5.0,,"Great table - solid, heavy table.","Great table - solid, heavy table.",2026-04-07,Elivra Iron Top End Table_70条.xlsx,Sheet1,164581420,做工质量,1,正向,"做工质量: solid, heavy"
Unknown,Elivra Iron Top End Table,5.0,,"Great table, it is a bit tipsy, I wish the top was a bit larger circumference. That wouldnt stop me from ordering again.","Great table, it is a bit tipsy, I wish the top was a bit larger circumference. That wouldnt stop me from ordering again.",2026-03-10,Elivra Iron Top End Table_70条.xlsx,Sheet1,162899081,未归类,1,正向,
Unknown,Elivra Iron Top End Table,5.0,,I love this table! It was just what I was looking for. Excellent quality and looks great in the space I purchased it for.,I love this table! It was just what I was looking for. Excellent quality and looks great in the space I purchased it for.,2026-02-13,Elivra Iron Top End Table_70条.xlsx,Sheet1,161892882,外观审美; 做工质量; 尺寸与空间适配; 情绪价值,4,正向,外观审美: looks | 做工质量: quality | 尺寸与空间适配: space | 情绪价值: love
Unknown,Elivra Iron Top End Table,5.0,,Beautiful,Beautiful,2025-12-08,Elivra Iron Top End Table_70条.xlsx,Sheet1,159202700,外观审美,1,正向,外观审美: beautiful
Unknown,Elivra Iron Top End Table,5.0,,"Item looks exactly how it’s shown online. Super heavy, came already together. You won’t be able to easily knock it over. Super sturdy and I’ve already gotten compliments on it. It looks high end. Very happy with this buy.","Item looks exactly how it’s shown online. Super heavy, came already together. You won’t be able to easily knock it over. Super sturdy and I’ve already gotten compliments on it. It looks high end. Very happy with this buy.",2025-08-13,Elivra Iron Top End Table_70条.xlsx,Sheet1,153974725,外观审美; 做工质量; 价格价值感; 情绪价值; 照片与实物差异,5,正向,"外观审美: looks | 做工质量: sturdy, heavy | 价格价值感: buy | 情绪价值: happy | 照片与实物差异: shown"
Unknown,Elivra Iron Top End Table,5.0,,This table is unique and just what I wanted to add a bit of style to my room.,This table is unique and just what I wanted to add a bit of style to my room.,2025-08-01,Elivra Iron Top End Table_70条.xlsx,Sheet1,153592179,艺术感/收藏感; 尺寸与空间适配,2,正向,艺术感/收藏感: unique | 尺寸与空间适配: room
Unknown,Elivra Iron Top End Table,5.0,,"Amazing piece, well crafted. A great accent side table. Super satisfied.","Amazing piece, well crafted. A great accent side table. Super satisfied.",2025-11-20,Elivra Iron Top End Table_70条.xlsx,Sheet1,158216921,情绪价值,1,正向,情绪价值: amazing
Unknown,Elivra Iron Top End Table,5.0,,Just what I needed for my space!,Just what I needed for my space!,2025-11-12,Elivra Iron Top End Table_70条.xlsx,Sheet1,157820945,尺寸与空间适配,1,正向,尺寸与空间适配: space
Unknown,Elivra Iron Top End Table,5.0,,I love this table. Looks great in the study and gets lots of compliments!,I love this table. Looks great in the study and gets lots of compliments!,2025-06-08,Elivra Iron Top End Table_70条.xlsx,Sheet1,151744287,外观审美; 情绪价值,2,正向,外观审美: looks | 情绪价值: love
Unknown,Elivra Iron Top End Table,5.0,,"This is an awesome table. Unique, solid, heavy, no assembly needed, and taller than most of the tables I've been looking at. Can work with browns, blacks, gold tones as well.","This is an awesome table. Unique, solid, heavy, no assembly needed, and taller than most of the tables I've been looking at. Can work with browns, blacks, gold tones as well.",2025-09-14,Elivra Iron Top End Table_70条.xlsx,Sheet1,155156271,艺术感/收藏感; 做工质量; 安装体验,3,正向,"艺术感/收藏感: unique | 做工质量: solid, heavy | 安装体验: assembly"
Unknown,Elivra Iron Top End Table,1.0,,I ordered this table for my bedroom when it was delivered I was so excited. When I saw the box I was a little concerned but figured if its packed well it should be okay. There were scratches on top and around the rim of the table. After contacting customer service I was told that they would send me a replacement and to send the damaged table back. Well the replacement was worst....the entire top was broke off and not even in the box.,I ordered this table for my bedroom when it was delivered I was so excited. When I saw the box I was a little concerned but figured if its packed well it should be okay. There were scratches on top and around the rim of the table. After contacting customer service I was told that they would send me a replacement and to send the damaged table back. Well the replacement was worst....the entire top was broke off and not even in the box.,2025-04-16,Elivra Iron Top End Table_70条.xlsx,Sheet1,147724943,尺寸与空间适配; 物流包装; 情绪价值,3,负向,"尺寸与空间适配: little | 物流包装: box, delivered, replacement | 情绪价值: excited"
Unknown,Elivra Iron Top End Table,1.0,,"Unfortunately the manufacturer does not package the table properly. I ordered three times - after the second one arrived broken, Wayfair asked the manufacturer/shipper to use better packaging, but just received the third table and it is still damaged. This is a heavy table, and it is not supported properly within the box, causing it to wobble around and eventually break through the box, and then it is rubbed/damaged. The second one I received had the top broken off the base. Wayfair has made good on this, not their fault, but be forewarned if you order this it may arrive with a lot of damage.","Unfortunately the manufacturer does not package the table properly. I ordered three times - after the second one arrived broken, Wayfair asked the manufacturer/shipper to use better packaging, but just received the third table and it is still damaged. This is a heavy table, and it is not supported properly within the box, causing it to wobble around and eventually break through the box, and then it is rubbed/damaged. The second one I received had the top broken off the base. Wayfair has made good on this, not their fault, but be forewarned if you order this it may arrive with a lot of damage.",2025-03-31,Elivra Iron Top End Table_70条.xlsx,Sheet1,147187530,做工质量; 舒适度/实用性; 物流包装,3,负向,"做工质量: broken, damage, heavy | 舒适度/实用性: use | 物流包装: arrived, packaging, box"
Unknown,Elivra Iron Top End Table,5.0,,Absolutely gorgeous piece. Works nicely between two recliners. Everything accurately represented by Wayfair.,Absolutely gorgeous piece. Works nicely between two recliners. Everything accurately represented by Wayfair.,2025-03-14,Elivra Iron Top End Table_70条.xlsx,Sheet1,145678896,外观审美,1,正向,外观审美: gorgeous
Unknown,Elivra Iron Top End Table,5.0,,"Fabulous end table!! Heavy with a lot of style. I highly recommend! Nothing to put together, just beautiful right of the box.","Fabulous end table!! Heavy with a lot of style. I highly recommend! Nothing to put together, just beautiful right of the box.",2025-01-25,Elivra Iron Top End Table_70条.xlsx,Sheet1,141580859,外观审美; 做工质量; 物流包装; 安装体验; 情绪价值,5,正向,外观审美: beautiful | 做工质量: heavy | 物流包装: box | 安装体验: put together | 情绪价值: recommend
Unknown,Elivra Iron Top End Table,5.0,,Absolutely love it ! Well made ..,Absolutely love it ! Well made ..,2025-01-16,Elivra Iron Top End Table_70条.xlsx,Sheet1,141071084,做工质量; 情绪价值,2,正向,做工质量: well made | 情绪价值: love
Unknown,Elivra Iron Top End Table,5.0,,I love this table! Sturdy and stylish. The perfect addition to my living room!,I love this table! Sturdy and stylish. The perfect addition to my living room!,2024-10-18,Elivra Iron Top End Table_70条.xlsx,Sheet1,135916182,外观审美; 做工质量; 尺寸与空间适配; 情绪价值,4,正向,"外观审美: stylish | 做工质量: sturdy | 尺寸与空间适配: room | 情绪价值: love, perfect"
Unknown,Elivra Iron Top End Table,5.0,,Perfect little table for our breakfast nook- cute and yet sturdy. It comes fully assembled and is well packed. Highly recommended!,Perfect little table for our breakfast nook- cute and yet sturdy. It comes fully assembled and is well packed. Highly recommended!,2024-10-16,Elivra Iron Top End Table_70条.xlsx,Sheet1,135847963,外观审美; 做工质量; 尺寸与空间适配; 安装体验; 情绪价值,5,正向,外观审美: cute | 做工质量: sturdy | 尺寸与空间适配: little | 安装体验: assembled | 情绪价值: perfect
Unknown,Elivra Iron Top End Table,5.0,,This table is absolutely amazing. It's fun. It's quirky and definitely a little statement piece!,This table is absolutely amazing. It's fun. It's quirky and definitely a little statement piece!,2024-09-29,Elivra Iron Top End Table_70条.xlsx,Sheet1,135057612,艺术感/收藏感; 尺寸与空间适配; 情绪价值,3,正向,"艺术感/收藏感: statement, statement piece | 尺寸与空间适配: little | 情绪价值: amazing"
Unknown,Elivra Iron Top End Table,5.0,,Perfect - just what I wanted. Nice and heavy - all one piece and is shipped very well packaged,Perfect - just what I wanted. Nice and heavy - all one piece and is shipped very well packaged,2024-03-22,Elivra Iron Top End Table_70条.xlsx,Sheet1,125040242,做工质量; 物流包装; 情绪价值,3,正向,做工质量: heavy | 物流包装: packaged | 情绪价值: perfect
Unknown,Elivra Iron Top End Table,5.0,,"Great sturdy end table. Comes in One piece. Nice and heavy, does not tip over easily. The base is actually really solid and our dogs bumping into it does not cause the end table to wobble. The picture on the website does not do it justice.","Great sturdy end table. Comes in One piece. Nice and heavy, does not tip over easily. The base is actually really solid and our dogs bumping into it does not cause the end table to wobble. The picture on the website does not do it justice.",2022-08-04,Elivra Iron Top End Table_70条.xlsx,Sheet1,97156551,做工质量; 照片与实物差异,2,正向,"做工质量: sturdy, solid, heavy | 照片与实物差异: picture"
Unknown,Elivra Iron Top End Table,5.0,,"This table is adorable. The quality is great, it comes as one piece and is packaged extremely well. It is very sturdy, I think it would be really hard to tip over. The color is as pictured, a dark bronze. It is simple and elegant and would match with a lot of different styles.","This table is adorable. The quality is great, it comes as one piece and is packaged extremely well. It is very sturdy, I think it would be really hard to tip over. The color is as pictured, a dark bronze. It is simple and elegant and would match with a lot of different styles.",2022-05-04,Elivra Iron Top End Table_70条.xlsx,Sheet1,93721522,外观审美; 做工质量; 物流包装; 照片与实物差异,4,正向,"外观审美: color | 做工质量: quality, sturdy | 物流包装: packaged | 照片与实物差异: as pictured, different, color is, as pictured"
Unknown,Elivra Iron Top End Table,5.0,,This piece is beautiful. It is a large table but doesnt take up a lot of floor space. I love the fine details on the bittom and surface. It would be a great accent piece to any room. It came paxkaged so well and arrived quickly.,This piece is beautiful. It is a large table but doesnt take up a lot of floor space. I love the fine details on the bittom and surface. It would be a great accent piece to any room. It came paxkaged so well and arrived quickly.,2022-04-20,Elivra Iron Top End Table_70条.xlsx,Sheet1,92963260,外观审美; 尺寸与空间适配; 物流包装; 情绪价值,4,正向,"外观审美: beautiful | 尺寸与空间适配: large, space, room | 物流包装: arrived | 情绪价值: love"
Unknown,Elivra Iron Top End Table,5.0,,"Beautiful end table. Very heavy! Great quality as well. If you are looking for something modern and contemporary look no further than this. Would look great in any room, I plan on putting a nice vase on it by a window","Beautiful end table. Very heavy! Great quality as well. If you are looking for something modern and contemporary look no further than this. Would look great in any room, I plan on putting a nice vase on it by a window",2022-04-04,Elivra Iron Top End Table_70条.xlsx,Sheet1,91816668,外观审美; 做工质量; 尺寸与空间适配,3,正向,"外观审美: beautiful, look, modern | 做工质量: quality, heavy | 尺寸与空间适配: room"
Unknown,Elivra Iron Top End Table,5.0,,Looks good. Slightly worried about the top scratching.,Looks good. Slightly worried about the top scratching.,2025-10-05,Elivra Iron Top End Table_70条.xlsx,Sheet1,155949819,外观审美,1,正向,外观审美: looks
Unknown,Elivra Iron Top End Table,5.0,,Literally so obsessed with this table. The quality is impeccable for what you get. Looks exactly as pictured.,Literally so obsessed with this table. The quality is impeccable for what you get. Looks exactly as pictured.,2025-05-18,Elivra Iron Top End Table_70条.xlsx,Sheet1,150432861,外观审美; 做工质量; 照片与实物差异,3,正向,"外观审美: looks | 做工质量: quality | 照片与实物差异: as pictured, as pictured, exactly as pictured"
Unknown,Elivra Iron Top End Table,5.0,,This is a great piece with a unique style.,This is a great piece with a unique style.,2025-04-28,Elivra Iron Top End Table_70条.xlsx,Sheet1,148162090,艺术感/收藏感,1,正向,艺术感/收藏感: unique
Unknown,Elivra Iron Top End Table,5.0,,Love this table! Sturdy and such a good look in our space. Shipping was quick and no issues!,Love this table! Sturdy and such a good look in our space. Shipping was quick and no issues!,2025-03-24,Elivra Iron Top End Table_70条.xlsx,Sheet1,146573422,外观审美; 做工质量; 尺寸与空间适配; 物流包装; 情绪价值,5,正向,外观审美: look | 做工质量: sturdy | 尺寸与空间适配: space | 物流包装: shipping | 情绪价值: love
Unknown,Elivra Iron Top End Table,5.0,,Love the beaded metal base and the weight for sturdiness. The table works perfectly between two chairs in the guest bedroom.,Love the beaded metal base and the weight for sturdiness. The table works perfectly between two chairs in the guest bedroom.,2025-03-10,Elivra Iron Top End Table_70条.xlsx,Sheet1,145167988,材质质感; 情绪价值; 照片与实物差异,3,正向,材质质感: metal | 情绪价值: love | 照片与实物差异: works perfectly
Unknown,Elivra Iron Top End Table,5.0,,Love it! Stunning accent table to liven up any space. Fit perfectly between our leather club chairs. Phenomenal quality!,Love it! Stunning accent table to liven up any space. Fit perfectly between our leather club chairs. Phenomenal quality!,2025-03-06,Elivra Iron Top End Table_70条.xlsx,Sheet1,144762064,材质质感; 做工质量; 尺寸与空间适配; 情绪价值,4,正向,"材质质感: leather | 做工质量: quality | 尺寸与空间适配: space, fit | 情绪价值: love, stunning"
Unknown,Elivra Iron Top End Table,5.0,,"Very sturdy, exactly what I was looking for to compliment 2 recliners!","Very sturdy, exactly what I was looking for to compliment 2 recliners!",2025-02-19,Elivra Iron Top End Table_70条.xlsx,Sheet1,143779829,做工质量,1,正向,做工质量: sturdy
Unknown,Elivra Iron Top End Table,5.0,,Great weight and quality. Fully assembled!! Sturdy and even very easy to clean. Does not feel flimsy.,Great weight and quality. Fully assembled!! Sturdy and even very easy to clean. Does not feel flimsy.,2025-02-02,Elivra Iron Top End Table_70条.xlsx,Sheet1,142660949,做工质量; 安装体验,2,正向,"做工质量: quality, sturdy, flimsy | 安装体验: assembled"
Unknown,Elivra Iron Top End Table,5.0,,Love it! Well made and arrived in perfect condition,Love it! Well made and arrived in perfect condition,2025-01-21,Elivra Iron Top End Table_70条.xlsx,Sheet1,141308028,做工质量; 物流包装; 情绪价值,3,正向,"做工质量: well made | 物流包装: arrived | 情绪价值: love, perfect"
Unknown,Elivra Iron Top End Table,5.0,,"So glad I decided to purchase!! Definitely met my expectations except for the height slightly shorter than thought. Works very well in my home lounge area. Hight end quality, worth the price and Definitely no worries about tipping over!! Just buy it!!!","So glad I decided to purchase!! Definitely met my expectations except for the height slightly shorter than thought. Works very well in my home lounge area. Hight end quality, worth the price and Definitely no worries about tipping over!! Just buy it!!!",2024-12-27,Elivra Iron Top End Table_70条.xlsx,Sheet1,140168362,做工质量; 尺寸与空间适配; 价格价值感,3,正向,"做工质量: quality | 尺寸与空间适配: height | 价格价值感: price, worth, buy, purchase"
Unknown,Elivra Iron Top End Table,5.0,,Super side tables that don’t overwhelm your space ! Large enough for a lamp and accessories but not the focus of the room which we needed!!,Super side tables that don’t overwhelm your space ! Large enough for a lamp and accessories but not the focus of the room which we needed!!,2024-12-17,Elivra Iron Top End Table_70条.xlsx,Sheet1,139691510,尺寸与空间适配,1,正向,"尺寸与空间适配: large, space, room"
Unknown,Elivra Iron Top End Table,5.0,,I havent opened the box yet but am extremely excited to do so. Delivery was exceptionally timely.,I havent opened the box yet but am extremely excited to do so. Delivery was exceptionally timely.,2024-12-12,Elivra Iron Top End Table_70条.xlsx,Sheet1,139214813,物流包装; 情绪价值,2,正向,"物流包装: delivery, box | 情绪价值: excited"
Unknown,Elivra Iron Top End Table,5.0,,I love it! I bought this for my hubby’s café area. But this is the first item to arrive so I snapped pix in my sitting area. He fell in love with it bcuz of the sound the iron makes. I chose it bcuz it was masculine yet classy. You won’t be disappointed.,I love it! I bought this for my hubby’s café area. But this is the first item to arrive so I snapped pix in my sitting area. He fell in love with it bcuz of the sound the iron makes. I chose it bcuz it was masculine yet classy. You won’t be disappointed.,2024-11-20,Elivra Iron Top End Table_70条.xlsx,Sheet1,137922882,材质质感; 情绪价值,2,正向,材质质感: iron | 情绪价值: love
Unknown,Elivra Iron Top End Table,5.0,,Nice just too heavy to move around,Nice just too heavy to move around,2024-10-28,Elivra Iron Top End Table_70条.xlsx,Sheet1,136440954,做工质量,1,正向,做工质量: heavy
Unknown,Elivra Iron Top End Table,5.0,,Love love love this table. Perfect accent to my mid century room. Comes in one piece. Packed well. Great quality. Great look.,Love love love this table. Perfect accent to my mid century room. Comes in one piece. Packed well. Great quality. Great look.,2024-10-16,Elivra Iron Top End Table_70条.xlsx,Sheet1,135808454,外观审美; 艺术感/收藏感; 做工质量; 尺寸与空间适配; 情绪价值,5,正向,"外观审美: look | 艺术感/收藏感: mid century | 做工质量: quality | 尺寸与空间适配: room | 情绪价值: love, perfect"
Unknown,Elivra Iron Top End Table,5.0,,I was not expecting such a nice piece of furniture. Very heavy duty. And colors are suitable for any color scheme. Nice surprise! I would purchase this again!,I was not expecting such a nice piece of furniture. Very heavy duty. And colors are suitable for any color scheme. Nice surprise! I would purchase this again!,2024-09-25,Elivra Iron Top End Table_70条.xlsx,Sheet1,134771500,外观审美; 做工质量; 价格价值感,3,正向,外观审美: color | 做工质量: heavy | 价格价值感: purchase
Unknown,Elivra Iron Top End Table,5.0,,The table is Really beautiful. We are Very happy with it. Good quality material and high quality design.,The table is Really beautiful. We are Very happy with it. Good quality material and high quality design.,2024-07-30,Elivra Iron Top End Table_70条.xlsx,Sheet1,131986864,外观审美; 材质质感; 做工质量; 情绪价值,4,正向,"外观审美: beautiful, design | 材质质感: material | 做工质量: quality | 情绪价值: happy"
Unknown,Elivra Iron Top End Table,5.0,,Love the shape of this end table. It is more weight on the bottom to help prevent the tipping that sometimes happens with this type of end table! Functional and pretty!,Love the shape of this end table. It is more weight on the bottom to help prevent the tipping that sometimes happens with this type of end table! Functional and pretty!,2024-07-22,Elivra Iron Top End Table_70条.xlsx,Sheet1,131530171,外观审美; 舒适度/实用性; 情绪价值,3,正向,外观审美: pretty | 舒适度/实用性: functional | 情绪价值: love
Unknown,Elivra Iron Top End Table,5.0,,"Very attractive, sturdy table. Looks just like the picture.","Very attractive, sturdy table. Looks just like the picture.",2024-07-10,Elivra Iron Top End Table_70条.xlsx,Sheet1,131058319,外观审美; 做工质量; 照片与实物差异,3,正向,"外观审美: looks, attractive | 做工质量: sturdy | 照片与实物差异: picture"
Unknown,Elivra Iron Top End Table,5.0,,I love this end table. Very sturdy and it even weighs a lot. It’s not light weight and will tip over easily.,I love this end table. Very sturdy and it even weighs a lot. It’s not light weight and will tip over easily.,2024-05-05,Elivra Iron Top End Table_70条.xlsx,Sheet1,127610595,做工质量; 情绪价值,2,正向,做工质量: sturdy | 情绪价值: love
Unknown,Elivra Iron Top End Table,3.0,,This piece comes fully assembled but the screws on the bottom were cracked and sand is leaking from the bottom. Will have to return. The quality and finish otherwise are very nice.,This piece comes fully assembled but the screws on the bottom were cracked and sand is leaking from the bottom. Will have to return. The quality and finish otherwise are very nice.,2024-03-30,Elivra Iron Top End Table_70条.xlsx,Sheet1,125433792,材质质感; 做工质量; 安装体验,3,负向,"材质质感: finish | 做工质量: quality, cracked | 安装体验: assembled"
Unknown,Elivra Iron Top End Table,5.0,,"Love it! Perfect little side table…heavy base, very sturdy. Adds stylish charm to my modern rustic decor. So happy with this purchase.","Love it! Perfect little side table…heavy base, very sturdy. Adds stylish charm to my modern rustic decor. So happy with this purchase.",2024-03-26,Elivra Iron Top End Table_70条.xlsx,Sheet1,125235751,外观审美; 做工质量; 尺寸与空间适配; 价格价值感; 情绪价值,5,正向,"外观审美: stylish, modern | 做工质量: sturdy, heavy | 尺寸与空间适配: little | 价格价值感: purchase | 情绪价值: love, happy, perfect"
Unknown,Elivra Iron Top End Table,4.0,,Such a unique piece- smaller than picture,Such a unique piece- smaller than picture,2024-02-28,Elivra Iron Top End Table_70条.xlsx,Sheet1,123984229,艺术感/收藏感; 尺寸与空间适配; 照片与实物差异,3,正向,艺术感/收藏感: unique | 尺寸与空间适配: smaller | 照片与实物差异: picture
Unknown,Elivra Iron Top End Table,5.0,,Very nice workmanship and elegant design. I think I am going to buy another one!,Very nice workmanship and elegant design. I think I am going to buy another one!,2024-01-08,Elivra Iron Top End Table_70条.xlsx,Sheet1,121265715,外观审美; 价格价值感,2,正向,外观审美: design | 价格价值感: buy
Unknown,Elivra Iron Top End Table,5.0,,Love this end table. unique and well made.,Love this end table. unique and well made.,2023-01-20,Elivra Iron Top End Table_70条.xlsx,Sheet1,103802653,艺术感/收藏感; 做工质量; 情绪价值,3,正向,艺术感/收藏感: unique | 做工质量: well made | 情绪价值: love
Unknown,Elivra Iron Top End Table,5.0,,This table is well made and looks great in our space. It was incredibly easy to put together and shipped quickly!,This table is well made and looks great in our space. It was incredibly easy to put together and shipped quickly!,2022-08-27,Elivra Iron Top End Table_70条.xlsx,Sheet1,97938535,外观审美; 做工质量; 尺寸与空间适配; 安装体验,4,正向,外观审美: looks | 做工质量: well made | 尺寸与空间适配: space | 安装体验: put together
Unknown,Elivra Iron Top End Table,5.0,,"Fabulous table!! Sturdy, beautiful and true to the pictures.Really elevated the space!","Fabulous table!! Sturdy, beautiful and true to the pictures.Really elevated the space!",2022-05-30,Elivra Iron Top End Table_70条.xlsx,Sheet1,94896187,外观审美; 做工质量; 尺寸与空间适配,3,正向,外观审美: beautiful | 做工质量: sturdy | 尺寸与空间适配: space
Unknown,Elivra Iron Top End Table,5.0,,Heavy duty. Looks expensive,Heavy duty. Looks expensive,2025-09-04,Elivra Iron Top End Table_70条.xlsx,Sheet1,154817632,外观审美; 做工质量; 价格价值感,3,正向,外观审美: looks | 做工质量: heavy | 价格价值感: expensive
Unknown,Elivra Iron Top End Table,5.0,,Great eclectic design.,Great eclectic design.,2025-08-07,Elivra Iron Top End Table_70条.xlsx,Sheet1,153755233,外观审美,1,正向,外观审美: design
Unknown,Elivra Iron Top End Table,5.0,,Exactly what I expected!,Exactly what I expected!,2025-02-23,Elivra Iron Top End Table_70条.xlsx,Sheet1,144008248,照片与实物差异,1,正向,"照片与实物差异: expected, what i expected"
Unknown,Elivra Iron Top End Table,5.0,,Very attractive.,Very attractive.,2025-02-10,Elivra Iron Top End Table_70条.xlsx,Sheet1,143053700,外观审美,1,正向,外观审美: attractive
Unknown,Elivra Iron Top End Table,5.0,,Wonderful,Wonderful,2024-11-20,Elivra Iron Top End Table_70条.xlsx,Sheet1,137928110,未归类,1,正向,
Unknown,Elivra Iron Top End Table,5.0,,Great piece.,Great piece.,2024-07-03,Elivra Iron Top End Table_70条.xlsx,Sheet1,130811408,未归类,1,正向,
Unknown,Elivra Iron Top End Table,5.0,,Very nice heavy bottom table,Very nice heavy bottom table,2024-02-14,Elivra Iron Top End Table_70条.xlsx,Sheet1,123328642,做工质量,1,正向,做工质量: heavy
Unknown,Elivra Iron Top End Table,5.0,,This was a great buy !!,This was a great buy !!,2024-01-12,Elivra Iron Top End Table_70条.xlsx,Sheet1,121447796,价格价值感,1,正向,"价格价值感: buy, great buy"
Unknown,Elivra Iron Top End Table,5.0,,Love it,Love it,2022-11-16,Elivra Iron Top End Table_70条.xlsx,Sheet1,101220028,情绪价值,1,正向,情绪价值: love
Unknown,Elivra Iron Top End Table,5.0,,Beautiful,Beautiful,2022-07-27,Elivra Iron Top End Table_70条.xlsx,Sheet1,96735568,外观审美,1,正向,外观审美: beautiful
Unknown,Elivra Iron Top End Table,4.0,,Love the table,Love the table,2022-07-24,Elivra Iron Top End Table_70条.xlsx,Sheet1,96637708,情绪价值,1,正向,情绪价值: love
Unknown,Elivra Iron Top End Table,5.0,,This small table is quite elegant.,This small table is quite elegant.,2025-09-05,Elivra Iron Top End Table_70条.xlsx,Sheet1,154824176,尺寸与空间适配,1,正向,尺寸与空间适配: small
Unknown,FL_Y 1 - Light Single Pendant,5.0,,This pendant is absolutely stunning. So glad we purchased it for our retro style living room!,This pendant is absolutely stunning. So glad we purchased it for our retro style living room!,2023-12-22,FL_Y 1 - Light Single Pendant_50条.xlsx,Sheet1,120566305,尺寸与空间适配; 情绪价值,2,正向,尺寸与空间适配: room | 情绪价值: stunning
Unknown,FL_Y 1 - Light Single Pendant,4.0,,"So, I have always been a fan of this light but never ordered it in a color. Unfortunately it turned the whole room red, creating a really","So, I have always been a fan of this light but never ordered it in a color. Unfortunately it turned the whole room red, creating a really",2018-05-14,FL_Y 1 - Light Single Pendant_50条.xlsx,Sheet1,20717369,外观审美; 尺寸与空间适配,2,正向,外观审美: color | 尺寸与空间适配: room
Unknown,FL_Y 1 - Light Single Pendant,5.0,,Love it! Just everything about it!,Love it! Just everything about it!,2021-02-17,FL_Y 1 - Light Single Pendant_50条.xlsx,Sheet1,66770088,情绪价值,1,正向,情绪价值: love
Unknown,FL_Y 1 - Light Single Pendant,5.0,,I purchased the yellow ones for my 1955 Mid-Century Modern home and they were the perfect lights for over my kitchen island.,I purchased the yellow ones for my 1955 Mid-Century Modern home and they were the perfect lights for over my kitchen island.,2020-04-02,FL_Y 1 - Light Single Pendant_50条.xlsx,Sheet1,48029259,外观审美; 情绪价值,2,正向,外观审美: modern | 情绪价值: perfect
Unknown,FL_Y 1 - Light Single Pendant,5.0,,"Super cool, modern pendant. Definitely adds style to any space.","Super cool, modern pendant. Definitely adds style to any space.",2018-02-14,FL_Y 1 - Light Single Pendant_50条.xlsx,Sheet1,17899653,外观审美; 尺寸与空间适配,2,正向,外观审美: modern | 尺寸与空间适配: space
Unknown,FL_Y 1 - Light Single Pendant,5.0,,We purchased these in the blue color and they are a lovely accent to warm up a room.,We purchased these in the blue color and they are a lovely accent to warm up a room.,2018-02-06,FL_Y 1 - Light Single Pendant_50条.xlsx,Sheet1,17674422,外观审美; 尺寸与空间适配,2,正向,外观审美: color | 尺寸与空间适配: room
Unknown,FL_Y 1 - Light Single Pendant,5.0,,These are fantastic installed. Love!,These are fantastic installed. Love!,2017-01-06,FL_Y 1 - Light Single Pendant_50条.xlsx,Sheet1,9107962,情绪价值,1,正向,情绪价值: love
Unknown,FL_Y 1 - Light Single Pendant,5.0,,Love this light! Not too hard to install either.,Love this light! Not too hard to install either.,2016-10-25,FL_Y 1 - Light Single Pendant_50条.xlsx,Sheet1,7838597,安装体验; 情绪价值,2,正向,安装体验: install | 情绪价值: love
Unknown,FL_Y 1 - Light Single Pendant,5.0,,Very modern looking. Brighten up the kitchen.,Very modern looking. Brighten up the kitchen.,2016-02-22,FL_Y 1 - Light Single Pendant_50条.xlsx,Sheet1,4778710,外观审美,1,正向,外观审美: modern
Unknown,FL_Y 1 - Light Single Pendant,4.0,,Beautiful light !i bought the blue color which is really nice n match my modern dinning room!,Beautiful light !i bought the blue color which is really nice n match my modern dinning room!,2016-02-11,FL_Y 1 - Light Single Pendant_50条.xlsx,Sheet1,4659049,外观审美; 尺寸与空间适配,2,正向,"外观审美: beautiful, modern, color | 尺寸与空间适配: room"
Unknown,FL_Y 1 - Light Single Pendant,5.0,,"This is a classic, always looks great and is fun","This is a classic, always looks great and is fun",2016-01-30,FL_Y 1 - Light Single Pendant_50条.xlsx,Sheet1,4514921,外观审美; 艺术感/收藏感,2,正向,外观审美: looks | 艺术感/收藏感: classic
Unknown,FL_Y 1 - Light Single Pendant,1.0,,Had scratches and that won't even go away with cleaning Wouldn't buy it,Had scratches and that won't even go away with cleaning Wouldn't buy it,2016-01-09,FL_Y 1 - Light Single Pendant_50条.xlsx,Sheet1,4259335,价格价值感,1,负向,价格价值感: buy
Unknown,FL_Y 1 - Light Single Pendant,4.0,,"Though pricey, this light has added the crowning 60s touch to our newly-screened in deck. The color, the size and everything about have been thought through and are well done. Where would we be without well-executed great design?","Though pricey, this light has added the crowning 60s touch to our newly-screened in deck. The color, the size and everything about have been thought through and are well done. Where would we be without well-executed great design?",2022-08-29,FL_Y 1 - Light Single Pendant_50条.xlsx,Sheet1,98006445,外观审美; 尺寸与空间适配,2,正向,"外观审美: design, color | 尺寸与空间适配: size"
Unknown,FL_Y 1 - Light Single Pendant,3.0,,"It looks good, but the plastic dome is so hard to clean, so it always looks dirty. Also it collects dust easily. We were not able to attach the red cup to the ceiling , so it does a bit sloppy.","It looks good, but the plastic dome is so hard to clean, so it always looks dirty. Also it collects dust easily. We were not able to attach the red cup to the ceiling , so it does a bit sloppy.",2018-09-29,FL_Y 1 - Light Single Pendant_50条.xlsx,Sheet1,24363470,外观审美; 材质质感,2,中性,外观审美: looks | 材质质感: plastic
Unknown,FL_Y 1 - Light Single Pendant,3.0,,The white color has a nice glow to it.,The white color has a nice glow to it.,2018-04-15,FL_Y 1 - Light Single Pendant_50条.xlsx,Sheet1,19291321,外观审美,1,中性,外观审美: color
Unknown,FL_Y 1 - Light Single Pendant,5.0,,Love these lights! Used a green one and a yellow one in love with both!,Love these lights! Used a green one and a yellow one in love with both!,2018-02-09,FL_Y 1 - Light Single Pendant_50条.xlsx,Sheet1,17757942,情绪价值,1,正向,情绪价值: love
Unknown,FL_Y 1 - Light Single Pendant,5.0,,Nice looking light. Easy to install.,Nice looking light. Easy to install.,2016-03-20,FL_Y 1 - Light Single Pendant_50条.xlsx,Sheet1,5130810,安装体验,1,正向,安装体验: install
Unknown,FL_Y 1 - Light Single Pendant,4.0,,very fun fixture that gives light and character to a room,very fun fixture that gives light and character to a room,2016-01-24,FL_Y 1 - Light Single Pendant_50条.xlsx,Sheet1,4436631,尺寸与空间适配,1,正向,尺寸与空间适配: room
Unknown,FL_Y 1 - Light Single Pendant,2.0,,Nice but installing without scratching shade is tricky,Nice but installing without scratching shade is tricky,2016-01-08,FL_Y 1 - Light Single Pendant_50条.xlsx,Sheet1,4250659,未归类,1,负向,
Unknown,FL_Y 1 - Light Single Pendant,5.0,,I use this over and over again for my clients - it's consistently great.,I use this over and over again for my clients - it's consistently great.,2015-12-28,FL_Y 1 - Light Single Pendant_50条.xlsx,Sheet1,4149088,舒适度/实用性,1,正向,舒适度/实用性: use
Unknown,FL_Y 1 - Light Single Pendant,5.0,,Thought they were glass but they are a mid century modern plastic. Great quality. Beautiful. They offer task lighting but also some ambient.,Thought they were glass but they are a mid century modern plastic. Great quality. Beautiful. They offer task lighting but also some ambient.,2015-12-05,FL_Y 1 - Light Single Pendant_50条.xlsx,Sheet1,3924784,外观审美; 艺术感/收藏感; 材质质感; 做工质量,4,正向,"外观审美: beautiful, modern | 艺术感/收藏感: mid century | 材质质感: plastic | 做工质量: quality"
Unknown,FL_Y 1 - Light Single Pendant,5.0,,obsessed with this light .It's so good,obsessed with this light .It's so good,2022-02-22,FL_Y 1 - Light Single Pendant_50条.xlsx,Sheet1,90321978,未归类,1,正向,
Unknown,FL_Y 1 - Light Single Pendant,5.0,,Look SO good up - the mass is great!,Look SO good up - the mass is great!,2019-07-30,FL_Y 1 - Light Single Pendant_50条.xlsx,Sheet1,37009319,外观审美,1,正向,外观审美: look
Unknown,FL_Y 1 - Light Single Pendant,5.0,,Purchased as open box- great price and no damage! Can't beat it!,Purchased as open box- great price and no damage! Can't beat it!,2015-05-12,FL_Y 1 - Light Single Pendant_50条.xlsx,Sheet1,2752413,做工质量; 物流包装; 价格价值感,3,正向,做工质量: damage | 物流包装: box | 价格价值感: price
Unknown,FL_Y 1 - Light Single Pendant,4.0,,"Got the light blue one. It is beautiful, but the lightbulb that comes with the fixture casts a cold unflattering light, like fluorescent lighting. Not what I wanted in a dining room. Will have to change the bulb. I got this as an open box and it was in great condition. If I had paid full price, I would have been disappointed with the cord and attachment plate that come with the lamp, which do not look as elegant as the rest of the lamp. The shade shape and selection of colors is beautiful. Improve that bulb, make it brighter!","Got the light blue one. It is beautiful, but the lightbulb that comes with the fixture casts a cold unflattering light, like fluorescent lighting. Not what I wanted in a dining room. Will have to change the bulb. I got this as an open box and it was in great condition. If I had paid full price, I would have been disappointed with the cord and attachment plate that come with the lamp, which do not look as elegant as the rest of the lamp. The shade shape and selection of colors is beautiful. Improve that bulb, make it brighter!",2015-02-15,FL_Y 1 - Light Single Pendant_50条.xlsx,Sheet1,2386388,外观审美; 尺寸与空间适配; 物流包装; 价格价值感,4,正向,"外观审美: beautiful, look | 尺寸与空间适配: room | 物流包装: box | 价格价值感: price"
Unknown,FL_Y 1 - Light Single Pendant,4.0,,"This is my second FL/Y light in light blue, It looks great and does not interfere with the view since it is clear. It could scratch easily so handle with care and use a microfiber cloth to dust. Very modern. LOVE IT!","This is my second FL/Y light in light blue, It looks great and does not interfere with the view since it is clear. It could scratch easily so handle with care and use a microfiber cloth to dust. Very modern. LOVE IT!",2015-02-03,FL_Y 1 - Light Single Pendant_50条.xlsx,Sheet1,2334261,外观审美; 舒适度/实用性; 情绪价值,3,正向,"外观审美: looks, modern | 舒适度/实用性: use | 情绪价值: love"
Unknown,FL_Y 1 - Light Single Pendant,5.0,,putting in a nursery and its a perfect pop of color. i selected also because of the ease to change the bulb,putting in a nursery and its a perfect pop of color. i selected also because of the ease to change the bulb,2014-10-15,FL_Y 1 - Light Single Pendant_50条.xlsx,Sheet1,1881192,外观审美; 情绪价值,2,正向,"外观审美: color, pop of color | 情绪价值: perfect"
Unknown,FL_Y 1 - Light Single Pendant,5.0,,"Exactly what I was expecting..... Not sure why other reviewers had issues with scratches and packaging. Fortunately, I didn't have that issue. Mine was shipped in the original packaging safe and sound! I ordered the white one and I can't wait to hang it in my new home office.","Exactly what I was expecting..... Not sure why other reviewers had issues with scratches and packaging. Fortunately, I didn't have that issue. Mine was shipped in the original packaging safe and sound! I ordered the white one and I can't wait to hang it in my new home office.",2014-01-14,FL_Y 1 - Light Single Pendant_50条.xlsx,Sheet1,1133897,物流包装,1,正向,物流包装: packaging
Unknown,FL_Y 1 - Light Single Pendant,5.0,,"LOve this light, emits a nice warm glow in the room. Installation was a breeze. Missing a part, but it wasn't needed","LOve this light, emits a nice warm glow in the room. Installation was a breeze. Missing a part, but it wasn't needed",2019-02-19,FL_Y 1 - Light Single Pendant_50条.xlsx,Sheet1,29243930,尺寸与空间适配; 安装体验; 情绪价值,3,正向,尺寸与空间适配: room | 安装体验: installation | 情绪价值: love
Unknown,FL_Y 1 - Light Single Pendant,5.0,,"The fixture is a bright orange, quite large and makes a statement in my predominantly white kitchen. Pros: Easy to assemble and hang Cons: Larger than I expected, but works in my large kitchen which has high ceilings","The fixture is a bright orange, quite large and makes a statement in my predominantly white kitchen. Pros: Easy to assemble and hang Cons: Larger than I expected, but works in my large kitchen which has high ceilings",2015-07-28,FL_Y 1 - Light Single Pendant_50条.xlsx,Sheet1,3072997,艺术感/收藏感; 尺寸与空间适配; 安装体验; 照片与实物差异,4,正向,艺术感/收藏感: statement | 尺寸与空间适配: large | 安装体验: assemble | 照片与实物差异: expected
Unknown,FL_Y 1 - Light Single Pendant,5.0,,I have always loved this light every time I see it in stores. Definitely matched the descriptions. In LOVE with the light blue.,I have always loved this light every time I see it in stores. Definitely matched the descriptions. In LOVE with the light blue.,2015-04-26,FL_Y 1 - Light Single Pendant_50条.xlsx,Sheet1,2690430,情绪价值,1,正向,情绪价值: love
Unknown,FL_Y 1 - Light Single Pendant,5.0,,"Beautiful, easy to assemble. I installed this in my boys study room and they love it! Great quality.","Beautiful, easy to assemble. I installed this in my boys study room and they love it! Great quality.",2015-04-19,FL_Y 1 - Light Single Pendant_50条.xlsx,Sheet1,2658960,外观审美; 做工质量; 尺寸与空间适配; 安装体验; 情绪价值,5,正向,外观审美: beautiful | 做工质量: quality | 尺寸与空间适配: room | 安装体验: assemble | 情绪价值: love
Unknown,FL_Y 1 - Light Single Pendant,5.0,,ordered 2 of these in white- love the way they look but they do not give off a lot of light...more like a glow.,ordered 2 of these in white- love the way they look but they do not give off a lot of light...more like a glow.,2015-04-11,FL_Y 1 - Light Single Pendant_50条.xlsx,Sheet1,2627974,外观审美; 情绪价值,2,正向,外观审美: look | 情绪价值: love
Unknown,FL_Y 1 - Light Single Pendant,5.0,,"I love, love, love this light fixture. I ordered it for a client and it will look great once I get one that's not damaged!! The guys at All Modern have been very nice and helpful and this is why I will continue to order from here. Very professional.","I love, love, love this light fixture. I ordered it for a client and it will look great once I get one that's not damaged!! The guys at All Modern have been very nice and helpful and this is why I will continue to order from here. Very professional.",2014-11-26,FL_Y 1 - Light Single Pendant_50条.xlsx,Sheet1,2069340,外观审美; 情绪价值,2,正向,"外观审美: look, modern | 情绪价值: love"
Unknown,FL_Y 1 - Light Single Pendant,4.0,,This fixture is perfect for our remodeled kitchen dining space. Am a bit concerned how there plastic shade will age. Customer service here was great.,This fixture is perfect for our remodeled kitchen dining space. Am a bit concerned how there plastic shade will age. Customer service here was great.,2014-08-24,FL_Y 1 - Light Single Pendant_50条.xlsx,Sheet1,1667092,材质质感; 尺寸与空间适配; 情绪价值,3,正向,材质质感: plastic | 尺寸与空间适配: space | 情绪价值: perfect
Unknown,FL_Y 1 - Light Single Pendant,5.0,,Love it...super cool a bit hard to hang up but once up it looks great over our Knoll Table.,Love it...super cool a bit hard to hang up but once up it looks great over our Knoll Table.,2014-07-19,FL_Y 1 - Light Single Pendant_50条.xlsx,Sheet1,1571962,外观审美; 情绪价值,2,正向,外观审美: looks | 情绪价值: love
Unknown,FL_Y 1 - Light Single Pendant,3.0,,This lamp is so cool. Only problem is it is breakable and meltable. Just be careful and it should be fine.,This lamp is so cool. Only problem is it is breakable and meltable. Just be careful and it should be fine.,2014-07-07,FL_Y 1 - Light Single Pendant_50条.xlsx,Sheet1,1557577,未归类,1,负向,
Unknown,FL_Y 1 - Light Single Pendant,5.0,,"I purchased this light in the cobalt colour and talk about gorgeous :). Only downside was the packaging on arrival. The box was very thin, very damaged and the tape wasn't even secure. Thankfully the light was in perfect condition.","I purchased this light in the cobalt colour and talk about gorgeous :). Only downside was the packaging on arrival. The box was very thin, very damaged and the tape wasn't even secure. Thankfully the light was in perfect condition.",2013-09-01,FL_Y 1 - Light Single Pendant_50条.xlsx,Sheet1,928737,外观审美; 物流包装; 情绪价值,3,正向,"外观审美: gorgeous | 物流包装: packaging, box | 情绪价值: perfect"
Unknown,FL_Y 1 - Light Single Pendant,5.0,,Love my new orange pendant lamp!!! It will look soooo good over my Saarinen Oval Tulip Dining Table. I can't wait to hang it!!!,Love my new orange pendant lamp!!! It will look soooo good over my Saarinen Oval Tulip Dining Table. I can't wait to hang it!!!,2013-08-20,FL_Y 1 - Light Single Pendant_50条.xlsx,Sheet1,917501,外观审美; 情绪价值,2,正向,外观审美: look | 情绪价值: love
Unknown,FL_Y 1 - Light Single Pendant,4.0,,Wasn't what I had expected...... 1st one received was crack at top center (hole for the suspension wire). A 2nd pendant came and had it hung over our dinner table. Once in place I had removed the plastic protector cover. The entire shade was covered in scratches. These scratches are very visible and was a little disappointed on the quality.,Wasn't what I had expected...... 1st one received was crack at top center (hole for the suspension wire). A 2nd pendant came and had it hung over our dinner table. Once in place I had removed the plastic protector cover. The entire shade was covered in scratches. These scratches are very visible and was a little disappointed on the quality.,2013-04-15,FL_Y 1 - Light Single Pendant_50条.xlsx,Sheet1,772279,材质质感; 做工质量; 尺寸与空间适配; 照片与实物差异,4,中性,材质质感: plastic | 做工质量: quality | 尺寸与空间适配: little | 照片与实物差异: expected
Unknown,FL_Y 1 - Light Single Pendant,3.0,,I LOVE this light. I had been eyeing for ages and was so excited when I finally broke down and ordered it. The only problem is the plastic scratched after cleaning with a damp paper towel. Total bummer. I will you a soft cloth in the future.,I LOVE this light. I had been eyeing for ages and was so excited when I finally broke down and ordered it. The only problem is the plastic scratched after cleaning with a damp paper towel. Total bummer. I will you a soft cloth in the future.,2013-04-14,FL_Y 1 - Light Single Pendant_50条.xlsx,Sheet1,770746,材质质感; 舒适度/实用性; 情绪价值,3,正向,"材质质感: plastic | 舒适度/实用性: soft | 情绪价值: love, excited"
Unknown,FL_Y 1 - Light Single Pendant,5.0,,"and dramatically changed the entire dining space. Even though the rest of the room is an eclectic, not so modern collection, the light offers a simple and clean focus._x000d_ Its translucency allows for a connected presence of the existing wall and floor decorations and their colors._x000d_ The rosettecanopy is small - had to buy a larger canopy to cover the existing ceiling opening - but that was an easy fix.","and dramatically changed the entire dining space. Even though the rest of the room is an eclectic, not so modern collection, the light offers a simple and clean focus._x000d_ Its translucency allows for a connected presence of the existing wall and floor decorations and their colors._x000d_ The rosettecanopy is small - had to buy a larger canopy to cover the existing ceiling opening - but that was an easy fix.",2011-11-13,FL_Y 1 - Light Single Pendant_50条.xlsx,Sheet1,1210,外观审美; 尺寸与空间适配; 价格价值感,3,正向,"外观审美: modern | 尺寸与空间适配: small, space, room | 价格价值感: buy"
Unknown,FL_Y 1 - Light Single Pendant,5.0,,"I felt in love with that lamp when I was on vacation in Europe and was just disappointed to see who much they sell it here in Canada (over 400$).Everything went well ([...], installation, etc.).For those who like a pure design object, that lamp is just perfect. In black (I can't say for other color versions), we get superb bulb reflections. that's add to the visual value of the lamp.","I felt in love with that lamp when I was on vacation in Europe and was just disappointed to see who much they sell it here in Canada (over 400$).Everything went well ([...], installation, etc.).For those who like a pure design object, that lamp is just perfect. In black (I can't say for other color versions), we get superb bulb reflections. that's add to the visual value of the lamp.",2010-08-23,FL_Y 1 - Light Single Pendant_50条.xlsx,Sheet1,130018,外观审美; 安装体验; 价格价值感; 情绪价值,4,正向,"外观审美: design, color | 安装体验: installation | 价格价值感: value | 情绪价值: love, perfect"
Unknown,FL_Y 1 - Light Single Pendant,5.0,,"It looks bigger than I expected it to, but that's not a bad things...I got the yellow one, and it is super fly!","It looks bigger than I expected it to, but that's not a bad things...I got the yellow one, and it is super fly!",2010-06-14,FL_Y 1 - Light Single Pendant_50条.xlsx,Sheet1,130017,外观审美; 尺寸与空间适配; 照片与实物差异,3,中性,外观审美: looks | 尺寸与空间适配: bigger | 照片与实物差异: expected
Unknown,FL_Y 1 - Light Single Pendant,5.0,,Beautifully simple!,Beautifully simple!,2019-04-28,FL_Y 1 - Light Single Pendant_50条.xlsx,Sheet1,31690637,未归类,1,正向,
Unknown,FL_Y 1 - Light Single Pendant,5.0,,Perfect looking light,Perfect looking light,2019-10-23,FL_Y 1 - Light Single Pendant_50条.xlsx,Sheet1,39876208,情绪价值,1,正向,情绪价值: perfect
Unknown,FL_Y 1 - Light Single Pendant,3.0,,cant keep them looking clean,cant keep them looking clean,2018-08-29,FL_Y 1 - Light Single Pendant_50条.xlsx,Sheet1,23535262,未归类,1,中性,
Unknown,Hot Mesh Lounge Chair,5.0,,Great chair for our outside space. Easy to move around.,Great chair for our outside space. Easy to move around.,2025-10-23,Hot Mesh Lounge Chair_70条.xlsx,Sheet1,156950866,尺寸与空间适配,1,正向,尺寸与空间适配: space
Unknown,Hot Mesh Lounge Chair,5.0,,"The chair was much nicer in person, love it!!!","The chair was much nicer in person, love it!!!",2025-04-25,Hot Mesh Lounge Chair_70条.xlsx,Sheet1,148080696,情绪价值; 照片与实物差异,2,正向,情绪价值: love | 照片与实物差异: in person
Unknown,Hot Mesh Lounge Chair,5.0,,"Great quality, love the bright blue color. Confortable texture and very secure","Great quality, love the bright blue color. Confortable texture and very secure",2025-04-09,Hot Mesh Lounge Chair_70条.xlsx,Sheet1,147533463,外观审美; 材质质感; 做工质量; 情绪价值,4,正向,外观审美: color | 材质质感: texture | 做工质量: quality | 情绪价值: love
Unknown,Hot Mesh Lounge Chair,5.0,,"These chairs are really comfortable, lightweight and good looking. Perfect for a relaxing time in our courtyard.","These chairs are really comfortable, lightweight and good looking. Perfect for a relaxing time in our courtyard.",2024-01-15,Hot Mesh Lounge Chair_70条.xlsx,Sheet1,121629948,舒适度/实用性; 情绪价值,2,正向,舒适度/实用性: comfortable | 情绪价值: perfect
Unknown,Hot Mesh Lounge Chair,5.0,,Super stylish and comfortable too! I got them in the red . Love them,Super stylish and comfortable too! I got them in the red . Love them,2023-04-17,Hot Mesh Lounge Chair_70条.xlsx,Sheet1,107371768,外观审美; 舒适度/实用性; 情绪价值,3,正向,外观审美: stylish | 舒适度/实用性: comfortable | 情绪价值: love
Unknown,Hot Mesh Lounge Chair,5.0,,A quality item. I leave it outside on a partially sheltered balcony and so far it is stood up well to the rain with no signs of rust. It is very comfortable. I only wish the price was lower so I could get more,A quality item. I leave it outside on a partially sheltered balcony and so far it is stood up well to the rain with no signs of rust. It is very comfortable. I only wish the price was lower so I could get more,2022-09-28,Hot Mesh Lounge Chair_70条.xlsx,Sheet1,99071740,做工质量; 舒适度/实用性; 价格价值感,3,正向,做工质量: quality | 舒适度/实用性: comfortable | 价格价值感: price
Unknown,Hot Mesh Lounge Chair,5.0,,"Fabulous! Stylish, well made, and durable. A great addition to my bedroom deck!","Fabulous! Stylish, well made, and durable. A great addition to my bedroom deck!",2022-05-13,Hot Mesh Lounge Chair_70条.xlsx,Sheet1,94146060,外观审美; 做工质量,2,正向,"外观审美: stylish | 做工质量: well made, durable"
Unknown,Hot Mesh Lounge Chair,5.0,,Amazing chairs! They’ve been outside in Bay Area weather for 6 plus months still look like day 1 from the box.,Amazing chairs! They’ve been outside in Bay Area weather for 6 plus months still look like day 1 from the box.,2022-04-16,Hot Mesh Lounge Chair_70条.xlsx,Sheet1,92705235,外观审美; 物流包装; 情绪价值,3,正向,外观审美: look | 物流包装: box | 情绪价值: amazing
Unknown,Hot Mesh Lounge Chair,4.0,,"Good seat height, comfortable. The yellow color is yellow-er than it seems on the website. Looks mustard-ish here, but it is much more of a bright yellow in person.","Good seat height, comfortable. The yellow color is yellow-er than it seems on the website. Looks mustard-ish here, but it is much more of a bright yellow in person.",2022-04-13,Hot Mesh Lounge Chair_70条.xlsx,Sheet1,92563821,外观审美; 尺寸与空间适配; 舒适度/实用性; 照片与实物差异,4,正向,"外观审美: looks, color | 尺寸与空间适配: height | 舒适度/实用性: comfortable, seat | 照片与实物差异: in person, color is"
Unknown,Hot Mesh Lounge Chair,5.0,,I Love this chair! Bought the matching ottoman too. It’s very sturdy and withstands the weather here well.,I Love this chair! Bought the matching ottoman too. It’s very sturdy and withstands the weather here well.,2022-03-18,Hot Mesh Lounge Chair_70条.xlsx,Sheet1,91161738,做工质量; 情绪价值,2,正向,做工质量: sturdy | 情绪价值: love
Unknown,Hot Mesh Lounge Chair,5.0,,One of the best purchases made. Comfortable and low to the ground,One of the best purchases made. Comfortable and low to the ground,2021-10-02,Hot Mesh Lounge Chair_70条.xlsx,Sheet1,84804268,舒适度/实用性,1,正向,舒适度/实用性: comfortable
Unknown,Hot Mesh Lounge Chair,5.0,,This is a very cool looking chair and a decent price. The red is a watermelon color and lovely. It is pretty wide with a low back. Satisfied with my purchase.,This is a very cool looking chair and a decent price. The red is a watermelon color and lovely. It is pretty wide with a low back. Satisfied with my purchase.,2021-06-01,Hot Mesh Lounge Chair_70条.xlsx,Sheet1,72577072,外观审美; 尺寸与空间适配; 价格价值感,3,正向,"外观审美: pretty, color | 尺寸与空间适配: wide | 价格价值感: price, purchase"
Unknown,Hot Mesh Lounge Chair,5.0,,So beautiful and so comfortable!!!,So beautiful and so comfortable!!!,2021-03-20,Hot Mesh Lounge Chair_70条.xlsx,Sheet1,68860755,外观审美; 舒适度/实用性,2,正向,外观审美: beautiful | 舒适度/实用性: comfortable
Unknown,Hot Mesh Lounge Chair,5.0,,Great on either side of my townhouse front door.,Great on either side of my townhouse front door.,2020-12-26,Hot Mesh Lounge Chair_70条.xlsx,Sheet1,64182378,未归类,1,正向,
Unknown,Hot Mesh Lounge Chair,5.0,,Nice chairs by the fire pit. Light weight and very comfortable.,Nice chairs by the fire pit. Light weight and very comfortable.,2020-06-08,Hot Mesh Lounge Chair_70条.xlsx,Sheet1,52779847,舒适度/实用性,1,正向,舒适度/实用性: comfortable
Unknown,Hot Mesh Lounge Chair,5.0,,I love this lounge chair! It is comfortable and beautiful. I also bought the ottoman!,I love this lounge chair! It is comfortable and beautiful. I also bought the ottoman!,2020-05-28,Hot Mesh Lounge Chair_70条.xlsx,Sheet1,51969045,外观审美; 舒适度/实用性; 情绪价值,3,正向,外观审美: beautiful | 舒适度/实用性: comfortable | 情绪价值: love
Unknown,Hot Mesh Lounge Chair,5.0,,"Quality and finishes of the chairs are perfect. Looks and design are great, the pictures in the website are exactly what you get. And last but not least the chairs are extremely comfortable.","Quality and finishes of the chairs are perfect. Looks and design are great, the pictures in the website are exactly what you get. And last but not least the chairs are extremely comfortable.",2020-05-18,Hot Mesh Lounge Chair_70条.xlsx,Sheet1,51211668,外观审美; 做工质量; 舒适度/实用性; 情绪价值,4,正向,"外观审美: design, looks | 做工质量: quality | 舒适度/实用性: comfortable | 情绪价值: perfect"
Unknown,Hot Mesh Lounge Chair,5.0,,Such a fun splash of color outside,Such a fun splash of color outside,2020-04-22,Hot Mesh Lounge Chair_70条.xlsx,Sheet1,49141004,外观审美,1,正向,外观审美: color
Unknown,Hot Mesh Lounge Chair,5.0,,"This is the best outdoor furniture I’ve ever bought. Solid, comfortable, good design. I would buy more for sure!","This is the best outdoor furniture I’ve ever bought. Solid, comfortable, good design. I would buy more for sure!",2019-09-14,Hot Mesh Lounge Chair_70条.xlsx,Sheet1,38682277,外观审美; 做工质量; 舒适度/实用性; 价格价值感,4,正向,外观审美: design | 做工质量: solid | 舒适度/实用性: comfortable | 价格价值感: buy
Unknown,Hot Mesh Lounge Chair,4.0,,Love the look and construction but you definitely need pillows for your back. Had some minor damage on arrival but replaced right away— no questions asked! Thanks Wayfair!,Love the look and construction but you definitely need pillows for your back. Had some minor damage on arrival but replaced right away— no questions asked! Thanks Wayfair!,2019-08-07,Hot Mesh Lounge Chair_70条.xlsx,Sheet1,37238841,外观审美; 做工质量; 情绪价值,3,正向,外观审美: look | 做工质量: damage | 情绪价值: love
Unknown,Hot Mesh Lounge Chair,4.0,,They look great and well made. Heavier than I thought they would be.,They look great and well made. Heavier than I thought they would be.,2018-06-03,Hot Mesh Lounge Chair_70条.xlsx,Sheet1,21212433,外观审美; 做工质量,2,正向,外观审美: look | 做工质量: well made
Unknown,Hot Mesh Lounge Chair,5.0,,"Love this chair! It is simple yet comfortable. The wide seat makes it possible to sit cross legged, kind of curled up. Well constructed and stylish!","Love this chair! It is simple yet comfortable. The wide seat makes it possible to sit cross legged, kind of curled up. Well constructed and stylish!",2023-10-23,Hot Mesh Lounge Chair_70条.xlsx,Sheet1,117656822,外观审美; 尺寸与空间适配; 舒适度/实用性; 情绪价值,4,正向,"外观审美: stylish | 尺寸与空间适配: wide | 舒适度/实用性: comfortable, sit, seat | 情绪价值: love"
Unknown,Hot Mesh Lounge Chair,5.0,,"Mid- century Hot Mesh Lounge chairs. Love!! Super comfortable, no fussing with cushions- used right after a rain, and won't blow over, even though they're right on the water! Gushing will style.","Mid- century Hot Mesh Lounge chairs. Love!! Super comfortable, no fussing with cushions- used right after a rain, and won't blow over, even though they're right on the water! Gushing will style.",2023-09-20,Hot Mesh Lounge Chair_70条.xlsx,Sheet1,115379883,舒适度/实用性; 情绪价值,2,正向,舒适度/实用性: comfortable | 情绪价值: love
Unknown,Hot Mesh Lounge Chair,5.0,,These chairs are so comfortable and stylish for sitting by the pool. Great design and sturdy structure. We have had many compliments from our friends. A++++,These chairs are so comfortable and stylish for sitting by the pool. Great design and sturdy structure. We have had many compliments from our friends. A++++,2022-04-20,Hot Mesh Lounge Chair_70条.xlsx,Sheet1,92971548,外观审美; 做工质量; 舒适度/实用性,3,正向,"外观审美: stylish, design | 做工质量: sturdy | 舒适度/实用性: comfortable"
Unknown,Hot Mesh Lounge Chair,2.0,,"They're attractive but mine came with broken ""feet"". I'll have to superglue them on. Too much of a hassle to ship back. Disappointing.","They're attractive but mine came with broken ""feet"". I'll have to superglue them on. Too much of a hassle to ship back. Disappointing.",2022-04-05,Hot Mesh Lounge Chair_70条.xlsx,Sheet1,91849475,外观审美; 做工质量,2,负向,外观审美: attractive | 做工质量: broken
Unknown,Hot Mesh Lounge Chair,1.0,,Legs don’t match and all 4 legs do not hit the ground and makes it super wobbly.,Legs don’t match and all 4 legs do not hit the ground and makes it super wobbly.,2021-07-26,Hot Mesh Lounge Chair_70条.xlsx,Sheet1,76273328,做工质量,1,负向,做工质量: wobbly
Unknown,Hot Mesh Lounge Chair,5.0,,"These chairs arrived right on time and were perfectly packed but also easy to unpack. The quality is excellent. I wanted something that was comfortable without cushions that would not blow away in my strong wind. Here they are 5 minutes out of the cartons and unstyled! I LOVE them. Sturdy, well made and comfortable without cushions!","These chairs arrived right on time and were perfectly packed but also easy to unpack. The quality is excellent. I wanted something that was comfortable without cushions that would not blow away in my strong wind. Here they are 5 minutes out of the cartons and unstyled! I LOVE them. Sturdy, well made and comfortable without cushions!",2021-04-01,Hot Mesh Lounge Chair_70条.xlsx,Sheet1,69449827,做工质量; 舒适度/实用性; 物流包装; 情绪价值,4,正向,"做工质量: quality, sturdy, well made | 舒适度/实用性: comfortable | 物流包装: arrived | 情绪价值: love"
Unknown,Hot Mesh Lounge Chair,5.0,,Very modern and nice chair for outdoor!,Very modern and nice chair for outdoor!,2021-03-08,Hot Mesh Lounge Chair_70条.xlsx,Sheet1,68062044,外观审美,1,正向,外观审美: modern
Unknown,Hot Mesh Lounge Chair,5.0,,"Cool, modern, comfortable a fun splash of color. Don’t need a cushion to sit for a good length of time. I can see through to the garden and it keeps the patio from feeling too crowded. It came quickly and nothing to assemble is nice for a change. I would definitely recommend this chair ( ottoman) the only con is one leg is a bit out of line - but not a big deal to me.","Cool, modern, comfortable a fun splash of color. Don’t need a cushion to sit for a good length of time. I can see through to the garden and it keeps the patio from feeling too crowded. It came quickly and nothing to assemble is nice for a change. I would definitely recommend this chair ( ottoman) the only con is one leg is a bit out of line - but not a big deal to me.",2020-07-11,Hot Mesh Lounge Chair_70条.xlsx,Sheet1,55033164,外观审美; 舒适度/实用性; 安装体验; 价格价值感; 情绪价值,5,正向,"外观审美: modern, color | 舒适度/实用性: comfortable, sit | 安装体验: assemble | 价格价值感: deal | 情绪价值: recommend"
Unknown,Hot Mesh Lounge Chair,5.0,,Surprisingly comfortable and very solid - great for the fire pit and lounging in outside on the bedroom patio,Surprisingly comfortable and very solid - great for the fire pit and lounging in outside on the bedroom patio,2018-03-19,Hot Mesh Lounge Chair_70条.xlsx,Sheet1,18656093,做工质量; 舒适度/实用性,2,正向,做工质量: solid | 舒适度/实用性: comfortable
Unknown,Hot Mesh Lounge Chair,5.0,,Love the color and comfort. Blu Dot always has great ergo on their products. Bought about her one.,Love the color and comfort. Blu Dot always has great ergo on their products. Bought about her one.,2025-05-02,Hot Mesh Lounge Chair_70条.xlsx,Sheet1,148415272,外观审美; 舒适度/实用性; 情绪价值,3,正向,外观审美: color | 舒适度/实用性: comfort | 情绪价值: love
Unknown,Hot Mesh Lounge Chair,4.0,,"A well-designed, quality piece of furniture that is surprisingly comfortable for even a 6' ft 2 guy. I didn't realize the backs were a bit shorter. But that doesn't take away from the overall experience of using the chair.","A well-designed, quality piece of furniture that is surprisingly comfortable for even a 6' ft 2 guy. I didn't realize the backs were a bit shorter. But that doesn't take away from the overall experience of using the chair.",2018-08-26,Hot Mesh Lounge Chair_70条.xlsx,Sheet1,23425079,做工质量; 舒适度/实用性,2,正向,做工质量: quality | 舒适度/实用性: comfortable
Unknown,Hot Mesh Lounge Chair,5.0,,"beyond expectations! I am serious chair snob~salutations to my sofa brethren, alas, I prefer the chair! the color, humble red & aqua are superb; the back hits in the perfect spot on the human back! thank you, Perigold!","beyond expectations! I am serious chair snob~salutations to my sofa brethren, alas, I prefer the chair! the color, humble red & aqua are superb; the back hits in the perfect spot on the human back! thank you, Perigold!",2025-10-20,Hot Mesh Lounge Chair_70条.xlsx,Sheet1,156849487,外观审美; 情绪价值,2,正向,外观审美: color | 情绪价值: perfect
Unknown,Hot Mesh Lounge Chair,5.0,,Love these lounge chairs! Ordered the grey-green - took forever to arrive but totally worth the wait.,Love these lounge chairs! Ordered the grey-green - took forever to arrive but totally worth the wait.,2025-09-16,Hot Mesh Lounge Chair_70条.xlsx,Sheet1,155232318,价格价值感; 情绪价值,2,正向,价格价值感: worth | 情绪价值: love
Unknown,Hot Mesh Lounge Chair,1.0,,"garbage knockoof that was marked up - they are trying to add exorbitant fee if $399 more ontop of the oer @$2k i paid for this garbage you get what you pay for - iam returning all of the garbage i purchased from wayfair/perigold, fool me once am i right?","garbage knockoof that was marked up - they are trying to add exorbitant fee if $399 more ontop of the oer @$2k i paid for this garbage you get what you pay for - iam returning all of the garbage i purchased from wayfair/perigold, fool me once am i right?",2025-07-08,Hot Mesh Lounge Chair_70条.xlsx,Sheet1,152774478,未归类,1,负向,
Unknown,Hot Mesh Lounge Chair,5.0,,"If you are iffy, don't be, you will be happy w these nice chairs. Well made, good quality, sturdy, and above all, comfortable! Love the low back profile, as well as wider seat.","If you are iffy, don't be, you will be happy w these nice chairs. Well made, good quality, sturdy, and above all, comfortable! Love the low back profile, as well as wider seat.",2024-11-13,Hot Mesh Lounge Chair_70条.xlsx,Sheet1,137243519,做工质量; 舒适度/实用性; 情绪价值,3,正向,"做工质量: quality, sturdy, well made | 舒适度/实用性: comfortable, seat | 情绪价值: love, happy"
Unknown,Hot Mesh Lounge Chair,5.0,,This chair is very comfortable and looks amazing in our sunroom.,This chair is very comfortable and looks amazing in our sunroom.,2024-07-28,Hot Mesh Lounge Chair_70条.xlsx,Sheet1,131873472,外观审美; 舒适度/实用性; 情绪价值,3,正向,外观审美: looks | 舒适度/实用性: comfortable | 情绪价值: amazing
Unknown,Hot Mesh Lounge Chair,5.0,,Great chairs! Much more comfortable than I expected and they seem sturdy and solid. Ordering two more for another vacation rental now!,Great chairs! Much more comfortable than I expected and they seem sturdy and solid. Ordering two more for another vacation rental now!,2024-06-01,Hot Mesh Lounge Chair_70条.xlsx,Sheet1,129269335,做工质量; 舒适度/实用性; 照片与实物差异,3,正向,"做工质量: sturdy, solid | 舒适度/实用性: comfortable | 照片与实物差异: expected"
Unknown,Hot Mesh Lounge Chair,5.0,,Could not love this more. We’ll worth the price. Fits anywhere and is very comfortable.,Could not love this more. We’ll worth the price. Fits anywhere and is very comfortable.,2023-06-25,Hot Mesh Lounge Chair_70条.xlsx,Sheet1,110779677,尺寸与空间适配; 舒适度/实用性; 价格价值感; 情绪价值,4,正向,"尺寸与空间适配: fits | 舒适度/实用性: comfortable | 价格价值感: price, worth | 情绪价值: love"
Unknown,Hot Mesh Lounge Chair,5.0,,It’s gorgeous and comfortable.,It’s gorgeous and comfortable.,2023-06-03,Hot Mesh Lounge Chair_70条.xlsx,Sheet1,109706317,外观审美; 舒适度/实用性,2,正向,外观审美: gorgeous | 舒适度/实用性: comfortable
Unknown,Hot Mesh Lounge Chair,4.0,,Love the style- need cushions for long sits ),Love the style- need cushions for long sits ),2023-01-15,Hot Mesh Lounge Chair_70条.xlsx,Sheet1,103620722,情绪价值,1,正向,情绪价值: love
Unknown,Hot Mesh Lounge Chair,5.0,,These are amazing! Super cute and unique.,These are amazing! Super cute and unique.,2023-01-13,Hot Mesh Lounge Chair_70条.xlsx,Sheet1,103529299,外观审美; 艺术感/收藏感; 情绪价值,3,正向,外观审美: cute | 艺术感/收藏感: unique | 情绪价值: amazing
Unknown,Hot Mesh Lounge Chair,5.0,,"Love the yellow chairs! They’re lightweight, visually airy, and super comfy.","Love the yellow chairs! They’re lightweight, visually airy, and super comfy.",2022-11-20,Hot Mesh Lounge Chair_70条.xlsx,Sheet1,101384636,舒适度/实用性; 情绪价值,2,正向,舒适度/实用性: comfy | 情绪价值: love
Unknown,Hot Mesh Lounge Chair,4.0,,It’s ok. Love the green color but it’s unfortunately much lower to the ground than expected.,It’s ok. Love the green color but it’s unfortunately much lower to the ground than expected.,2022-10-05,Hot Mesh Lounge Chair_70条.xlsx,Sheet1,99307890,外观审美; 情绪价值; 照片与实物差异,3,正向,"外观审美: color | 情绪价值: love | 照片与实物差异: expected, than expected"
Unknown,Hot Mesh Lounge Chair,5.0,,I ordered the yellow lounge chairs and love them! They are very comfortable and the pop of yellow matches the throw pillows I use...works great against the dark grey and white color pallet.,I ordered the yellow lounge chairs and love them! They are very comfortable and the pop of yellow matches the throw pillows I use...works great against the dark grey and white color pallet.,2022-10-01,Hot Mesh Lounge Chair_70条.xlsx,Sheet1,99176026,外观审美; 舒适度/实用性; 情绪价值,3,正向,"外观审美: color | 舒适度/实用性: comfortable, use | 情绪价值: love"
Unknown,Hot Mesh Lounge Chair,5.0,,Love ‘em! Great looking and comfortable!,Love ‘em! Great looking and comfortable!,2022-03-26,Hot Mesh Lounge Chair_70条.xlsx,Sheet1,91407598,舒适度/实用性; 情绪价值,2,正向,舒适度/实用性: comfortable | 情绪价值: love
Unknown,Hot Mesh Lounge Chair,4.0,,"I love this chair. I was reluctant to buy it because of the price. It’s stylist, comfortable, lightweight and easy to move around. I think that the metal will hold up to the intense Sacramento area sun better than fabric or wood.","I love this chair. I was reluctant to buy it because of the price. It’s stylist, comfortable, lightweight and easy to move around. I think that the metal will hold up to the intense Sacramento area sun better than fabric or wood.",2022-03-09,Hot Mesh Lounge Chair_70条.xlsx,Sheet1,90863275,材质质感; 舒适度/实用性; 价格价值感; 情绪价值,4,正向,"材质质感: wood, fabric, metal | 舒适度/实用性: comfortable | 价格价值感: price, buy | 情绪价值: love"
Unknown,Hot Mesh Lounge Chair,5.0,,"LOVE LOVE LOVE these chairs! These chairs are a surprise when you sit in them. You look at their low profile and metal mesh and arent quite sure until you actually sit in them and say out loud, ""these chairs are so comfortable!"" I cant lie! I already had one directly from the manufacturer in yellow and wanted to finish my patio with a pair of black ones and All Modern came to the rescue. Extremely happy with my purchase and All Modern experience.","LOVE LOVE LOVE these chairs! These chairs are a surprise when you sit in them. You look at their low profile and metal mesh and arent quite sure until you actually sit in them and say out loud, ""these chairs are so comfortable!"" I cant lie! I already had one directly from the manufacturer in yellow and wanted to finish my patio with a pair of black ones and All Modern came to the rescue. Extremely happy with my purchase and All Modern experience.",2021-10-01,Hot Mesh Lounge Chair_70条.xlsx,Sheet1,84791005,外观审美; 材质质感; 舒适度/实用性; 价格价值感; 情绪价值,5,正向,"外观审美: look, modern | 材质质感: metal, finish | 舒适度/实用性: comfortable, sit | 价格价值感: purchase | 情绪价值: love, happy"
Unknown,Hot Mesh Lounge Chair,5.0,,really like these chairs a perfect addition to my patio space. surprisingly comfortable and a really cool design.,really like these chairs a perfect addition to my patio space. surprisingly comfortable and a really cool design.,2021-09-29,Hot Mesh Lounge Chair_70条.xlsx,Sheet1,84696947,外观审美; 尺寸与空间适配; 舒适度/实用性; 情绪价值,4,正向,外观审美: design | 尺寸与空间适配: space | 舒适度/实用性: comfortable | 情绪价值: perfect
Unknown,Hot Mesh Lounge Chair,5.0,,"Beautiful chairs, very modern, and just the pop of color I was looking for.","Beautiful chairs, very modern, and just the pop of color I was looking for.",2021-05-27,Hot Mesh Lounge Chair_70条.xlsx,Sheet1,72353092,外观审美,1,正向,"外观审美: beautiful, modern, color, pop of color"
Unknown,Hot Mesh Lounge Chair,5.0,,These chairs are so comfortable and cool looking. They’re wide - so make sure you measure correctly.,These chairs are so comfortable and cool looking. They’re wide - so make sure you measure correctly.,2021-05-09,Hot Mesh Lounge Chair_70条.xlsx,Sheet1,71339383,尺寸与空间适配; 舒适度/实用性,2,正向,尺寸与空间适配: wide | 舒适度/实用性: comfortable
Unknown,Hot Mesh Lounge Chair,5.0,,"“Lounge” - it’s in the name. The curves, lower and wider surfaces sit perfectly. I find them more comfortable and stylish without a lumbar pillow.","“Lounge” - it’s in the name. The curves, lower and wider surfaces sit perfectly. I find them more comfortable and stylish without a lumbar pillow.",2021-04-18,Hot Mesh Lounge Chair_70条.xlsx,Sheet1,70322161,外观审美; 舒适度/实用性,2,正向,"外观审美: stylish | 舒适度/实用性: comfortable, sit"
Unknown,Hot Mesh Lounge Chair,5.0,,"fun chair. quite low to the ground, so make sure to measure","fun chair. quite low to the ground, so make sure to measure",2021-03-05,Hot Mesh Lounge Chair_70条.xlsx,Sheet1,67917682,未归类,1,正向,
Unknown,Hot Mesh Lounge Chair,5.0,,Love these stylish and comfortable chairs! They provide the perfect pop of color for the porch and hours of lounging. No cushions necessary!,Love these stylish and comfortable chairs! They provide the perfect pop of color for the porch and hours of lounging. No cushions necessary!,2020-06-21,Hot Mesh Lounge Chair_70条.xlsx,Sheet1,53842870,外观审美; 舒适度/实用性; 情绪价值,3,正向,"外观审美: stylish, color, pop of color | 舒适度/实用性: comfortable | 情绪价值: love, perfect"
Unknown,Hot Mesh Lounge Chair,5.0,,"Wanted outdoor patio chairs that don't need cushions but are still super comfy; these arrived well protected to avoid scratches and for once, no assembly required! Colour is quite a lovely grey-green that is sufficiently neutral so chairs can be easily co-ordinated with other pieces. Stand up well to the elements and SO comfy = perfect for around the hot tub where they regularly get wet.","Wanted outdoor patio chairs that don't need cushions but are still super comfy; these arrived well protected to avoid scratches and for once, no assembly required! Colour is quite a lovely grey-green that is sufficiently neutral so chairs can be easily co-ordinated with other pieces. Stand up well to the elements and SO comfy = perfect for around the hot tub where they regularly get wet.",2020-05-18,Hot Mesh Lounge Chair_70条.xlsx,Sheet1,51200655,舒适度/实用性; 物流包装; 安装体验; 情绪价值,4,正向,舒适度/实用性: comfy | 物流包装: arrived | 安装体验: assembly | 情绪价值: perfect
Unknown,Hot Mesh Lounge Chair,5.0,,Love the chair! Looks great on my deck. Already considering purchasing a second one to create a set.,Love the chair! Looks great on my deck. Already considering purchasing a second one to create a set.,2020-05-16,Hot Mesh Lounge Chair_70条.xlsx,Sheet1,50884507,外观审美; 情绪价值,2,正向,外观审美: looks | 情绪价值: love
Unknown,Hot Mesh Lounge Chair,5.0,,These look great on our front porch. They are almost mustard yellow...which really doesn't come through in the pictures. I like the actual color better. It gives it a more modern feel.,These look great on our front porch. They are almost mustard yellow...which really doesn't come through in the pictures. I like the actual color better. It gives it a more modern feel.,2020-05-11,Hot Mesh Lounge Chair_70条.xlsx,Sheet1,50477758,外观审美; 照片与实物差异,2,正向,"外观审美: look, modern, color | 照片与实物差异: actual"
Unknown,Hot Mesh Lounge Chair,5.0,,"Light looking, unique, great design, beautiful high quality color baked on finish, and really comfortable.","Light looking, unique, great design, beautiful high quality color baked on finish, and really comfortable.",2019-06-29,Hot Mesh Lounge Chair_70条.xlsx,Sheet1,35242854,外观审美; 艺术感/收藏感; 材质质感; 做工质量; 舒适度/实用性,5,正向,"外观审美: beautiful, design, color | 艺术感/收藏感: unique | 材质质感: finish | 做工质量: quality | 舒适度/实用性: comfortable"
Unknown,Hot Mesh Lounge Chair,5.0,,True to the picture in color and style. have it outside for months now and the colors keep resisting the weather.,True to the picture in color and style. have it outside for months now and the colors keep resisting the weather.,2018-10-25,Hot Mesh Lounge Chair_70条.xlsx,Sheet1,25037540,外观审美; 照片与实物差异,2,正向,外观审美: color | 照片与实物差异: picture
Unknown,Hot Mesh Lounge Chair,5.0,,"The color is bright and fun! It is nice and wide and sits very comfortably (not in a swimsuit though, you will end up with grate marks on your legs :)","The color is bright and fun! It is nice and wide and sits very comfortably (not in a swimsuit though, you will end up with grate marks on your legs :)",2018-06-29,Hot Mesh Lounge Chair_70条.xlsx,Sheet1,21994305,外观审美; 尺寸与空间适配; 照片与实物差异,3,正向,外观审美: color | 尺寸与空间适配: wide | 照片与实物差异: color is
Unknown,Hot Mesh Lounge Chair,5.0,,LOVE THEM! Very comfortable and not too low. Sturdy.,LOVE THEM! Very comfortable and not too low. Sturdy.,2018-03-22,Hot Mesh Lounge Chair_70条.xlsx,Sheet1,18721182,做工质量; 舒适度/实用性; 情绪价值,3,正向,做工质量: sturdy | 舒适度/实用性: comfortable | 情绪价值: love
Unknown,Hot Mesh Lounge Chair,5.0,,"Yeah, these chairs are fantastic. Low-slung, comfortable, and well-constructed. And they stack for storage.","Yeah, these chairs are fantastic. Low-slung, comfortable, and well-constructed. And they stack for storage.",2025-06-17,Hot Mesh Lounge Chair_70条.xlsx,Sheet1,152171123,舒适度/实用性,1,正向,舒适度/实用性: comfortable
Unknown,Hot Mesh Lounge Chair,5.0,,Seriously such a cool chair! Comfortable and fun.,Seriously such a cool chair! Comfortable and fun.,2025-05-07,Hot Mesh Lounge Chair_70条.xlsx,Sheet1,148568105,舒适度/实用性,1,正向,舒适度/实用性: comfortable
Unknown,Hot Mesh Lounge Chair,5.0,,We absolutely loved these chairs. Extremely comfortable and looks great in our yard. Unfortunately 2 out of the 4 came with chips and cracks on it. I’ve requested a replacement and hope that Wayfair fixes the issues.,We absolutely loved these chairs. Extremely comfortable and looks great in our yard. Unfortunately 2 out of the 4 came with chips and cracks on it. I’ve requested a replacement and hope that Wayfair fixes the issues.,2024-10-20,Hot Mesh Lounge Chair_70条.xlsx,Sheet1,136063506,外观审美; 舒适度/实用性; 物流包装,3,正向,外观审美: looks | 舒适度/实用性: comfortable | 物流包装: replacement
Unknown,Hot Mesh Lounge Chair,5.0,,Every time I use this chair in a project there are instant compliments- it’s a great design at a good price,Every time I use this chair in a project there are instant compliments- it’s a great design at a good price,2024-10-20,Hot Mesh Lounge Chair_70条.xlsx,Sheet1,136044987,外观审美; 舒适度/实用性; 价格价值感,3,正向,外观审美: design | 舒适度/实用性: use | 价格价值感: price
Unknown,Hot Mesh Lounge Chair,5.0,,"Blu Dot delivers on design. It's not necessarily the star of the patio, but it's very comfortable to sit in for long periods of time. Stands up to the weather for the most part, but wish it was made from aluminum and not steel.","Blu Dot delivers on design. It's not necessarily the star of the patio, but it's very comfortable to sit in for long periods of time. Stands up to the weather for the most part, but wish it was made from aluminum and not steel.",2023-09-22,Hot Mesh Lounge Chair_70条.xlsx,Sheet1,115493819,外观审美; 舒适度/实用性,2,正向,"外观审美: design | 舒适度/实用性: comfortable, sit"
Unknown,Hot Mesh Lounge Chair,5.0,,Love these chairs. Very unique look.,Love these chairs. Very unique look.,2023-02-10,Hot Mesh Lounge Chair_70条.xlsx,Sheet1,104485453,外观审美; 艺术感/收藏感; 情绪价值,3,正向,外观审美: look | 艺术感/收藏感: unique | 情绪价值: love
Unknown,Hot Mesh Lounge Chair,5.0,,too cute and very substantial and fitting,too cute and very substantial and fitting,2022-09-18,Hot Mesh Lounge Chair_70条.xlsx,Sheet1,98751801,外观审美,1,正向,外观审美: cute
Unknown,Hot Mesh Lounge Chair,5.0,,We got these chairs in aqua for a fireplace setting and they are so big and truly comfortable!,We got these chairs in aqua for a fireplace setting and they are so big and truly comfortable!,2022-03-18,Hot Mesh Lounge Chair_70条.xlsx,Sheet1,91165219,舒适度/实用性,1,正向,舒适度/实用性: comfortable
Unknown,Hot Mesh Lounge Chair,5.0,,Really nice for commercial use as it is wider to accommodate a wide range of body types.,Really nice for commercial use as it is wider to accommodate a wide range of body types.,2021-12-17,Hot Mesh Lounge Chair_70条.xlsx,Sheet1,87778447,尺寸与空间适配; 舒适度/实用性,2,正向,尺寸与空间适配: wide | 舒适度/实用性: use
Unknown,Kloud 1 - Light Single Globe Pendant,5.0,,"Gorgeous! Too bad a painter at my house bumped it and it cracked. Beautiful color, substantial material. He bumped it pretty hard","Gorgeous! Too bad a painter at my house bumped it and it cracked. Beautiful color, substantial material. He bumped it pretty hard",2026-01-14,Kloud 1 - Light Single Globe Pendant_60条.xlsx,Sheet1,160677368,外观审美; 材质质感; 做工质量,3,正向,"外观审美: beautiful, gorgeous, pretty, color | 材质质感: material | 做工质量: cracked"
Unknown,Kloud 1 - Light Single Globe Pendant,5.0,,Absolutely stunning pendants. Worth every penny for a modern and eye catching look.,Absolutely stunning pendants. Worth every penny for a modern and eye catching look.,2026-04-14,Kloud 1 - Light Single Globe Pendant_60条.xlsx,Sheet1,164881432,外观审美; 价格价值感; 情绪价值,3,正向,"外观审美: look, modern | 价格价值感: worth | 情绪价值: stunning"
Unknown,Kloud 1 - Light Single Globe Pendant,4.0,,Beautiful unique lights. My only complaint is the light bulb sits sideways and the connection is chrome and was apposed to brushed as I ordered. Not a big deal but at this price point they should be perfect.,Beautiful unique lights. My only complaint is the light bulb sits sideways and the connection is chrome and was apposed to brushed as I ordered. Not a big deal but at this price point they should be perfect.,2026-01-04,Kloud 1 - Light Single Globe Pendant_60条.xlsx,Sheet1,160251042,外观审美; 艺术感/收藏感; 价格价值感; 情绪价值,4,正向,"外观审美: beautiful | 艺术感/收藏感: unique | 价格价值感: price, deal | 情绪价值: perfect"
Unknown,Kloud 1 - Light Single Globe Pendant,5.0,,Absolutely stunning pendant! It totally complements the main 5 light Kloud chandelier purchased. Pendant is in Amber color.,Absolutely stunning pendant! It totally complements the main 5 light Kloud chandelier purchased. Pendant is in Amber color.,2026-03-19,Kloud 1 - Light Single Globe Pendant_60条.xlsx,Sheet1,163344483,外观审美; 情绪价值,2,正向,外观审美: color | 情绪价值: stunning
Unknown,Kloud 1 - Light Single Globe Pendant,5.0,,Beyone beautiful really are amazing in person,Beyone beautiful really are amazing in person,2026-02-03,Kloud 1 - Light Single Globe Pendant_60条.xlsx,Sheet1,161427939,外观审美; 情绪价值; 照片与实物差异,3,正向,外观审美: beautiful | 情绪价值: amazing | 照片与实物差异: in person
Unknown,Kloud 1 - Light Single Globe Pendant,5.0,,Looks so classy,Looks so classy,2025-11-26,Kloud 1 - Light Single Globe Pendant_60条.xlsx,Sheet1,158561275,外观审美,1,正向,外观审美: looks
Unknown,Kloud 1 - Light Single Globe Pendant,5.0,,Love them! So unique!,Love them! So unique!,2025-12-08,Kloud 1 - Light Single Globe Pendant_60条.xlsx,Sheet1,159206799,艺术感/收藏感; 情绪价值,2,正向,艺术感/收藏感: unique | 情绪价值: love
Unknown,Kloud 1 - Light Single Globe Pendant,5.0,,Very nice and elegant,Very nice and elegant,2026-05-13,Kloud 1 - Light Single Globe Pendant_60条.xlsx,Sheet1,166323622,未归类,1,正向,
Unknown,Kloud 1 - Light Single Globe Pendant,2.0,,"I’m really disappointed with these lights. I bought three to place over my new kitchen island but they’re absolutely useless because they produce so little light. They’re basically glass lanterns that are just for looks not utility. In addition the bulbs don’t mount straight. I would return these if I could, but unfortunately they’re not returnable so buyer beware.","I’m really disappointed with these lights. I bought three to place over my new kitchen island but they’re absolutely useless because they produce so little light. They’re basically glass lanterns that are just for looks not utility. In addition the bulbs don’t mount straight. I would return these if I could, but unfortunately they’re not returnable so buyer beware.",2025-08-31,Kloud 1 - Light Single Globe Pendant_60条.xlsx,Sheet1,154561624,外观审美; 尺寸与空间适配,2,负向,外观审美: looks | 尺寸与空间适配: little
Unknown,Kloud 1 - Light Single Globe Pendant,5.0,,"Beautiful, however, needed to be a little brighter","Beautiful, however, needed to be a little brighter",2023-12-19,Kloud 1 - Light Single Globe Pendant_60条.xlsx,Sheet1,120349438,外观审美; 尺寸与空间适配,2,正向,外观审美: beautiful | 尺寸与空间适配: little
Unknown,Kloud 1 - Light Single Globe Pendant,5.0,,This is an absolutely amazing work of art! Love it!,This is an absolutely amazing work of art! Love it!,2025-05-13,Kloud 1 - Light Single Globe Pendant_60条.xlsx,Sheet1,150166622,艺术感/收藏感; 情绪价值,2,正向,"艺术感/收藏感: art, work of art | 情绪价值: love, amazing"
Unknown,Kloud 1 - Light Single Globe Pendant,5.0,,Gorgeous and ethereal. I did hire an electrician to install them.,Gorgeous and ethereal. I did hire an electrician to install them.,2025-01-04,Kloud 1 - Light Single Globe Pendant_60条.xlsx,Sheet1,140444747,外观审美; 安装体验,2,正向,外观审美: gorgeous | 安装体验: install
Unknown,Kloud 1 - Light Single Globe Pendant,5.0,,Very unique light fixture that will enhance the space !,Very unique light fixture that will enhance the space !,2024-03-05,Kloud 1 - Light Single Globe Pendant_60条.xlsx,Sheet1,124247093,艺术感/收藏感; 尺寸与空间适配,2,正向,艺术感/收藏感: unique | 尺寸与空间适配: space
Unknown,Kloud 1 - Light Single Globe Pendant,5.0,,This light is so beautiful. Very easy to install and looks great.,This light is so beautiful. Very easy to install and looks great.,2024-02-18,Kloud 1 - Light Single Globe Pendant_60条.xlsx,Sheet1,123521431,外观审美; 安装体验,2,正向,"外观审美: beautiful, looks | 安装体验: install"
Unknown,Kloud 1 - Light Single Globe Pendant,5.0,,Purchased 2 for over an island. Love Love Love. The light modern touch that was needed.,Purchased 2 for over an island. Love Love Love. The light modern touch that was needed.,2023-12-14,Kloud 1 - Light Single Globe Pendant_60条.xlsx,Sheet1,120063898,外观审美; 情绪价值,2,正向,外观审美: modern | 情绪价值: love
Unknown,Kloud 1 - Light Single Globe Pendant,5.0,,It's beautiful and I cant wait to hang it. The simple lines are elegant.,It's beautiful and I cant wait to hang it. The simple lines are elegant.,2023-09-28,Kloud 1 - Light Single Globe Pendant_60条.xlsx,Sheet1,115775340,外观审美,1,正向,外观审美: beautiful
Unknown,Kloud 1 - Light Single Globe Pendant,5.0,,Love my new pendant lights! It really enhanced the look of my kitchen. A bit expensive but definitely a quality product.,Love my new pendant lights! It really enhanced the look of my kitchen. A bit expensive but definitely a quality product.,2025-08-06,Kloud 1 - Light Single Globe Pendant_60条.xlsx,Sheet1,153746877,外观审美; 做工质量; 价格价值感; 情绪价值,4,正向,外观审美: look | 做工质量: quality | 价格价值感: expensive | 情绪价值: love
Unknown,Kloud 1 - Light Single Globe Pendant,5.0,,"Beautiful lights, I replaced other lights in my kitchen as you can see from one of the photos. They are stunning in person and are hand-blown glass so very attractive. Great price. They were packaged really well which was another bonus! Lastly, they give off a lot of light and you can use a dimmer on them. Great purchase. Ordering through Perigold was also a seamless transaction.","Beautiful lights, I replaced other lights in my kitchen as you can see from one of the photos. They are stunning in person and are hand-blown glass so very attractive. Great price. They were packaged really well which was another bonus! Lastly, they give off a lot of light and you can use a dimmer on them. Great purchase. Ordering through Perigold was also a seamless transaction.",2024-03-01,Kloud 1 - Light Single Globe Pendant_60条.xlsx,Sheet1,124064779,外观审美; 舒适度/实用性; 物流包装; 价格价值感; 情绪价值; 照片与实物差异,6,正向,"外观审美: beautiful, attractive | 舒适度/实用性: use | 物流包装: packaged | 价格价值感: price, purchase | 情绪价值: stunning | 照片与实物差异: in person"
Unknown,Kloud 1 - Light Single Globe Pendant,5.0,,"It was definitely worth the wait. I wanted a light that was both unique and beautiful but also had to not block my line of sight across my little condo. It’s absolutely gorgeous and perfect. Thank you once again Wayfair, I love it!","It was definitely worth the wait. I wanted a light that was both unique and beautiful but also had to not block my line of sight across my little condo. It’s absolutely gorgeous and perfect. Thank you once again Wayfair, I love it!",2023-08-22,Kloud 1 - Light Single Globe Pendant_60条.xlsx,Sheet1,113784306,外观审美; 艺术感/收藏感; 尺寸与空间适配; 价格价值感; 情绪价值,5,正向,"外观审美: beautiful, gorgeous | 艺术感/收藏感: unique | 尺寸与空间适配: little | 价格价值感: worth | 情绪价值: love, perfect"
Unknown,Kloud 1 - Light Single Globe Pendant,5.0,,Love these just wish I had bought the larger ones,Love these just wish I had bought the larger ones,2026-03-17,Kloud 1 - Light Single Globe Pendant_60条.xlsx,Sheet1,163204077,情绪价值,1,正向,情绪价值: love
Unknown,Kloud 1 - Light Single Globe Pendant,5.0,,Lightweight yet very nice and shipped quickly. Perfect for over my kitchen island. They look very expensive and seem to float like bubbles over my kitchen island. Each is slightly different because they’re hand blown which I love. The small led light inside is bright enough for my needs and can be dimmed. The Smokey gray glass is subtle but very elegant.,Lightweight yet very nice and shipped quickly. Perfect for over my kitchen island. They look very expensive and seem to float like bubbles over my kitchen island. Each is slightly different because they’re hand blown which I love. The small led light inside is bright enough for my needs and can be dimmed. The Smokey gray glass is subtle but very elegant.,2023-11-04,Kloud 1 - Light Single Globe Pendant_60条.xlsx,Sheet1,118237416,外观审美; 尺寸与空间适配; 价格价值感; 情绪价值; 照片与实物差异,5,正向,"外观审美: look | 尺寸与空间适配: small | 价格价值感: expensive | 情绪价值: love, perfect | 照片与实物差异: different"
Unknown,Kloud 1 - Light Single Globe Pendant,5.0,,I purchased a total of 6 of these glass light pendants. They are so lovely; like bubbles floating in the air. They were extremely well packaged and arrived in perfect condition.,I purchased a total of 6 of these glass light pendants. They are so lovely; like bubbles floating in the air. They were extremely well packaged and arrived in perfect condition.,2025-07-17,Kloud 1 - Light Single Globe Pendant_60条.xlsx,Sheet1,153088679,物流包装; 情绪价值,2,正向,"物流包装: arrived, packaged | 情绪价值: perfect"
Unknown,Kloud 1 - Light Single Globe Pendant,5.0,,I just had the two globe pendants professionally installed a few days ago and they are absolutely stunning! I’m very pleased with this purchase decision.,I just had the two globe pendants professionally installed a few days ago and they are absolutely stunning! I’m very pleased with this purchase decision.,2025-01-16,Kloud 1 - Light Single Globe Pendant_60条.xlsx,Sheet1,141108606,价格价值感; 情绪价值,2,正向,价格价值感: purchase | 情绪价值: stunning
Unknown,Kloud 1 - Light Single Globe Pendant,3.0,,The light is very nice but the colour and size did not work for me.,The light is very nice but the colour and size did not work for me.,2025-01-07,Kloud 1 - Light Single Globe Pendant_60条.xlsx,Sheet1,140547712,尺寸与空间适配,1,中性,尺寸与空间适配: size
Unknown,Kloud 1 - Light Single Globe Pendant,5.0,,"Exactly what I wanted. Beautiful look and quality, i like to say it’s the soul of our living room","Exactly what I wanted. Beautiful look and quality, i like to say it’s the soul of our living room",2024-07-11,Kloud 1 - Light Single Globe Pendant_60条.xlsx,Sheet1,131103389,外观审美; 做工质量; 尺寸与空间适配; 照片与实物差异,4,正向,"外观审美: beautiful, look | 做工质量: quality | 尺寸与空间适配: room | 照片与实物差异: exactly what i wanted"
Unknown,Kloud 1 - Light Single Globe Pendant,5.0,,The company that makes this piece has exceptional customer service. And the piece is gorgeous- so very pretty. I call it perfectly imperfect!,The company that makes this piece has exceptional customer service. And the piece is gorgeous- so very pretty. I call it perfectly imperfect!,2024-04-17,Kloud 1 - Light Single Globe Pendant_60条.xlsx,Sheet1,126415668,外观审美,1,正向,"外观审美: gorgeous, pretty"
Unknown,Kloud 1 - Light Single Globe Pendant,4.0,,It’s beautiful but you can see the seam which is a bit of turn off. But overall not bad. I think they should be cheaper priced.,It’s beautiful but you can see the seam which is a bit of turn off. But overall not bad. I think they should be cheaper priced.,2024-02-21,Kloud 1 - Light Single Globe Pendant_60条.xlsx,Sheet1,123688214,外观审美,1,正向,外观审美: beautiful
Unknown,Kloud 1 - Light Single Globe Pendant,5.0,,Stunning!! The mirror effect on the colored glass is something special. Theses are beautiful,Stunning!! The mirror effect on the colored glass is something special. Theses are beautiful,2023-10-16,Kloud 1 - Light Single Globe Pendant_60条.xlsx,Sheet1,116859258,外观审美; 情绪价值,2,正向,外观审美: beautiful | 情绪价值: stunning
Unknown,Kloud 1 - Light Single Globe Pendant,5.0,,Hanging in primary bath with odd shape mirrors and even though lightbulb is small it’s enough.,Hanging in primary bath with odd shape mirrors and even though lightbulb is small it’s enough.,2025-09-12,Kloud 1 - Light Single Globe Pendant_60条.xlsx,Sheet1,155078389,尺寸与空间适配,1,正向,尺寸与空间适配: small
Unknown,Kloud 1 - Light Single Globe Pendant,5.0,,"I got 3 light single Globe Pendant for my modern luxury kitchen, and it is perfected. I love it! Yes, I give it 5 stars.","I got 3 light single Globe Pendant for my modern luxury kitchen, and it is perfected. I love it! Yes, I give it 5 stars.",2025-08-25,Kloud 1 - Light Single Globe Pendant_60条.xlsx,Sheet1,154361207,外观审美; 情绪价值,2,正向,外观审美: modern | 情绪价值: love
Unknown,Kloud 1 - Light Single Globe Pendant,5.0,,He is a really beautiful lights and worth the cost very eerie when you need a solution that isn’t heavy looking. I put 3in my kitchen or the center Island ￼,He is a really beautiful lights and worth the cost very eerie when you need a solution that isn’t heavy looking. I put 3in my kitchen or the center Island ￼,2025-08-22,Kloud 1 - Light Single Globe Pendant_60条.xlsx,Sheet1,154291264,外观审美; 做工质量; 价格价值感,3,正向,"外观审美: beautiful | 做工质量: heavy | 价格价值感: worth, cost"
Unknown,Kloud 1 - Light Single Globe Pendant,5.0,,"Just gorgeous. Will look amazing in our home. Great quality, design.","Just gorgeous. Will look amazing in our home. Great quality, design.",2025-04-30,Kloud 1 - Light Single Globe Pendant_60条.xlsx,Sheet1,148220768,外观审美; 做工质量; 情绪价值,3,正向,"外观审美: gorgeous, design, look | 做工质量: quality | 情绪价值: amazing"
Unknown,Kloud 1 - Light Single Globe Pendant,1.0,,"I received a chipped globe, not at all as described.","I received a chipped globe, not at all as described.",2025-01-31,Kloud 1 - Light Single Globe Pendant_60条.xlsx,Sheet1,142137799,照片与实物差异,1,负向,照片与实物差异: as described
Unknown,Kloud 1 - Light Single Globe Pendant,5.0,,these are so airy and ethereal. love that they're not heavy glass!,these are so airy and ethereal. love that they're not heavy glass!,2024-08-01,Kloud 1 - Light Single Globe Pendant_60条.xlsx,Sheet1,132037088,做工质量; 情绪价值,2,正向,做工质量: heavy | 情绪价值: love
Unknown,Kloud 1 - Light Single Globe Pendant,5.0,,Very pretty for living room. The bulk it comes with has a bright white hospital like light. Considering changing bulb for a warmer effect.,Very pretty for living room. The bulk it comes with has a bright white hospital like light. Considering changing bulb for a warmer effect.,2023-12-06,Kloud 1 - Light Single Globe Pendant_60条.xlsx,Sheet1,119591845,外观审美; 尺寸与空间适配,2,正向,外观审美: pretty | 尺寸与空间适配: room
Unknown,Kloud 1 - Light Single Globe Pendant,5.0,,Very Modern and sheek! Just what I was looking for!,Very Modern and sheek! Just what I was looking for!,2023-02-05,Kloud 1 - Light Single Globe Pendant_60条.xlsx,Sheet1,104341916,外观审美,1,正向,外观审美: modern
Unknown,Kloud 1 - Light Single Globe Pendant,5.0,,I love These lights - easy to keep clean and looks great in the space - worth the money good quality,I love These lights - easy to keep clean and looks great in the space - worth the money good quality,2024-01-21,Kloud 1 - Light Single Globe Pendant_60条.xlsx,Sheet1,121940096,外观审美; 做工质量; 尺寸与空间适配; 价格价值感; 情绪价值,5,正向,外观审美: looks | 做工质量: quality | 尺寸与空间适配: space | 价格价值感: worth | 情绪价值: love
Unknown,Kloud 1 - Light Single Globe Pendant,5.0,,It is beautiful!!! We love it.,It is beautiful!!! We love it.,2023-09-17,Kloud 1 - Light Single Globe Pendant_60条.xlsx,Sheet1,115250742,外观审美; 情绪价值,2,正向,外观审美: beautiful | 情绪价值: love
Unknown,Kloud 1 - Light Single Globe Pendant,3.0,,"I really enjoy thees Pendant they look amazing, I do get many compliments for them until I lit them up, since unfortunately there is drops of stains inside the globe unreachable to swipe away, which definitely tears my heart out, not only because I paid relatively a lot of money for them, but also because I love them and I wish they were perfect...especially when they are on. It's hard to see it on the photo, but I'm sure the fabricant is aware of this issue with there product.","I really enjoy thees Pendant they look amazing, I do get many compliments for them until I lit them up, since unfortunately there is drops of stains inside the globe unreachable to swipe away, which definitely tears my heart out, not only because I paid relatively a lot of money for them, but also because I love them and I wish they were perfect...especially when they are on. It's hard to see it on the photo, but I'm sure the fabricant is aware of this issue with there product.",2022-12-22,Kloud 1 - Light Single Globe Pendant_60条.xlsx,Sheet1,102817121,外观审美; 情绪价值; 照片与实物差异,3,正向,"外观审美: look | 情绪价值: love, amazing, perfect | 照片与实物差异: photo"
Unknown,Kloud 1 - Light Single Globe Pendant,5.0,,It looks wonderful in my entry. Thank you.,It looks wonderful in my entry. Thank you.,2022-11-12,Kloud 1 - Light Single Globe Pendant_60条.xlsx,Sheet1,101009520,外观审美,1,正向,外观审美: looks
Unknown,Kloud 1 - Light Single Globe Pendant,5.0,,"Beautiful design, actually looks like floating clouds. I wanted an open concept design without bulky or distracting pendants....these are perfect and custom! Highly recommend","Beautiful design, actually looks like floating clouds. I wanted an open concept design without bulky or distracting pendants....these are perfect and custom! Highly recommend",2022-03-20,Kloud 1 - Light Single Globe Pendant_60条.xlsx,Sheet1,91233166,外观审美; 情绪价值,2,正向,"外观审美: beautiful, design, looks | 情绪价值: perfect, recommend"
Unknown,Kloud 1 - Light Single Globe Pendant,5.0,,These pendants are beautiful in person. I've used them on a few projects and will use them again.,These pendants are beautiful in person. I've used them on a few projects and will use them again.,2025-01-21,Kloud 1 - Light Single Globe Pendant_60条.xlsx,Sheet1,141294013,外观审美; 舒适度/实用性; 照片与实物差异,3,正向,外观审美: beautiful | 舒适度/实用性: use | 照片与实物差异: in person
Unknown,Kloud 1 - Light Single Globe Pendant,5.0,,Gorgeous light! I have it in my kitchen and get a ton of compliments on it. Provides very soft lighting. I needed to add under cabinet lighting to ensure my kitchen is bright enough when needed.,Gorgeous light! I have it in my kitchen and get a ton of compliments on it. Provides very soft lighting. I needed to add under cabinet lighting to ensure my kitchen is bright enough when needed.,2024-08-27,Kloud 1 - Light Single Globe Pendant_60条.xlsx,Sheet1,133246420,外观审美; 舒适度/实用性,2,正向,外观审美: gorgeous | 舒适度/实用性: soft
Unknown,Kloud 1 - Light Single Globe Pendant,4.0,,I actually received the clear glass lights and they’re beautiful! So unique! I would say I don’t love the bulb that inside. I feel like they could look a less “cheap” since the light interior is so visible but all in all my client and I are happy!,I actually received the clear glass lights and they’re beautiful! So unique! I would say I don’t love the bulb that inside. I feel like they could look a less “cheap” since the light interior is so visible but all in all my client and I are happy!,2023-10-09,Kloud 1 - Light Single Globe Pendant_60条.xlsx,Sheet1,116536893,外观审美; 艺术感/收藏感; 价格价值感; 情绪价值,4,正向,"外观审美: beautiful, look | 艺术感/收藏感: unique | 价格价值感: cheap | 情绪价值: love, happy"
Unknown,Kloud 1 - Light Single Globe Pendant,3.0,,"Cold light. Beautiful globes, but the bulbs themselves are cold and harsh. Don’t think the globes are compatible with a different bulb.","Cold light. Beautiful globes, but the bulbs themselves are cold and harsh. Don’t think the globes are compatible with a different bulb.",2023-09-23,Kloud 1 - Light Single Globe Pendant_60条.xlsx,Sheet1,115541194,外观审美; 照片与实物差异,2,正向,外观审美: beautiful | 照片与实物差异: different
Unknown,Kloud 1 - Light Single Globe Pendant,5.0,,"Beautiful, elegant, and modern","Beautiful, elegant, and modern",2023-07-10,Kloud 1 - Light Single Globe Pendant_60条.xlsx,Sheet1,111478012,外观审美,1,正向,"外观审美: beautiful, modern"
Unknown,Kloud 1 - Light Single Globe Pendant,5.0,,"Beautiful pendant, looks great and was easy to install.","Beautiful pendant, looks great and was easy to install.",2023-04-29,Kloud 1 - Light Single Globe Pendant_60条.xlsx,Sheet1,107783284,外观审美; 安装体验,2,正向,"外观审美: beautiful, looks | 安装体验: install"
Unknown,Kloud 1 - Light Single Globe Pendant,5.0,,One of a kind look for your home!,One of a kind look for your home!,2023-04-03,Kloud 1 - Light Single Globe Pendant_60条.xlsx,Sheet1,106915398,外观审美,1,正向,外观审美: look
Unknown,Kloud 1 - Light Single Globe Pendant,5.0,,Beautiful design. Easy to install !,Beautiful design. Easy to install !,2023-03-15,Kloud 1 - Light Single Globe Pendant_60条.xlsx,Sheet1,106217786,外观审美; 安装体验,2,正向,"外观审美: beautiful, design | 安装体验: install"
Unknown,Kloud 1 - Light Single Globe Pendant,5.0,,Simply beautiful ! About to order more,Simply beautiful ! About to order more,2023-01-11,Kloud 1 - Light Single Globe Pendant_60条.xlsx,Sheet1,103442859,外观审美,1,正向,外观审美: beautiful
Unknown,Kloud 1 - Light Single Globe Pendant,5.0,,"These pendants look gorgeous. Just received them today, will update once installed.","These pendants look gorgeous. Just received them today, will update once installed.",2023-01-04,Kloud 1 - Light Single Globe Pendant_60条.xlsx,Sheet1,103216390,外观审美,1,正向,"外观审美: gorgeous, look"
Unknown,Kloud 1 - Light Single Globe Pendant,5.0,,"Beautiful fixture. Slightly smaller than expected. Easy install. Brighter than expected, but amber coating warms the illumination. If you are picky, the bulb does not sit perfectly straight because of the off-center shape of the globe (it's barely perceptible, get over it.) Very pleased overall.","Beautiful fixture. Slightly smaller than expected. Easy install. Brighter than expected, but amber coating warms the illumination. If you are picky, the bulb does not sit perfectly straight because of the off-center shape of the globe (it's barely perceptible, get over it.) Very pleased overall.",2022-11-23,Kloud 1 - Light Single Globe Pendant_60条.xlsx,Sheet1,101564695,外观审美; 尺寸与空间适配; 舒适度/实用性; 安装体验; 照片与实物差异,5,正向,"外观审美: beautiful | 尺寸与空间适配: smaller | 舒适度/实用性: sit | 安装体验: install | 照片与实物差异: expected, than expected"
Unknown,Kloud 1 - Light Single Globe Pendant,5.0,,Globes were beautiful! Unfortunately was sent the wrong size and have to wait for several months for correct ones,Globes were beautiful! Unfortunately was sent the wrong size and have to wait for several months for correct ones,2022-06-30,Kloud 1 - Light Single Globe Pendant_60条.xlsx,Sheet1,95897631,外观审美; 尺寸与空间适配,2,正向,外观审美: beautiful | 尺寸与空间适配: size
Unknown,Kloud 1 - Light Single Globe Pendant,5.0,,Gorgeous and beautifully made,Gorgeous and beautifully made,2025-09-28,Kloud 1 - Light Single Globe Pendant_60条.xlsx,Sheet1,155701627,外观审美,1,正向,外观审美: gorgeous
Unknown,Kloud 1 - Light Single Globe Pendant,5.0,,"Amazing, beautiful.","Amazing, beautiful.",2024-11-26,Kloud 1 - Light Single Globe Pendant_60条.xlsx,Sheet1,138234607,外观审美; 情绪价值,2,正向,外观审美: beautiful | 情绪价值: amazing
Unknown,Kloud 1 - Light Single Globe Pendant,5.0,,Beautiful and well made.,Beautiful and well made.,2024-11-19,Kloud 1 - Light Single Globe Pendant_60条.xlsx,Sheet1,137775189,外观审美; 做工质量,2,正向,外观审美: beautiful | 做工质量: well made
Unknown,Kloud 1 - Light Single Globe Pendant,5.0,,Beautiful lights!,Beautiful lights!,2023-11-15,Kloud 1 - Light Single Globe Pendant_60条.xlsx,Sheet1,118819570,外观审美,1,正向,外观审美: beautiful
Unknown,Kloud 1 - Light Single Globe Pendant,5.0,,"Beautiful, quality lighting","Beautiful, quality lighting",2024-04-17,Kloud 1 - Light Single Globe Pendant_60条.xlsx,Sheet1,126412442,外观审美; 做工质量,2,正向,外观审美: beautiful | 做工质量: quality
Unknown,Kloud 1 - Light Single Globe Pendant,5.0,,Amazing cute pendant!!!,Amazing cute pendant!!!,2024-01-19,Kloud 1 - Light Single Globe Pendant_60条.xlsx,Sheet1,121831224,外观审美; 情绪价值,2,正向,外观审美: cute | 情绪价值: amazing
Unknown,Lampert Sofa,5.0,,Great sofa!,Great sofa!,2025-12-16,Lampert Sofa_29条.xlsx,Sheet1,159560506,未归类,1,正向,
Unknown,Lampert Sofa,5.0,,"Love it! Great construction, beautiful fabric. Ideal for a formal living room.","Love it! Great construction, beautiful fabric. Ideal for a formal living room.",2016-09-05,Lampert Sofa_29条.xlsx,Sheet1,7200234,外观审美; 材质质感; 尺寸与空间适配; 情绪价值,4,正向,外观审美: beautiful | 材质质感: fabric | 尺寸与空间适配: room | 情绪价值: love
Unknown,Lampert Sofa,5.0,,"I am overjoyed with this sofa. It took me a while to decide as it was so expensive. But it is worth every cent. The color is perfect, just like the picture. It is really well made, and unbelievably comfortable. There are certain members of my family who will not move off of it. The shape is beautiful and it has made my whole living room seem really beautiful. I have only great things to say. Well worth it. !!!!","I am overjoyed with this sofa. It took me a while to decide as it was so expensive. But it is worth every cent. The color is perfect, just like the picture. It is really well made, and unbelievably comfortable. There are certain members of my family who will not move off of it. The shape is beautiful and it has made my whole living room seem really beautiful. I have only great things to say. Well worth it. !!!!",2016-08-20,Lampert Sofa_29条.xlsx,Sheet1,7003392,外观审美; 做工质量; 尺寸与空间适配; 舒适度/实用性; 价格价值感; 情绪价值; 照片与实物差异,7,正向,"外观审美: beautiful, color | 做工质量: well made | 尺寸与空间适配: room | 舒适度/实用性: comfortable | 价格价值感: worth, expensive, well worth | 情绪价值: perfect | 照片与实物差异: picture, color is"
Unknown,Lampert Sofa,4.0,,"This sofa is quite beautiful , the color is exactly as advertised however the buttons on the seating part of it can be painful if you hit one with an elbow or knee. Very good napping sofa also. Love it.","This sofa is quite beautiful , the color is exactly as advertised however the buttons on the seating part of it can be painful if you hit one with an elbow or knee. Very good napping sofa also. Love it.",2019-11-15,Lampert Sofa_29条.xlsx,Sheet1,40656417,外观审美; 情绪价值; 照片与实物差异,3,正向,"外观审美: beautiful, color | 情绪价值: love | 照片与实物差异: color is"
Unknown,Lampert Sofa,5.0,,"I got two of these and now have a classy livingroom. Quality is excellent, nice neutral grey.. and comfortable.. you can sleep on these if you were so inclined. Heavy, well made.","I got two of these and now have a classy livingroom. Quality is excellent, nice neutral grey.. and comfortable.. you can sleep on these if you were so inclined. Heavy, well made.",2018-11-10,Lampert Sofa_29条.xlsx,Sheet1,25543642,做工质量; 舒适度/实用性,2,正向,"做工质量: quality, well made, heavy | 舒适度/实用性: comfortable"
Unknown,Lampert Sofa,5.0,,The best sofa we ever purchased. Sturdy and high quality. Beautiful color and very comfortable.,The best sofa we ever purchased. Sturdy and high quality. Beautiful color and very comfortable.,2019-01-05,Lampert Sofa_29条.xlsx,Sheet1,27615277,外观审美; 做工质量; 舒适度/实用性,3,正向,"外观审美: beautiful, color | 做工质量: quality, sturdy | 舒适度/实用性: comfortable"
Unknown,Lampert Sofa,5.0,,Love this sofa it is so comfortable and glamorous!,Love this sofa it is so comfortable and glamorous!,2016-04-02,Lampert Sofa_29条.xlsx,Sheet1,5301527,舒适度/实用性; 情绪价值,2,正向,舒适度/实用性: comfortable | 情绪价值: love
Unknown,Lampert Sofa,5.0,,"Client loves this sofa! Super comfy and stylish! No assembly, shipping and delivery took FOREVER!!!","Client loves this sofa! Super comfy and stylish! No assembly, shipping and delivery took FOREVER!!!",2014-12-09,Lampert Sofa_29条.xlsx,Sheet1,2120771,外观审美; 舒适度/实用性; 物流包装; 安装体验,4,正向,"外观审美: stylish | 舒适度/实用性: comfy | 物流包装: shipping, delivery | 安装体验: assembly"
Unknown,Lampert Sofa,5.0,,"I was hesitant to order a sofa without experiencing it first hand, but I really wanted a new signature piece for my living room and this sofa fit the bill. Wow... I am so glad I took the risk. Not only is the color lovely and vibrant as the photos, but also it sits and feels so nice.","I was hesitant to order a sofa without experiencing it first hand, but I really wanted a new signature piece for my living room and this sofa fit the bill. Wow... I am so glad I took the risk. Not only is the color lovely and vibrant as the photos, but also it sits and feels so nice.",2014-09-10,Lampert Sofa_29条.xlsx,Sheet1,1736023,外观审美; 尺寸与空间适配,2,正向,"外观审美: color | 尺寸与空间适配: room, fit"
Unknown,Lampert Sofa,5.0,,The sofa is great. It is the highest quality sofa. We love the sofa and love the brand of Jonathan Adler.,The sofa is great. It is the highest quality sofa. We love the sofa and love the brand of Jonathan Adler.,2014-06-03,Lampert Sofa_29条.xlsx,Sheet1,1477281,做工质量; 情绪价值,2,正向,做工质量: quality | 情绪价值: love
Unknown,Lampert Sofa,4.0,,The couch is beautiful. Comfortable. The base is pure white which may not be clear in all photos.,The couch is beautiful. Comfortable. The base is pure white which may not be clear in all photos.,2014-03-16,Lampert Sofa_29条.xlsx,Sheet1,1257253,外观审美; 舒适度/实用性,2,正向,外观审美: beautiful | 舒适度/实用性: comfortable
Unknown,Lampert Sofa,5.0,,We bought this for our formal living room. It looks classy and modern. So comfortable to sit on. This color is just stunning! Loved this purchase.,We bought this for our formal living room. It looks classy and modern. So comfortable to sit on. This color is just stunning! Loved this purchase.,2023-02-12,Lampert Sofa_29条.xlsx,Sheet1,104559522,外观审美; 尺寸与空间适配; 舒适度/实用性; 价格价值感; 情绪价值; 照片与实物差异,6,正向,"外观审美: looks, modern, color | 尺寸与空间适配: room | 舒适度/实用性: comfortable, sit | 价格价值感: purchase | 情绪价值: stunning | 照片与实物差异: color is"
Unknown,Lampert Sofa,5.0,,"I was a bit scared buying this sofa online, but I am extremely satisfied with the high quality of this beautiful sofa. It is very sturdy and the color and material true to what's displayed online.","I was a bit scared buying this sofa online, but I am extremely satisfied with the high quality of this beautiful sofa. It is very sturdy and the color and material true to what's displayed online.",2024-06-18,Lampert Sofa_29条.xlsx,Sheet1,130157566,外观审美; 材质质感; 做工质量,3,正向,"外观审美: beautiful, color | 材质质感: material | 做工质量: quality, sturdy"
Unknown,Lampert Sofa,3.0,,"The sofa looks beautiful, would have preferred a not damaged item","The sofa looks beautiful, would have preferred a not damaged item",2024-05-09,Lampert Sofa_29条.xlsx,Sheet1,127807510,外观审美,1,中性,"外观审美: beautiful, looks"
Unknown,Lampert Sofa,5.0,,"I ordered two of these sofas for a client's family room and we are all thrilled with them! The gray velvet is soft and changes color slightly depending on how the light is shining on them. Makes them interesting and even more beautiful. They are deep, comfortable and chic. Definitely a statement piece! Pros: Comfort, quality fabric","I ordered two of these sofas for a client's family room and we are all thrilled with them! The gray velvet is soft and changes color slightly depending on how the light is shining on them. Makes them interesting and even more beautiful. They are deep, comfortable and chic. Definitely a statement piece! Pros: Comfort, quality fabric",2015-11-01,Lampert Sofa_29条.xlsx,Sheet1,3669507,外观审美; 艺术感/收藏感; 材质质感; 做工质量; 尺寸与空间适配; 舒适度/实用性,6,正向,"外观审美: beautiful, color | 艺术感/收藏感: statement, statement piece | 材质质感: fabric | 做工质量: quality | 尺寸与空间适配: room | 舒适度/实用性: comfortable, comfort, soft"
Unknown,Lampert Sofa,5.0,,"The quality is fantastic, and the color is as bold as it gets. Absolute centerpiece for the new living room!","The quality is fantastic, and the color is as bold as it gets. Absolute centerpiece for the new living room!",2015-01-02,Lampert Sofa_29条.xlsx,Sheet1,2216035,外观审美; 做工质量; 尺寸与空间适配; 照片与实物差异,4,正向,外观审美: color | 做工质量: quality | 尺寸与空间适配: room | 照片与实物差异: color is
Unknown,Lampert Sofa,5.0,,"gorgeous, comfortable sofa. it's a statement piece in any room.","gorgeous, comfortable sofa. it's a statement piece in any room.",2013-12-15,Lampert Sofa_29条.xlsx,Sheet1,1065286,外观审美; 艺术感/收藏感; 尺寸与空间适配; 舒适度/实用性,4,正向,"外观审美: gorgeous | 艺术感/收藏感: statement, statement piece | 尺寸与空间适配: room | 舒适度/实用性: comfortable"
Unknown,Lampert Sofa,5.0,,It is gorgeous!,It is gorgeous!,2020-10-09,Lampert Sofa_29条.xlsx,Sheet1,60317627,外观审美,1,正向,外观审美: gorgeous
Unknown,Lampert Sofa,5.0,,Love it!,Love it!,2022-03-31,Lampert Sofa_29条.xlsx,Sheet1,91573825,情绪价值,1,正向,情绪价值: love
Unknown,Lampert Sofa,5.0,,beautiful!!! so chic!,beautiful!!! so chic!,2016-04-18,Lampert Sofa_29条.xlsx,Sheet1,5526048,外观审美,1,正向,外观审美: beautiful
Unknown,Lampert Sofa,4.0,,Great color and style,Great color and style,2023-09-21,Lampert Sofa_29条.xlsx,Sheet1,115431965,外观审美,1,正向,外观审美: color
Unknown,Lampert Sofa,5.0,,amazing!,amazing!,2022-09-05,Lampert Sofa_29条.xlsx,Sheet1,98244656,情绪价值,1,正向,情绪价值: amazing
Unknown,Lize Upholstered Swivel Barrel Chair,5.0,,Beautiful and delicate craftmanship,Beautiful and delicate craftmanship,2026-05-20,Lize Upholstered Swivel Barrel Chair_25条.xlsx,Sheet1,166691044,外观审美; 做工质量,2,正向,外观审美: beautiful | 做工质量: craftmanship
Unknown,Lize Upholstered Swivel Barrel Chair,5.0,,"We love these chairs, great buy","We love these chairs, great buy",2026-05-03,Lize Upholstered Swivel Barrel Chair_25条.xlsx,Sheet1,165853021,价格价值感; 情绪价值,2,正向,"价格价值感: buy, great buy | 情绪价值: love"
Unknown,Lize Upholstered Swivel Barrel Chair,5.0,,"Comfortable, stylish, and well-crafted. The swivel is smooth, the upholstery feels high-quality, and the chair adds a cozy, modern touch to the room. Great value for the price.","Comfortable, stylish, and well-crafted. The swivel is smooth, the upholstery feels high-quality, and the chair adds a cozy, modern touch to the room. Great value for the price.",2026-03-23,Lize Upholstered Swivel Barrel Chair_25条.xlsx,Sheet1,163473653,外观审美; 做工质量; 尺寸与空间适配; 舒适度/实用性; 价格价值感,5,正向,"外观审美: stylish, modern | 做工质量: quality | 尺寸与空间适配: room | 舒适度/实用性: comfortable, swivel | 价格价值感: price, value"
Unknown,Lize Upholstered Swivel Barrel Chair,5.0,,Beautiful the color the shape the style elegant I will definitely recommend this to stylist that’s are looking for perfection,Beautiful the color the shape the style elegant I will definitely recommend this to stylist that’s are looking for perfection,2025-07-14,Lize Upholstered Swivel Barrel Chair_25条.xlsx,Sheet1,152959639,外观审美; 情绪价值,2,正向,"外观审美: beautiful, color | 情绪价值: perfection, recommend"
Unknown,Lize Upholstered Swivel Barrel Chair,5.0,,Not only beautiful but very comfortable! I absolutely love them. The fabric is gorgeous,Not only beautiful but very comfortable! I absolutely love them. The fabric is gorgeous,2025-10-17,Lize Upholstered Swivel Barrel Chair_25条.xlsx,Sheet1,156761490,外观审美; 材质质感; 舒适度/实用性; 情绪价值,4,正向,"外观审美: beautiful, gorgeous | 材质质感: fabric | 舒适度/实用性: comfortable | 情绪价值: love"
Unknown,Lize Upholstered Swivel Barrel Chair,5.0,,"Very modern, comfortable! It arrived sooner than I expected.","Very modern, comfortable! It arrived sooner than I expected.",2023-06-14,Lize Upholstered Swivel Barrel Chair_25条.xlsx,Sheet1,110245481,外观审美; 舒适度/实用性; 物流包装; 照片与实物差异,4,正向,外观审美: modern | 舒适度/实用性: comfortable | 物流包装: arrived | 照片与实物差异: expected
Unknown,Lize Upholstered Swivel Barrel Chair,5.0,,"Very good quality, very comfortable Item as described","Very good quality, very comfortable Item as described",2025-06-13,Lize Upholstered Swivel Barrel Chair_25条.xlsx,Sheet1,152052865,做工质量; 舒适度/实用性; 照片与实物差异,3,正向,做工质量: quality | 舒适度/实用性: comfortable | 照片与实物差异: as described
Unknown,Lize Upholstered Swivel Barrel Chair,5.0,,Very nice and comfortable chair,Very nice and comfortable chair,2024-12-17,Lize Upholstered Swivel Barrel Chair_25条.xlsx,Sheet1,139668057,舒适度/实用性,1,正向,舒适度/实用性: comfortable
Unknown,Lize Upholstered Swivel Barrel Chair,5.0,,"Delivered safely and was packaged excellent. Loving our new chairs so much! They are very cozy, spacious, and have great back support. My husband is 6’2” and approves the comfort. Color is pretty accurate. Depending on your indoor lighting, they can appear to be a warmer tone than shown in the listing for photos.","Delivered safely and was packaged excellent. Loving our new chairs so much! They are very cozy, spacious, and have great back support. My husband is 6’2” and approves the comfort. Color is pretty accurate. Depending on your indoor lighting, they can appear to be a warmer tone than shown in the listing for photos.",2024-10-07,Lize Upholstered Swivel Barrel Chair_25条.xlsx,Sheet1,135323361,外观审美; 舒适度/实用性; 物流包装; 照片与实物差异,4,正向,"外观审美: pretty, color | 舒适度/实用性: comfort | 物流包装: packaged, delivered | 照片与实物差异: shown, color is"
Unknown,Lize Upholstered Swivel Barrel Chair,5.0,,My clients love the color and swivel. These are gorgeous from behind and extremely comfy.,My clients love the color and swivel. These are gorgeous from behind and extremely comfy.,2024-01-04,Lize Upholstered Swivel Barrel Chair_25条.xlsx,Sheet1,121071319,外观审美; 舒适度/实用性; 情绪价值,3,正向,"外观审美: gorgeous, color | 舒适度/实用性: comfy, swivel | 情绪价值: love"
Unknown,Lize Upholstered Swivel Barrel Chair,5.0,,"Amazing, professional service. Aimed to please and they delivery guys did just that.","Amazing, professional service. Aimed to please and they delivery guys did just that.",2025-01-28,Lize Upholstered Swivel Barrel Chair_25条.xlsx,Sheet1,141721520,物流包装; 情绪价值,2,正向,物流包装: delivery | 情绪价值: amazing
Unknown,Lize Upholstered Swivel Barrel Chair,5.0,,This chair is very sleek looking and is ever so comfortable. Very happy with the purchase.,This chair is very sleek looking and is ever so comfortable. Very happy with the purchase.,2025-09-08,Lize Upholstered Swivel Barrel Chair_25条.xlsx,Sheet1,154935030,外观审美; 舒适度/实用性; 价格价值感; 情绪价值,4,正向,外观审美: sleek | 舒适度/实用性: comfortable | 价格价值感: purchase | 情绪价值: happy
Unknown,Lize Upholstered Swivel Barrel Chair,4.0,,Looks and feels great! My clients are very happy with the selection. From the back its beautiful!,Looks and feels great! My clients are very happy with the selection. From the back its beautiful!,2024-08-02,Lize Upholstered Swivel Barrel Chair_25条.xlsx,Sheet1,132067295,外观审美; 情绪价值,2,正向,"外观审美: beautiful, looks | 情绪价值: happy"
Unknown,Lize Upholstered Swivel Barrel Chair,5.0,,"It is beautiful, very comfortable to sit.","It is beautiful, very comfortable to sit.",2024-01-16,Lize Upholstered Swivel Barrel Chair_25条.xlsx,Sheet1,121671989,外观审美; 舒适度/实用性,2,正向,"外观审美: beautiful | 舒适度/实用性: comfortable, sit"
Unknown,Lize Upholstered Swivel Barrel Chair,3.0,,"This is beautiful but I had to return because of the color and leather, I thought it was velvet.","This is beautiful but I had to return because of the color and leather, I thought it was velvet.",2023-11-17,Lize Upholstered Swivel Barrel Chair_25条.xlsx,Sheet1,118885906,外观审美; 材质质感,2,中性,"外观审美: beautiful, color | 材质质感: leather"
Unknown,Lize Upholstered Swivel Barrel Chair,5.0,,Love love love this chair!,Love love love this chair!,2025-09-17,Lize Upholstered Swivel Barrel Chair_25条.xlsx,Sheet1,155294641,情绪价值,1,正向,情绪价值: love
Unknown,Lize Upholstered Swivel Barrel Chair,5.0,,This chair is just perfect,This chair is just perfect,2025-05-14,Lize Upholstered Swivel Barrel Chair_25条.xlsx,Sheet1,150302828,情绪价值,1,正向,情绪价值: perfect
Unknown,Lize Upholstered Swivel Barrel Chair,5.0,,Beautiful chairs,Beautiful chairs,2025-09-03,Lize Upholstered Swivel Barrel Chair_25条.xlsx,Sheet1,154779556,外观审美,1,正向,外观审美: beautiful
Unknown,Lize Upholstered Swivel Barrel Chair,5.0,,Really nice very beatutiful,Really nice very beatutiful,2025-02-25,Lize Upholstered Swivel Barrel Chair_25条.xlsx,Sheet1,144131232,未归类,1,正向,
Unknown,Lodge Chair,4.0,,Fits beautifully into our library.,Fits beautifully into our library.,2022-03-19,Lodge Chair_12条.xlsx,Sheet1,91197131,尺寸与空间适配,1,正向,尺寸与空间适配: fits
Unknown,Lodge Chair,5.0,,I loved this chair but had to return because it did go with the design as I expect.. but awesome chair in regards to looks and comfort!,I loved this chair but had to return because it did go with the design as I expect.. but awesome chair in regards to looks and comfort!,2022-07-30,Lodge Chair_12条.xlsx,Sheet1,96834993,外观审美; 舒适度/实用性,2,正向,"外观审美: design, looks | 舒适度/实用性: comfort"
Unknown,Lodge Chair,5.0,,Great chair. Very comfortable and a nice design. Shipment was very easy and quick.,Great chair. Very comfortable and a nice design. Shipment was very easy and quick.,2017-08-22,Lodge Chair_12条.xlsx,Sheet1,13642035,外观审美; 舒适度/实用性,2,正向,外观审美: design | 舒适度/实用性: comfortable
Unknown,Lodge Chair,5.0,,The chair and proportion fit perfectly where I needed it. The craftsmanship is evident and I’m glad I took a leap of faith paying more than I normally would for an accent chair. It’s worth every dime.,The chair and proportion fit perfectly where I needed it. The craftsmanship is evident and I’m glad I took a leap of faith paying more than I normally would for an accent chair. It’s worth every dime.,2022-11-27,Lodge Chair_12条.xlsx,Sheet1,101714210,做工质量; 尺寸与空间适配; 价格价值感,3,正向,做工质量: craftsmanship | 尺寸与空间适配: fit | 价格价值感: worth
Unknown,Lodge Chair,5.0,,quality product. well built and beautiful,quality product. well built and beautiful,2023-02-14,Lodge Chair_12条.xlsx,Sheet1,104614022,外观审美; 做工质量,2,正向,外观审美: beautiful | 做工质量: quality
Unknown,Lodge Chair,5.0,,Exceeded my expectations. Very comfortable.,Exceeded my expectations. Very comfortable.,2016-01-25,Lodge Chair_12条.xlsx,Sheet1,4455027,舒适度/实用性; 照片与实物差异,2,正向,舒适度/实用性: comfortable | 照片与实物差异: exceeded my expectations
Unknown,Lodge Chair,5.0,,"Having previously viewed and had the pleasure of sitting in this chair, we were excited to see it on sale at Wayfair! This is an absolutely beautiful chair that is well worth the price. I love it because I can incorporate it into our living room and my husband loves it because he doesn't have to sacrifice his ""man chair."" Pros: No assembly, beautiful accent piece Cons: Shipping isn't free","Having previously viewed and had the pleasure of sitting in this chair, we were excited to see it on sale at Wayfair! This is an absolutely beautiful chair that is well worth the price. I love it because I can incorporate it into our living room and my husband loves it because he doesn't have to sacrifice his ""man chair."" Pros: No assembly, beautiful accent piece Cons: Shipping isn't free",2016-01-20,Lodge Chair_12条.xlsx,Sheet1,4387924,外观审美; 尺寸与空间适配; 物流包装; 安装体验; 价格价值感; 情绪价值,6,正向,"外观审美: beautiful | 尺寸与空间适配: room | 物流包装: shipping | 安装体验: assembly | 价格价值感: price, worth, well worth | 情绪价值: love, excited"
Unknown,Lodge Chair,5.0,,lovely and comfortable ! fabric in good shape !,lovely and comfortable ! fabric in good shape !,2025-03-21,Lodge Chair_12条.xlsx,Sheet1,146260922,材质质感; 舒适度/实用性,2,正向,材质质感: fabric | 舒适度/实用性: comfortable
Unknown,Lodge Chair,4.0,,"I ordered 4 of these chairs for a den. The packaging is quite extensive and the chairs arrived almost perfect (one small scratch that allmodern was gracious in helping with). The chairs arrived true to descriptions and pictures. I was pleased with the material on the sides/arms- It it quite sturdy and the color accents the overall chair nicely. The seats are pretty comfy and overall look very nice. Only reason I am not giving a 5 star rating is the quality of the leather is just average. For a reasonably expensive chair I was hopeful for softer/more supple feel to the leather. The leather is 4 star, not 5 star-","I ordered 4 of these chairs for a den. The packaging is quite extensive and the chairs arrived almost perfect (one small scratch that allmodern was gracious in helping with). The chairs arrived true to descriptions and pictures. I was pleased with the material on the sides/arms- It it quite sturdy and the color accents the overall chair nicely. The seats are pretty comfy and overall look very nice. Only reason I am not giving a 5 star rating is the quality of the leather is just average. For a reasonably expensive chair I was hopeful for softer/more supple feel to the leather. The leather is 4 star, not 5 star-",2016-01-23,Lodge Chair_12条.xlsx,Sheet1,4423344,外观审美; 材质质感; 做工质量; 尺寸与空间适配; 舒适度/实用性; 物流包装; 价格价值感; 情绪价值,8,正向,"外观审美: pretty, look, color | 材质质感: leather, material | 做工质量: quality, sturdy | 尺寸与空间适配: small | 舒适度/实用性: comfy | 物流包装: arrived, packaging | 价格价值感: expensive | 情绪价值: perfect"
Unknown,Lodge Chair,5.0,,"Love these urban armchairs. The leather is wood combo is organic and modern. Pros: Simple assembly. Clean, modern & organic lines.","Love these urban armchairs. The leather is wood combo is organic and modern. Pros: Simple assembly. Clean, modern & organic lines.",2015-08-11,Lodge Chair_12条.xlsx,Sheet1,3136795,外观审美; 材质质感; 安装体验; 情绪价值,4,正向,"外观审美: modern | 材质质感: wood, leather | 安装体验: assembly | 情绪价值: love"
Unknown,Lodge Chair,5.0,,Love it!!,Love it!!,2020-04-21,Lodge Chair_12条.xlsx,Sheet1,49095621,情绪价值,1,正向,情绪价值: love
Unknown,Louis Ghost Premium All-Weather Wicker Outdoor Stacking Dining Armchair (Set of 2),3.0,,"Unfortunately for me, my Louis Ghost Chair arrived damaged. Still waiting on a replacement since 3/19/2024. I do love the style of the chair and hoping the issue is resolved soon.","Unfortunately for me, my Louis Ghost Chair arrived damaged. Still waiting on a replacement since 3/19/2024. I do love the style of the chair and hoping the issue is resolved soon.",2024-04-02,Louis Ghost Premium All-Weather Wicker Outdoor Stacking Dining Armchair (Set of 2)_90条.xlsx,Sheet1,125560169,艺术感/收藏感; 物流包装; 情绪价值,3,负向,"艺术感/收藏感: ghost | 物流包装: arrived, replacement | 情绪价值: love"
Unknown,Louis Ghost Premium All-Weather Wicker Outdoor Stacking Dining Armchair (Set of 2),3.0,,"In my opinion, they just feel like they should be outdoor chairs, they feel too insubstantial to be indoor dining chairs. I love the style and then look, but when you sit in them, they feel cheap.","In my opinion, they just feel like they should be outdoor chairs, they feel too insubstantial to be indoor dining chairs. I love the style and then look, but when you sit in them, they feel cheap.",2023-03-02,Louis Ghost Premium All-Weather Wicker Outdoor Stacking Dining Armchair (Set of 2)_90条.xlsx,Sheet1,105742997,外观审美; 舒适度/实用性; 价格价值感; 情绪价值,4,中性,外观审美: look | 舒适度/实用性: sit | 价格价值感: cheap | 情绪价值: love
Unknown,Louis Ghost Premium All-Weather Wicker Outdoor Stacking Dining Armchair (Set of 2),5.0,,Looks just like the picture and high quality product.,Looks just like the picture and high quality product.,2018-07-02,Louis Ghost Premium All-Weather Wicker Outdoor Stacking Dining Armchair (Set of 2)_90条.xlsx,Sheet1,22054846,外观审美; 做工质量; 照片与实物差异,3,正向,外观审美: looks | 做工质量: quality | 照片与实物差异: picture
Unknown,Louis Ghost Premium All-Weather Wicker Outdoor Stacking Dining Armchair (Set of 2),1.0,,"Arrived damaged... lots of hairline cracks and imperfections. They were packaged well, so this must be a manufacturing issue.","Arrived damaged... lots of hairline cracks and imperfections. They were packaged well, so this must be a manufacturing issue.",2018-03-26,Louis Ghost Premium All-Weather Wicker Outdoor Stacking Dining Armchair (Set of 2)_90条.xlsx,Sheet1,18799670,物流包装,1,负向,"物流包装: arrived, packaged"
Unknown,Louis Ghost Premium All-Weather Wicker Outdoor Stacking Dining Armchair (Set of 2),4.0,,"Classic, using poolside with classic metal tables. Next season, custom slip covers, should be fun.","Classic, using poolside with classic metal tables. Next season, custom slip covers, should be fun.",2017-09-20,Louis Ghost Premium All-Weather Wicker Outdoor Stacking Dining Armchair (Set of 2)_90条.xlsx,Sheet1,14288770,艺术感/收藏感; 材质质感,2,正向,艺术感/收藏感: classic | 材质质感: metal
Unknown,Louis Ghost Premium All-Weather Wicker Outdoor Stacking Dining Armchair (Set of 2),5.0,,I love these chairs. They are so handsome and light in the space and they are actually comfortable.,I love these chairs. They are so handsome and light in the space and they are actually comfortable.,2017-04-28,Louis Ghost Premium All-Weather Wicker Outdoor Stacking Dining Armchair (Set of 2)_90条.xlsx,Sheet1,11571336,尺寸与空间适配; 舒适度/实用性; 情绪价值,3,正向,尺寸与空间适配: space | 舒适度/实用性: comfortable | 情绪价值: love
Unknown,Louis Ghost Premium All-Weather Wicker Outdoor Stacking Dining Armchair (Set of 2),5.0,,Good job although a couple of items were missing and had to be replaced .,Good job although a couple of items were missing and had to be replaced .,2017-04-03,Louis Ghost Premium All-Weather Wicker Outdoor Stacking Dining Armchair (Set of 2)_90条.xlsx,Sheet1,11044652,未归类,1,正向,
Unknown,Louis Ghost Premium All-Weather Wicker Outdoor Stacking Dining Armchair (Set of 2),5.0,,Love those chairs the fit perfectly at any environment,Love those chairs the fit perfectly at any environment,2016-12-27,Louis Ghost Premium All-Weather Wicker Outdoor Stacking Dining Armchair (Set of 2)_90条.xlsx,Sheet1,8947233,尺寸与空间适配; 情绪价值,2,正向,尺寸与空间适配: fit | 情绪价值: love
Unknown,Louis Ghost Premium All-Weather Wicker Outdoor Stacking Dining Armchair (Set of 2),5.0,,Lovely addition to my small office.,Lovely addition to my small office.,2016-12-14,Louis Ghost Premium All-Weather Wicker Outdoor Stacking Dining Armchair (Set of 2)_90条.xlsx,Sheet1,8764563,尺寸与空间适配,1,正向,尺寸与空间适配: small
Unknown,Louis Ghost Premium All-Weather Wicker Outdoor Stacking Dining Armchair (Set of 2),3.0,,They are really cool. But they get scratched and people are a little scared to sit in them in fear they will break.,They are really cool. But they get scratched and people are a little scared to sit in them in fear they will break.,2016-08-10,Louis Ghost Premium All-Weather Wicker Outdoor Stacking Dining Armchair (Set of 2)_90条.xlsx,Sheet1,6871492,尺寸与空间适配; 舒适度/实用性,2,负向,尺寸与空间适配: little | 舒适度/实用性: sit
Unknown,Louis Ghost Premium All-Weather Wicker Outdoor Stacking Dining Armchair (Set of 2),5.0,,The real deal. Looks fantastic outside.,The real deal. Looks fantastic outside.,2016-08-07,Louis Ghost Premium All-Weather Wicker Outdoor Stacking Dining Armchair (Set of 2)_90条.xlsx,Sheet1,6835067,外观审美; 价格价值感,2,正向,外观审美: looks | 价格价值感: deal
Unknown,Louis Ghost Premium All-Weather Wicker Outdoor Stacking Dining Armchair (Set of 2),5.0,,"LOVE, love, love these chairs! So happy with the purchase... The boxes they packaged them in were quite big & even though they used bubble-wraps, the boxes got damaged. The chairs were okay, but they should package them a little better probably.","LOVE, love, love these chairs! So happy with the purchase... The boxes they packaged them in were quite big & even though they used bubble-wraps, the boxes got damaged. The chairs were okay, but they should package them a little better probably.",2016-07-11,Louis Ghost Premium All-Weather Wicker Outdoor Stacking Dining Armchair (Set of 2)_90条.xlsx,Sheet1,6510906,尺寸与空间适配; 物流包装; 价格价值感; 情绪价值,4,正向,"尺寸与空间适配: little | 物流包装: packaged | 价格价值感: purchase | 情绪价值: love, happy"
Unknown,Louis Ghost Premium All-Weather Wicker Outdoor Stacking Dining Armchair (Set of 2),5.0,,have not dragged into the house to open yet....but I am so excited.,have not dragged into the house to open yet....but I am so excited.,2016-07-10,Louis Ghost Premium All-Weather Wicker Outdoor Stacking Dining Armchair (Set of 2)_90条.xlsx,Sheet1,6505009,情绪价值,1,正向,情绪价值: excited
Unknown,Louis Ghost Premium All-Weather Wicker Outdoor Stacking Dining Armchair (Set of 2),5.0,,This is Kartell. That should be enough said right there. Unbelievable Quality- makes a statement in the space. Acting as great end chairs in an urban dining room when the table is extended for company.,This is Kartell. That should be enough said right there. Unbelievable Quality- makes a statement in the space. Acting as great end chairs in an urban dining room when the table is extended for company.,2016-05-16,Louis Ghost Premium All-Weather Wicker Outdoor Stacking Dining Armchair (Set of 2)_90条.xlsx,Sheet1,5856023,艺术感/收藏感; 做工质量; 尺寸与空间适配,3,正向,"艺术感/收藏感: statement, kartell | 做工质量: quality | 尺寸与空间适配: space, room"
Unknown,Louis Ghost Premium All-Weather Wicker Outdoor Stacking Dining Armchair (Set of 2),5.0,,Would buy this chair for any space! Absolutely love it,Would buy this chair for any space! Absolutely love it,2016-05-10,Louis Ghost Premium All-Weather Wicker Outdoor Stacking Dining Armchair (Set of 2)_90条.xlsx,Sheet1,5791118,尺寸与空间适配; 价格价值感; 情绪价值,3,正向,尺寸与空间适配: space | 价格价值感: buy | 情绪价值: love
Unknown,Louis Ghost Premium All-Weather Wicker Outdoor Stacking Dining Armchair (Set of 2),5.0,,love love love! So happy with this purchase. It's very chic.,love love love! So happy with this purchase. It's very chic.,2016-05-09,Louis Ghost Premium All-Weather Wicker Outdoor Stacking Dining Armchair (Set of 2)_90条.xlsx,Sheet1,5778572,价格价值感; 情绪价值,2,正向,"价格价值感: purchase | 情绪价值: love, happy"
Unknown,Louis Ghost Premium All-Weather Wicker Outdoor Stacking Dining Armchair (Set of 2),5.0,,"I love these chairs, used for a leasing office.","I love these chairs, used for a leasing office.",2016-05-01,Louis Ghost Premium All-Weather Wicker Outdoor Stacking Dining Armchair (Set of 2)_90条.xlsx,Sheet1,5677107,情绪价值,1,正向,情绪价值: love
Unknown,Louis Ghost Premium All-Weather Wicker Outdoor Stacking Dining Armchair (Set of 2),5.0,,"I really really like this chair. Its comfortable and timeless. I have it in my dining room, and its obviously easy to wipe down if you need to clean up. I originally wanted it for a vanity but I did find knock offs for a 3rd of the price and the only difference in them is when light passes through the knock off it has a blue hue. That and the tiny manufacturer imprint on the original.","I really really like this chair. Its comfortable and timeless. I have it in my dining room, and its obviously easy to wipe down if you need to clean up. I originally wanted it for a vanity but I did find knock offs for a 3rd of the price and the only difference in them is when light passes through the knock off it has a blue hue. That and the tiny manufacturer imprint on the original.",2016-03-11,Louis Ghost Premium All-Weather Wicker Outdoor Stacking Dining Armchair (Set of 2)_90条.xlsx,Sheet1,5011029,尺寸与空间适配; 舒适度/实用性; 价格价值感,3,正向,尺寸与空间适配: room | 舒适度/实用性: comfortable | 价格价值感: price
Unknown,Louis Ghost Premium All-Weather Wicker Outdoor Stacking Dining Armchair (Set of 2),3.0,,"Beautiful, but not for bigger people! It felt a bit unsteady when my husband, and a clients husband sat in it.","Beautiful, but not for bigger people! It felt a bit unsteady when my husband, and a clients husband sat in it.",2016-03-11,Louis Ghost Premium All-Weather Wicker Outdoor Stacking Dining Armchair (Set of 2)_90条.xlsx,Sheet1,4998492,外观审美; 尺寸与空间适配,2,正向,外观审美: beautiful | 尺寸与空间适配: bigger
Unknown,Louis Ghost Premium All-Weather Wicker Outdoor Stacking Dining Armchair (Set of 2),5.0,,"Better in person. Stylish, Sturdy, Stunning","Better in person. Stylish, Sturdy, Stunning",2016-02-04,Louis Ghost Premium All-Weather Wicker Outdoor Stacking Dining Armchair (Set of 2)_90条.xlsx,Sheet1,4567812,外观审美; 做工质量; 情绪价值; 照片与实物差异,4,正向,外观审美: stylish | 做工质量: sturdy | 情绪价值: stunning | 照片与实物差异: in person
Unknown,Louis Ghost Premium All-Weather Wicker Outdoor Stacking Dining Armchair (Set of 2),5.0,,this chair always makes a nice staement,this chair always makes a nice staement,2016-01-22,Louis Ghost Premium All-Weather Wicker Outdoor Stacking Dining Armchair (Set of 2)_90条.xlsx,Sheet1,4408577,未归类,1,正向,
Unknown,Louis Ghost Premium All-Weather Wicker Outdoor Stacking Dining Armchair (Set of 2),5.0,,"The Ghost is a beautiful thing , conceptually and physically. The quality is excellent. Though Id rather stare atthrough it than choose to sit in it, it is surprisingly comfortable. Finally, Ive found a stunning and pet proof chair that complements my vintage dining table. This chair looks great in any setting.","The Ghost is a beautiful thing , conceptually and physically. The quality is excellent. Though Id rather stare atthrough it than choose to sit in it, it is surprisingly comfortable. Finally, Ive found a stunning and pet proof chair that complements my vintage dining table. This chair looks great in any setting.",2016-01-15,Louis Ghost Premium All-Weather Wicker Outdoor Stacking Dining Armchair (Set of 2)_90条.xlsx,Sheet1,4336130,外观审美; 艺术感/收藏感; 做工质量; 舒适度/实用性; 情绪价值,5,正向,"外观审美: beautiful, looks | 艺术感/收藏感: ghost | 做工质量: quality | 舒适度/实用性: comfortable, sit | 情绪价值: stunning"
Unknown,Louis Ghost Premium All-Weather Wicker Outdoor Stacking Dining Armchair (Set of 2),5.0,,"These chairs were paired with leather and hobnail chairs. Fabulous, classic look. Pros: Keepers. Will work in any room, any time. Cons: None","These chairs were paired with leather and hobnail chairs. Fabulous, classic look. Pros: Keepers. Will work in any room, any time. Cons: None",2016-01-04,Louis Ghost Premium All-Weather Wicker Outdoor Stacking Dining Armchair (Set of 2)_90条.xlsx,Sheet1,4208593,外观审美; 艺术感/收藏感; 材质质感; 尺寸与空间适配,4,正向,外观审美: look | 艺术感/收藏感: classic | 材质质感: leather | 尺寸与空间适配: room
Unknown,Louis Ghost Premium All-Weather Wicker Outdoor Stacking Dining Armchair (Set of 2),5.0,,Exactly what we needed for our treatment rooms.,Exactly what we needed for our treatment rooms.,2015-12-18,Louis Ghost Premium All-Weather Wicker Outdoor Stacking Dining Armchair (Set of 2)_90条.xlsx,Sheet1,4072220,未归类,1,正向,
Unknown,Louis Ghost Premium All-Weather Wicker Outdoor Stacking Dining Armchair (Set of 2),5.0,,Everything-classic shape modern presentation. Best of both worlds.,Everything-classic shape modern presentation. Best of both worlds.,2023-01-03,Louis Ghost Premium All-Weather Wicker Outdoor Stacking Dining Armchair (Set of 2)_90条.xlsx,Sheet1,103184342,外观审美; 艺术感/收藏感,2,正向,外观审美: modern | 艺术感/收藏感: classic
Unknown,Louis Ghost Premium All-Weather Wicker Outdoor Stacking Dining Armchair (Set of 2),5.0,,"I initially purchased 2 ghost chairs for my husband and I to try for a week. We found then to be sturdy and comfortable. In the end, we ended up purchasing a total of 6 as dining chairs. I love that they don't take a lot of visual space leading to less furniture weight on the eye. Do not purchase if you have children. I get stressed when my friend brings her son over and he starts running his little cars on the seat.","I initially purchased 2 ghost chairs for my husband and I to try for a week. We found then to be sturdy and comfortable. In the end, we ended up purchasing a total of 6 as dining chairs. I love that they don't take a lot of visual space leading to less furniture weight on the eye. Do not purchase if you have children. I get stressed when my friend brings her son over and he starts running his little cars on the seat.",2021-04-25,Louis Ghost Premium All-Weather Wicker Outdoor Stacking Dining Armchair (Set of 2)_90条.xlsx,Sheet1,70654157,艺术感/收藏感; 做工质量; 尺寸与空间适配; 舒适度/实用性; 价格价值感; 情绪价值,6,正向,"艺术感/收藏感: ghost | 做工质量: sturdy | 尺寸与空间适配: space, little | 舒适度/实用性: comfortable, seat | 价格价值感: purchase | 情绪价值: love"
Unknown,Louis Ghost Premium All-Weather Wicker Outdoor Stacking Dining Armchair (Set of 2),5.0,,"I ordered this chair and it came literally 2 or 3 days later in perfect condition! They packed it to nicely! It looks stunning right by my door. I wanted a place for my guests to sit and take their shoes off. I needed it to not take up a lot of room and it does just that! STUNNING. Pros: beautiful, classic, sturdy, space saver","I ordered this chair and it came literally 2 or 3 days later in perfect condition! They packed it to nicely! It looks stunning right by my door. I wanted a place for my guests to sit and take their shoes off. I needed it to not take up a lot of room and it does just that! STUNNING. Pros: beautiful, classic, sturdy, space saver",2015-05-13,Louis Ghost Premium All-Weather Wicker Outdoor Stacking Dining Armchair (Set of 2)_90条.xlsx,Sheet1,2770800,外观审美; 艺术感/收藏感; 做工质量; 尺寸与空间适配; 舒适度/实用性; 情绪价值,6,正向,"外观审美: beautiful, looks | 艺术感/收藏感: classic | 做工质量: sturdy | 尺寸与空间适配: space, room | 舒适度/实用性: sit | 情绪价值: perfect, stunning"
Unknown,Louis Ghost Premium All-Weather Wicker Outdoor Stacking Dining Armchair (Set of 2),5.0,,Love them. Classy and durable.,Love them. Classy and durable.,2023-12-24,Louis Ghost Premium All-Weather Wicker Outdoor Stacking Dining Armchair (Set of 2)_90条.xlsx,Sheet1,120658438,做工质量; 情绪价值,2,正向,做工质量: durable | 情绪价值: love
Unknown,Louis Ghost Premium All-Weather Wicker Outdoor Stacking Dining Armchair (Set of 2),1.0,,These chairs were supposed to be put on hold. I saw they had a delivery date before I returned. At this point I do not know if anyone took them in. I called when I got the delivery date and told them to handle it as i am out of the Country and that is why I wanted them held.,These chairs were supposed to be put on hold. I saw they had a delivery date before I returned. At this point I do not know if anyone took them in. I called when I got the delivery date and told them to handle it as i am out of the Country and that is why I wanted them held.,2021-06-15,Louis Ghost Premium All-Weather Wicker Outdoor Stacking Dining Armchair (Set of 2)_90条.xlsx,Sheet1,73321209,物流包装,1,负向,物流包装: delivery
Unknown,Louis Ghost Premium All-Weather Wicker Outdoor Stacking Dining Armchair (Set of 2),5.0,,"If these went to 1/2 price, they'd still be too much for what they are... but you're paying for an ICON!","If these went to 1/2 price, they'd still be too much for what they are... but you're paying for an ICON!",2019-07-09,Louis Ghost Premium All-Weather Wicker Outdoor Stacking Dining Armchair (Set of 2)_90条.xlsx,Sheet1,36256239,价格价值感,1,正向,价格价值感: price
Unknown,Louis Ghost Premium All-Weather Wicker Outdoor Stacking Dining Armchair (Set of 2),5.0,,Love it! So much bang for the buck,Love it! So much bang for the buck,2019-02-16,Louis Ghost Premium All-Weather Wicker Outdoor Stacking Dining Armchair (Set of 2)_90条.xlsx,Sheet1,29121921,情绪价值,1,正向,情绪价值: love
Unknown,Louis Ghost Premium All-Weather Wicker Outdoor Stacking Dining Armchair (Set of 2),5.0,,Modern yet comfortable. Adds to any space,Modern yet comfortable. Adds to any space,2018-09-08,Louis Ghost Premium All-Weather Wicker Outdoor Stacking Dining Armchair (Set of 2)_90条.xlsx,Sheet1,23809779,外观审美; 尺寸与空间适配; 舒适度/实用性,3,正向,外观审美: modern | 尺寸与空间适配: space | 舒适度/实用性: comfortable
Unknown,Louis Ghost Premium All-Weather Wicker Outdoor Stacking Dining Armchair (Set of 2),5.0,,Love this. Instant room elevation.,Love this. Instant room elevation.,2018-06-06,Louis Ghost Premium All-Weather Wicker Outdoor Stacking Dining Armchair (Set of 2)_90条.xlsx,Sheet1,21365403,尺寸与空间适配; 情绪价值,2,正向,尺寸与空间适配: room | 情绪价值: love
Unknown,Louis Ghost Premium All-Weather Wicker Outdoor Stacking Dining Armchair (Set of 2),5.0,,"It's the real McCoy, and obviously a superb design","It's the real McCoy, and obviously a superb design",2018-04-28,Louis Ghost Premium All-Weather Wicker Outdoor Stacking Dining Armchair (Set of 2)_90条.xlsx,Sheet1,19774672,外观审美,1,正向,外观审美: design
Unknown,Louis Ghost Premium All-Weather Wicker Outdoor Stacking Dining Armchair (Set of 2),4.0,,I only received one chair though it says pack of 2....,I only received one chair though it says pack of 2....,2017-11-24,Louis Ghost Premium All-Weather Wicker Outdoor Stacking Dining Armchair (Set of 2)_90条.xlsx,Sheet1,15734908,未归类,1,正向,
Unknown,Louis Ghost Premium All-Weather Wicker Outdoor Stacking Dining Armchair (Set of 2),5.0,,Used in my daughters room for her makeup!,Used in my daughters room for her makeup!,2017-11-13,Louis Ghost Premium All-Weather Wicker Outdoor Stacking Dining Armchair (Set of 2)_90条.xlsx,Sheet1,15446400,尺寸与空间适配,1,正向,尺寸与空间适配: room
Unknown,Louis Ghost Premium All-Weather Wicker Outdoor Stacking Dining Armchair (Set of 2),5.0,,One of the most lovely and sophisticated chairs ever created. Adds to any decor scheme.,One of the most lovely and sophisticated chairs ever created. Adds to any decor scheme.,2017-08-09,Louis Ghost Premium All-Weather Wicker Outdoor Stacking Dining Armchair (Set of 2)_90条.xlsx,Sheet1,13369312,未归类,1,正向,
Unknown,Louis Ghost Premium All-Weather Wicker Outdoor Stacking Dining Armchair (Set of 2),5.0,,Just as pictured. Good quality. No disappointments. Very pleased.,Just as pictured. Good quality. No disappointments. Very pleased.,2017-07-02,Louis Ghost Premium All-Weather Wicker Outdoor Stacking Dining Armchair (Set of 2)_90条.xlsx,Sheet1,12734044,做工质量; 照片与实物差异,2,正向,"做工质量: quality | 照片与实物差异: as pictured, as pictured, just as pictured"
Unknown,Louis Ghost Premium All-Weather Wicker Outdoor Stacking Dining Armchair (Set of 2),5.0,,always a classic. great for indoors or out.....can't tell it's not the name brand version,always a classic. great for indoors or out.....can't tell it's not the name brand version,2017-05-30,Louis Ghost Premium All-Weather Wicker Outdoor Stacking Dining Armchair (Set of 2)_90条.xlsx,Sheet1,12226444,艺术感/收藏感,1,正向,艺术感/收藏感: classic
Unknown,Louis Ghost Premium All-Weather Wicker Outdoor Stacking Dining Armchair (Set of 2),5.0,,Classic and amazing airy look. Love.,Classic and amazing airy look. Love.,2017-04-16,Louis Ghost Premium All-Weather Wicker Outdoor Stacking Dining Armchair (Set of 2)_90条.xlsx,Sheet1,11332889,外观审美; 艺术感/收藏感; 情绪价值,3,正向,"外观审美: look | 艺术感/收藏感: classic | 情绪价值: love, amazing"
Unknown,Louis Ghost Premium All-Weather Wicker Outdoor Stacking Dining Armchair (Set of 2),5.0,,The two chairs are an addition to the 5 I have. They add seating without making the room look cluttered perfect for my apartment! Love them.,The two chairs are an addition to the 5 I have. They add seating without making the room look cluttered perfect for my apartment! Love them.,2017-04-09,Louis Ghost Premium All-Weather Wicker Outdoor Stacking Dining Armchair (Set of 2)_90条.xlsx,Sheet1,11168933,外观审美; 尺寸与空间适配; 情绪价值,3,正向,"外观审美: look | 尺寸与空间适配: room | 情绪价值: love, perfect"
Unknown,Louis Ghost Premium All-Weather Wicker Outdoor Stacking Dining Armchair (Set of 2),5.0,,Very nice complement for a colorfull room!,Very nice complement for a colorfull room!,2016-12-22,Louis Ghost Premium All-Weather Wicker Outdoor Stacking Dining Armchair (Set of 2)_90条.xlsx,Sheet1,8898601,尺寸与空间适配,1,正向,尺寸与空间适配: room
Unknown,Louis Ghost Premium All-Weather Wicker Outdoor Stacking Dining Armchair (Set of 2),5.0,,You can't go wrong with Kartel! I ordered this chair for a client. It arrived very quickly and in perfect condition! Like all Kartel items it is well made and GORGEOUS!,You can't go wrong with Kartel! I ordered this chair for a client. It arrived very quickly and in perfect condition! Like all Kartel items it is well made and GORGEOUS!,2016-09-20,Louis Ghost Premium All-Weather Wicker Outdoor Stacking Dining Armchair (Set of 2)_90条.xlsx,Sheet1,7380438,外观审美; 做工质量; 物流包装; 情绪价值,4,正向,外观审美: gorgeous | 做工质量: well made | 物流包装: arrived | 情绪价值: perfect
Unknown,Louis Ghost Premium All-Weather Wicker Outdoor Stacking Dining Armchair (Set of 2),4.0,,A classic - great for filling an empty corner !,A classic - great for filling an empty corner !,2016-04-29,Louis Ghost Premium All-Weather Wicker Outdoor Stacking Dining Armchair (Set of 2)_90条.xlsx,Sheet1,5659928,艺术感/收藏感,1,正向,艺术感/收藏感: classic
Unknown,Louis Ghost Premium All-Weather Wicker Outdoor Stacking Dining Armchair (Set of 2),5.0,,A great look yet also very sturdy!,A great look yet also very sturdy!,2016-04-29,Louis Ghost Premium All-Weather Wicker Outdoor Stacking Dining Armchair (Set of 2)_90条.xlsx,Sheet1,5656314,外观审美; 做工质量,2,正向,外观审美: look | 做工质量: sturdy
Unknown,Louis Ghost Premium All-Weather Wicker Outdoor Stacking Dining Armchair (Set of 2),5.0,,Chose the Kartell over the reproduction styles and am very happy with quality. Goes with everything and is a fun pop in the room!,Chose the Kartell over the reproduction styles and am very happy with quality. Goes with everything and is a fun pop in the room!,2016-04-06,Louis Ghost Premium All-Weather Wicker Outdoor Stacking Dining Armchair (Set of 2)_90条.xlsx,Sheet1,5360232,艺术感/收藏感; 做工质量; 尺寸与空间适配; 情绪价值,4,正向,艺术感/收藏感: kartell | 做工质量: quality | 尺寸与空间适配: room | 情绪价值: happy
Unknown,Louis Ghost Premium All-Weather Wicker Outdoor Stacking Dining Armchair (Set of 2),5.0,,As gorgeous in person as it is on line; provided extra seating without closing off the living room! Bought one for the entryway as well.,As gorgeous in person as it is on line; provided extra seating without closing off the living room! Bought one for the entryway as well.,2016-04-05,Louis Ghost Premium All-Weather Wicker Outdoor Stacking Dining Armchair (Set of 2)_90条.xlsx,Sheet1,5358178,外观审美; 尺寸与空间适配; 照片与实物差异,3,正向,外观审美: gorgeous | 尺寸与空间适配: room | 照片与实物差异: in person
Unknown,Louis Ghost Premium All-Weather Wicker Outdoor Stacking Dining Armchair (Set of 2),5.0,,I absolutely love this chair. I've had it for a couple years now and it still looks great.,I absolutely love this chair. I've had it for a couple years now and it still looks great.,2016-03-17,Louis Ghost Premium All-Weather Wicker Outdoor Stacking Dining Armchair (Set of 2)_90条.xlsx,Sheet1,5090594,外观审美; 情绪价值,2,正向,外观审美: looks | 情绪价值: love
Unknown,Louis Ghost Premium All-Weather Wicker Outdoor Stacking Dining Armchair (Set of 2),5.0,,Great piece. Solid and sturdy. It's good to pay a little extra and get the original and not a fake. You can tell the difference in quality!,Great piece. Solid and sturdy. It's good to pay a little extra and get the original and not a fake. You can tell the difference in quality!,2016-03-16,Louis Ghost Premium All-Weather Wicker Outdoor Stacking Dining Armchair (Set of 2)_90条.xlsx,Sheet1,5072117,做工质量; 尺寸与空间适配,2,正向,"做工质量: quality, sturdy, solid | 尺寸与空间适配: little"
Unknown,Louis Ghost Premium All-Weather Wicker Outdoor Stacking Dining Armchair (Set of 2),5.0,,Sturdier than I thought it would be! Very nice piece.,Sturdier than I thought it would be! Very nice piece.,2016-03-13,Louis Ghost Premium All-Weather Wicker Outdoor Stacking Dining Armchair (Set of 2)_90条.xlsx,Sheet1,5035248,未归类,1,正向,
Unknown,Louis Ghost Premium All-Weather Wicker Outdoor Stacking Dining Armchair (Set of 2),5.0,,These chairs can make a modern room fab!!!!,These chairs can make a modern room fab!!!!,2016-02-26,Louis Ghost Premium All-Weather Wicker Outdoor Stacking Dining Armchair (Set of 2)_90条.xlsx,Sheet1,4818480,外观审美; 尺寸与空间适配,2,正向,外观审美: modern | 尺寸与空间适配: room
Unknown,Louis Ghost Premium All-Weather Wicker Outdoor Stacking Dining Armchair (Set of 2),5.0,,"We have been loving our Louis Ghost Arm Chairs by Kartell. We ordered 2 of these for the heads of our dining room table, and they are a great focal point. We couldn't be happier with the way these chairs elevate our space.","We have been loving our Louis Ghost Arm Chairs by Kartell. We ordered 2 of these for the heads of our dining room table, and they are a great focal point. We couldn't be happier with the way these chairs elevate our space.",2016-02-01,Louis Ghost Premium All-Weather Wicker Outdoor Stacking Dining Armchair (Set of 2)_90条.xlsx,Sheet1,4543471,艺术感/收藏感; 尺寸与空间适配,2,正向,"艺术感/收藏感: kartell, ghost | 尺寸与空间适配: space, room"
Unknown,Louis Ghost Premium All-Weather Wicker Outdoor Stacking Dining Armchair (Set of 2),5.0,,perfect for a small area where you want the furniture to disappear,perfect for a small area where you want the furniture to disappear,2016-01-28,Louis Ghost Premium All-Weather Wicker Outdoor Stacking Dining Armchair (Set of 2)_90条.xlsx,Sheet1,4483381,尺寸与空间适配; 情绪价值,2,正向,尺寸与空间适配: small | 情绪价值: perfect
Unknown,Louis Ghost Premium All-Weather Wicker Outdoor Stacking Dining Armchair (Set of 2),5.0,,We are using this at a client's boudoir desk. It is just the perfect look - very chic!,We are using this at a client's boudoir desk. It is just the perfect look - very chic!,2015-12-15,Louis Ghost Premium All-Weather Wicker Outdoor Stacking Dining Armchair (Set of 2)_90条.xlsx,Sheet1,4043833,外观审美; 情绪价值,2,正向,外观审美: look | 情绪价值: perfect
Unknown,Louis Ghost Premium All-Weather Wicker Outdoor Stacking Dining Armchair (Set of 2),5.0,,I ordered the transparent smoke gray but received the black chair. It's so beautiful that I decided to keep it. This chair makes a terrific focal point for my guest room.,I ordered the transparent smoke gray but received the black chair. It's so beautiful that I decided to keep it. This chair makes a terrific focal point for my guest room.,2015-11-13,Louis Ghost Premium All-Weather Wicker Outdoor Stacking Dining Armchair (Set of 2)_90条.xlsx,Sheet1,3758662,外观审美; 尺寸与空间适配,2,正向,外观审美: beautiful | 尺寸与空间适配: room
Unknown,Louis Ghost Premium All-Weather Wicker Outdoor Stacking Dining Armchair (Set of 2),5.0,,"Very pleased with the two chairs. I’ve had my eye on them for a number of years. I bought them to put at the head and foot of the table. Had four Italian almost turquoise acrylic chairs which I’d used at our kitchen table, which I and everyone who sees them loves. Unfortunately they’re no longer made, so I needed dining arm chairs that wouldn’t be discordant with them. The Ghost chair fits the bill., and I’ll have cushions made fthat pick up the blue color of the four existing chairs","Very pleased with the two chairs. I’ve had my eye on them for a number of years. I bought them to put at the head and foot of the table. Had four Italian almost turquoise acrylic chairs which I’d used at our kitchen table, which I and everyone who sees them loves. Unfortunately they’re no longer made, so I needed dining arm chairs that wouldn’t be discordant with them. The Ghost chair fits the bill., and I’ll have cushions made fthat pick up the blue color of the four existing chairs",2023-11-08,Louis Ghost Premium All-Weather Wicker Outdoor Stacking Dining Armchair (Set of 2)_90条.xlsx,Sheet1,118444053,外观审美; 艺术感/收藏感; 尺寸与空间适配,3,正向,外观审美: color | 艺术感/收藏感: ghost | 尺寸与空间适配: fits
Unknown,Louis Ghost Premium All-Weather Wicker Outdoor Stacking Dining Armchair (Set of 2),2.0,,Love the style of the chair. I ordered the orange and really really disappointed that the color is not as they show in the picture. Its very pale peach and NOT orange. I should have returned but got busy and ended up keeping them. Wish I had returned it because the color is just not right.,Love the style of the chair. I ordered the orange and really really disappointed that the color is not as they show in the picture. Its very pale peach and NOT orange. I should have returned but got busy and ended up keeping them. Wish I had returned it because the color is just not right.,2022-08-20,Louis Ghost Premium All-Weather Wicker Outdoor Stacking Dining Armchair (Set of 2)_90条.xlsx,Sheet1,97725496,外观审美; 情绪价值; 照片与实物差异,3,负向,"外观审美: color | 情绪价值: love | 照片与实物差异: picture, color is"
Unknown,Louis Ghost Premium All-Weather Wicker Outdoor Stacking Dining Armchair (Set of 2),5.0,,"I design and remodel high-end condos throughout South Florida. Love this chair, very elegant, yet does make the room look spacious. Very comfortable, i just love it.","I design and remodel high-end condos throughout South Florida. Love this chair, very elegant, yet does make the room look spacious. Very comfortable, i just love it.",2020-11-18,Louis Ghost Premium All-Weather Wicker Outdoor Stacking Dining Armchair (Set of 2)_90条.xlsx,Sheet1,62235166,外观审美; 尺寸与空间适配; 舒适度/实用性; 情绪价值,4,正向,"外观审美: design, look | 尺寸与空间适配: room | 舒适度/实用性: comfortable | 情绪价值: love"
Unknown,Louis Ghost Premium All-Weather Wicker Outdoor Stacking Dining Armchair (Set of 2),5.0,,Got this in gold and LOVE it. Use it as my desk chair. It gets so many compliments.,Got this in gold and LOVE it. Use it as my desk chair. It gets so many compliments.,2019-03-06,Louis Ghost Premium All-Weather Wicker Outdoor Stacking Dining Armchair (Set of 2)_90条.xlsx,Sheet1,29777315,舒适度/实用性; 情绪价值,2,正向,舒适度/实用性: use | 情绪价值: love
Unknown,Louis Ghost Premium All-Weather Wicker Outdoor Stacking Dining Armchair (Set of 2),5.0,,Love it. The perfect chair for the space. Also comfortable!,Love it. The perfect chair for the space. Also comfortable!,2017-01-06,Louis Ghost Premium All-Weather Wicker Outdoor Stacking Dining Armchair (Set of 2)_90条.xlsx,Sheet1,9099079,尺寸与空间适配; 舒适度/实用性; 情绪价值,3,正向,"尺寸与空间适配: space | 舒适度/实用性: comfortable | 情绪价值: love, perfect"
Unknown,Louis Ghost Premium All-Weather Wicker Outdoor Stacking Dining Armchair (Set of 2),5.0,,"I have these chairs around my white, circular dining table. They look fabulous!!!","I have these chairs around my white, circular dining table. They look fabulous!!!",2016-04-23,Louis Ghost Premium All-Weather Wicker Outdoor Stacking Dining Armchair (Set of 2)_90条.xlsx,Sheet1,5586002,外观审美,1,正向,外观审美: look
Unknown,Louis Ghost Premium All-Weather Wicker Outdoor Stacking Dining Armchair (Set of 2),5.0,,You can't go wrong with this classic chair!,You can't go wrong with this classic chair!,2016-02-15,Louis Ghost Premium All-Weather Wicker Outdoor Stacking Dining Armchair (Set of 2)_90条.xlsx,Sheet1,4698969,艺术感/收藏感,1,正向,艺术感/收藏感: classic
Unknown,Louis Ghost Premium All-Weather Wicker Outdoor Stacking Dining Armchair (Set of 2),5.0,,This is one of my favorite chairs! I have it in my vanity area in my bathroom. Great quality and very sturdy! Pros: style,This is one of my favorite chairs! I have it in my vanity area in my bathroom. Great quality and very sturdy! Pros: style,2016-01-05,Louis Ghost Premium All-Weather Wicker Outdoor Stacking Dining Armchair (Set of 2)_90条.xlsx,Sheet1,4221169,做工质量; 情绪价值,2,正向,"做工质量: quality, sturdy | 情绪价值: favorite"
Unknown,Louis Ghost Premium All-Weather Wicker Outdoor Stacking Dining Armchair (Set of 2),5.0,,I get more compliments on this than on any other item in the room! It's an iconic treasure! Love it!,I get more compliments on this than on any other item in the room! It's an iconic treasure! Love it!,2016-01-02,Louis Ghost Premium All-Weather Wicker Outdoor Stacking Dining Armchair (Set of 2)_90条.xlsx,Sheet1,4192022,艺术感/收藏感; 尺寸与空间适配; 情绪价值,3,正向,艺术感/收藏感: iconic | 尺寸与空间适配: room | 情绪价值: love
Unknown,Louis Ghost Premium All-Weather Wicker Outdoor Stacking Dining Armchair (Set of 2),5.0,,so chic,so chic,2015-10-15,Louis Ghost Premium All-Weather Wicker Outdoor Stacking Dining Armchair (Set of 2)_90条.xlsx,Sheet1,3551859,未归类,1,正向,
Unknown,Louis Ghost Premium All-Weather Wicker Outdoor Stacking Dining Armchair (Set of 2),5.0,,Any where anytime chair. You cant beat ghost chairs to add to every look.,Any where anytime chair. You cant beat ghost chairs to add to every look.,2015-09-23,Louis Ghost Premium All-Weather Wicker Outdoor Stacking Dining Armchair (Set of 2)_90条.xlsx,Sheet1,3414661,外观审美; 艺术感/收藏感,2,正向,外观审美: look | 艺术感/收藏感: ghost
Unknown,Louis Ghost Premium All-Weather Wicker Outdoor Stacking Dining Armchair (Set of 2),5.0,,"Paired this chair with a artisan black pottery barn writing desk which gives it a modern contemporary look. I have been eyeing this chair for quite some time. It's comfy too! A little pricey, but I'm glad I went for it. A super quick delivery and impeccible condition.. I often wonder if reviews are real or manufactured, hard to tell in this day and age. This is the real deal.","Paired this chair with a artisan black pottery barn writing desk which gives it a modern contemporary look. I have been eyeing this chair for quite some time. It's comfy too! A little pricey, but I'm glad I went for it. A super quick delivery and impeccible condition.. I often wonder if reviews are real or manufactured, hard to tell in this day and age. This is the real deal.",2015-09-04,Louis Ghost Premium All-Weather Wicker Outdoor Stacking Dining Armchair (Set of 2)_90条.xlsx,Sheet1,3290673,外观审美; 尺寸与空间适配; 舒适度/实用性; 物流包装; 价格价值感,5,正向,"外观审美: look, modern | 尺寸与空间适配: little | 舒适度/实用性: comfy | 物流包装: delivery | 价格价值感: deal"
Unknown,Louis Ghost Premium All-Weather Wicker Outdoor Stacking Dining Armchair (Set of 2),5.0,,"The light requires assembly, labor intensive.","The light requires assembly, labor intensive.",2015-08-31,Louis Ghost Premium All-Weather Wicker Outdoor Stacking Dining Armchair (Set of 2)_90条.xlsx,Sheet1,3263428,安装体验,1,正向,安装体验: assembly
Unknown,Louis Ghost Premium All-Weather Wicker Outdoor Stacking Dining Armchair (Set of 2),5.0,,perfect addition to my clients dining room,perfect addition to my clients dining room,2015-07-30,Louis Ghost Premium All-Weather Wicker Outdoor Stacking Dining Armchair (Set of 2)_90条.xlsx,Sheet1,3090369,尺寸与空间适配; 情绪价值,2,正向,尺寸与空间适配: room | 情绪价值: perfect
Unknown,Louis Ghost Premium All-Weather Wicker Outdoor Stacking Dining Armchair (Set of 2),5.0,,Look great around my round dining table.,Look great around my round dining table.,2015-07-21,Louis Ghost Premium All-Weather Wicker Outdoor Stacking Dining Armchair (Set of 2)_90条.xlsx,Sheet1,3038259,外观审美,1,正向,外观审美: look
Unknown,Louis Ghost Premium All-Weather Wicker Outdoor Stacking Dining Armchair (Set of 2),5.0,,"Although these are plastic chairs, they are of high quality and surprisingly comfortable.","Although these are plastic chairs, they are of high quality and surprisingly comfortable.",2015-06-09,Louis Ghost Premium All-Weather Wicker Outdoor Stacking Dining Armchair (Set of 2)_90条.xlsx,Sheet1,2872915,材质质感; 做工质量; 舒适度/实用性,3,正向,材质质感: plastic | 做工质量: quality | 舒适度/实用性: comfortable
Unknown,Louis Ghost Premium All-Weather Wicker Outdoor Stacking Dining Armchair (Set of 2),5.0,,"After coveting these chairs since the debuted, I finally purchased a whole bunch. I have 2 in my living room as accents and 4 at my dining table and one in my bedroom. They look great without being intrusive and everybody who comes over thinks they're great although I get a lot of ""If I sit in this will it break?"" I love my chairs :))","After coveting these chairs since the debuted, I finally purchased a whole bunch. I have 2 in my living room as accents and 4 at my dining table and one in my bedroom. They look great without being intrusive and everybody who comes over thinks they're great although I get a lot of ""If I sit in this will it break?"" I love my chairs :))",2015-05-07,Louis Ghost Premium All-Weather Wicker Outdoor Stacking Dining Armchair (Set of 2)_90条.xlsx,Sheet1,2744480,外观审美; 尺寸与空间适配; 舒适度/实用性; 情绪价值,4,正向,外观审美: look | 尺寸与空间适配: room | 舒适度/实用性: sit | 情绪价值: love
Unknown,Louis Ghost Premium All-Weather Wicker Outdoor Stacking Dining Armchair (Set of 2),4.0,,"I got this as an office chair to match my white desk. it is a beautiful piece. I ordered the clear glass, so that it does not block or alter the view. This is a very versatile chair, I have seen it in dining rooms and works great there too, easy to clean! I use my desk occasionally so I can't speak to long duration comfort. It is a sturdy furniture, stable enough for my toddler to climb on it without ever toppling it. Well made and good quality (it is an original after all). I love Wayfair, there was a sale on it after I purchased it and they credited me the difference! Pros: High quality, great style","I got this as an office chair to match my white desk. it is a beautiful piece. I ordered the clear glass, so that it does not block or alter the view. This is a very versatile chair, I have seen it in dining rooms and works great there too, easy to clean! I use my desk occasionally so I can't speak to long duration comfort. It is a sturdy furniture, stable enough for my toddler to climb on it without ever toppling it. Well made and good quality (it is an original after all). I love Wayfair, there was a sale on it after I purchased it and they credited me the difference! Pros: High quality, great style",2015-04-13,Louis Ghost Premium All-Weather Wicker Outdoor Stacking Dining Armchair (Set of 2)_90条.xlsx,Sheet1,2632362,外观审美; 做工质量; 舒适度/实用性; 情绪价值,4,正向,"外观审美: beautiful | 做工质量: quality, sturdy, well made | 舒适度/实用性: comfort, use, versatile | 情绪价值: love"
Unknown,Louis Ghost Premium All-Weather Wicker Outdoor Stacking Dining Armchair (Set of 2),5.0,,Love the chairs. Mine are on a patterned carpet and they look gorgeous. I couldn't be happier. They arrived in 2 days at my door well packed and undamaged. I would recommend them for any style interior.,Love the chairs. Mine are on a patterned carpet and they look gorgeous. I couldn't be happier. They arrived in 2 days at my door well packed and undamaged. I would recommend them for any style interior.,2015-04-01,Louis Ghost Premium All-Weather Wicker Outdoor Stacking Dining Armchair (Set of 2)_90条.xlsx,Sheet1,2589792,外观审美; 物流包装; 情绪价值,3,正向,"外观审美: gorgeous, look | 物流包装: arrived | 情绪价值: love, recommend"
Unknown,Louis Ghost Premium All-Weather Wicker Outdoor Stacking Dining Armchair (Set of 2),5.0,,I'm so happy with my chairs. I've wanted them for years.,I'm so happy with my chairs. I've wanted them for years.,2015-03-31,Louis Ghost Premium All-Weather Wicker Outdoor Stacking Dining Armchair (Set of 2)_90条.xlsx,Sheet1,2578380,情绪价值,1,正向,情绪价值: happy
Unknown,Louis Ghost Premium All-Weather Wicker Outdoor Stacking Dining Armchair (Set of 2),5.0,,I bought 5 of these for our eat in kitchen. We were looking for something that was indestructible as we have two small children. The only clean up is some small fingerprints that can be taken off with soap and water. We purchased faux fur to put on when the grown-ups are having company.,I bought 5 of these for our eat in kitchen. We were looking for something that was indestructible as we have two small children. The only clean up is some small fingerprints that can be taken off with soap and water. We purchased faux fur to put on when the grown-ups are having company.,2015-03-09,Louis Ghost Premium All-Weather Wicker Outdoor Stacking Dining Armchair (Set of 2)_90条.xlsx,Sheet1,2477670,材质质感; 尺寸与空间适配,2,正向,材质质感: faux | 尺寸与空间适配: small
Unknown,Louis Ghost Premium All-Weather Wicker Outdoor Stacking Dining Armchair (Set of 2),5.0,,I am quite a fan of Philippe Starck regardless... and will only get the Kartell brand for this chair. The price of this Ghost Chair is very reasonable. It arrived beautifully packed.,I am quite a fan of Philippe Starck regardless... and will only get the Kartell brand for this chair. The price of this Ghost Chair is very reasonable. It arrived beautifully packed.,2015-03-04,Louis Ghost Premium All-Weather Wicker Outdoor Stacking Dining Armchair (Set of 2)_90条.xlsx,Sheet1,2460112,艺术感/收藏感; 物流包装; 价格价值感,3,正向,"艺术感/收藏感: kartell, ghost | 物流包装: arrived | 价格价值感: price"
Unknown,Louis Ghost Premium All-Weather Wicker Outdoor Stacking Dining Armchair (Set of 2),5.0,,"As always, Kartell delivers the perfect balance of quality and style with these fun, versatile, and durable chairs. I love that they are light enough for me to easily move to the dining room for larger dinner parties, as well as how they offer unobtrusive seating throughout my home. And, they are surprisingly comfy, especially for not being upholstered! I use one for my home office chair, and I am able to sit comfortably for several hours at a time. They remain a classic for a reason - you truly can't go wrong!","As always, Kartell delivers the perfect balance of quality and style with these fun, versatile, and durable chairs. I love that they are light enough for me to easily move to the dining room for larger dinner parties, as well as how they offer unobtrusive seating throughout my home. And, they are surprisingly comfy, especially for not being upholstered! I use one for my home office chair, and I am able to sit comfortably for several hours at a time. They remain a classic for a reason - you truly can't go wrong!",2014-09-18,Louis Ghost Premium All-Weather Wicker Outdoor Stacking Dining Armchair (Set of 2)_90条.xlsx,Sheet1,1790867,艺术感/收藏感; 做工质量; 尺寸与空间适配; 舒适度/实用性; 情绪价值,5,正向,"艺术感/收藏感: classic, kartell | 做工质量: quality, durable | 尺寸与空间适配: room | 舒适度/实用性: comfy, sit, use, versatile | 情绪价值: love, perfect"
Unknown,Louis Ghost Premium All-Weather Wicker Outdoor Stacking Dining Armchair (Set of 2),4.0,,Picture perfect and nothing less than what we were expecting. It's a good quality chair for the price. I can't say we were disappointed in the least.,Picture perfect and nothing less than what we were expecting. It's a good quality chair for the price. I can't say we were disappointed in the least.,2014-09-15,Louis Ghost Premium All-Weather Wicker Outdoor Stacking Dining Armchair (Set of 2)_90条.xlsx,Sheet1,1778336,做工质量; 价格价值感; 情绪价值; 照片与实物差异,4,正向,做工质量: quality | 价格价值感: price | 情绪价值: perfect | 照片与实物差异: picture
Unknown,Louis Ghost Premium All-Weather Wicker Outdoor Stacking Dining Armchair (Set of 2),5.0,,Absolutely gorgeous. It was also surprisingly comfortable and sturdy. Thanks.,Absolutely gorgeous. It was also surprisingly comfortable and sturdy. Thanks.,2014-09-11,Louis Ghost Premium All-Weather Wicker Outdoor Stacking Dining Armchair (Set of 2)_90条.xlsx,Sheet1,1749623,外观审美; 做工质量; 舒适度/实用性,3,正向,外观审美: gorgeous | 做工质量: sturdy | 舒适度/实用性: comfortable
Unknown,Louis Ghost Premium All-Weather Wicker Outdoor Stacking Dining Armchair (Set of 2),5.0,,this chair is always a great addition to any room.,this chair is always a great addition to any room.,2014-08-25,Louis Ghost Premium All-Weather Wicker Outdoor Stacking Dining Armchair (Set of 2)_90条.xlsx,Sheet1,1668527,尺寸与空间适配,1,正向,尺寸与空间适配: room
Unknown,Louis Ghost Premium All-Weather Wicker Outdoor Stacking Dining Armchair (Set of 2),5.0,,"We love our Ghost chairs, they both fit into my office perfectly! Very funky and different, they are a great idea for a small space where you don't want the furniture to feel too heavy. I would definitely recommend!","We love our Ghost chairs, they both fit into my office perfectly! Very funky and different, they are a great idea for a small space where you don't want the furniture to feel too heavy. I would definitely recommend!",2014-07-23,Louis Ghost Premium All-Weather Wicker Outdoor Stacking Dining Armchair (Set of 2)_90条.xlsx,Sheet1,1587916,艺术感/收藏感; 做工质量; 尺寸与空间适配; 情绪价值; 照片与实物差异,5,正向,"艺术感/收藏感: ghost | 做工质量: heavy | 尺寸与空间适配: small, space, fit | 情绪价值: love, recommend | 照片与实物差异: different"
Unknown,Louis Ghost Premium All-Weather Wicker Outdoor Stacking Dining Armchair (Set of 2),5.0,,The chair is a classic and can add a modern touch to any room.,The chair is a classic and can add a modern touch to any room.,2014-07-02,Louis Ghost Premium All-Weather Wicker Outdoor Stacking Dining Armchair (Set of 2)_90条.xlsx,Sheet1,1530747,外观审美; 艺术感/收藏感; 尺寸与空间适配,3,正向,外观审美: modern | 艺术感/收藏感: classic | 尺寸与空间适配: room
Unknown,Louis Ghost Premium All-Weather Wicker Outdoor Stacking Dining Armchair (Set of 2),5.0,,"This chair has been around for awhile but still does it for me. It enhances any table, is COMFORTABLE, and still mesmerizes my guests. I own 10 ghost chairs in total and love them!","This chair has been around for awhile but still does it for me. It enhances any table, is COMFORTABLE, and still mesmerizes my guests. I own 10 ghost chairs in total and love them!",2014-06-10,Louis Ghost Premium All-Weather Wicker Outdoor Stacking Dining Armchair (Set of 2)_90条.xlsx,Sheet1,1491526,艺术感/收藏感; 舒适度/实用性; 情绪价值,3,正向,艺术感/收藏感: ghost | 舒适度/实用性: comfortable | 情绪价值: love
Unknown,Louis Ghost Premium All-Weather Wicker Outdoor Stacking Dining Armchair (Set of 2),5.0,,The chair is great. It is the highest quality chair. We love the chair and love the brand of Kartell.,The chair is great. It is the highest quality chair. We love the chair and love the brand of Kartell.,2014-06-03,Louis Ghost Premium All-Weather Wicker Outdoor Stacking Dining Armchair (Set of 2)_90条.xlsx,Sheet1,1477283,艺术感/收藏感; 做工质量; 情绪价值,3,正向,艺术感/收藏感: kartell | 做工质量: quality | 情绪价值: love
Unknown,Louis Ghost Premium All-Weather Wicker Outdoor Stacking Dining Armchair (Set of 2),5.0,,"Love it!! Quick shipping, packed well. Using as a chair for vanity table in bedroom. My designer was blown away at price. I know I got a good deal. Was my first purchase here, will definitely order more.","Love it!! Quick shipping, packed well. Using as a chair for vanity table in bedroom. My designer was blown away at price. I know I got a good deal. Was my first purchase here, will definitely order more.",2014-03-18,Louis Ghost Premium All-Weather Wicker Outdoor Stacking Dining Armchair (Set of 2)_90条.xlsx,Sheet1,1267804,物流包装; 价格价值感; 情绪价值,3,正向,"物流包装: shipping | 价格价值感: price, purchase, deal | 情绪价值: love"
Unknown,Louis Ghost Premium All-Weather Wicker Outdoor Stacking Dining Armchair (Set of 2),5.0,,This is surprisingly comfortable and a nice addition to the black smoke chair I had for my dining table. Classic and elegant,This is surprisingly comfortable and a nice addition to the black smoke chair I had for my dining table. Classic and elegant,2013-12-13,Louis Ghost Premium All-Weather Wicker Outdoor Stacking Dining Armchair (Set of 2)_90条.xlsx,Sheet1,1062873,艺术感/收藏感; 舒适度/实用性,2,正向,艺术感/收藏感: classic | 舒适度/实用性: comfortable
Unknown,Louis Ghost Premium All-Weather Wicker Outdoor Stacking Dining Armchair (Set of 2),5.0,,Better even than I expected. Great looking and surprisingly comfortable without a cushion. Perfect despite having purchased them out-of-box. Not a scratch have i found. Totally love the mix of the ghost and a French King.,Better even than I expected. Great looking and surprisingly comfortable without a cushion. Perfect despite having purchased them out-of-box. Not a scratch have i found. Totally love the mix of the ghost and a French King.,2013-08-19,Louis Ghost Premium All-Weather Wicker Outdoor Stacking Dining Armchair (Set of 2)_90条.xlsx,Sheet1,913018,艺术感/收藏感; 舒适度/实用性; 物流包装; 情绪价值; 照片与实物差异,5,正向,"艺术感/收藏感: ghost | 舒适度/实用性: comfortable | 物流包装: box | 情绪价值: love, perfect | 照片与实物差异: expected"
Unknown,Louis Ghost Premium All-Weather Wicker Outdoor Stacking Dining Armchair (Set of 2),5.0,,Surprisingly comfortable. Look great with white lacquer dining table. We have another set and they do scratch easily but we want them used so its ok.,Surprisingly comfortable. Look great with white lacquer dining table. We have another set and they do scratch easily but we want them used so its ok.,2013-07-14,Louis Ghost Premium All-Weather Wicker Outdoor Stacking Dining Armchair (Set of 2)_90条.xlsx,Sheet1,880050,外观审美; 舒适度/实用性,2,正向,外观审美: look | 舒适度/实用性: comfortable
Unknown,Louis Ghost Premium All-Weather Wicker Outdoor Stacking Dining Armchair (Set of 2),5.0,,"If you are looking for a chair that disappears, this is it. I purchased this because I wanted a chair that did not stand out in my room, and this does the job perfectly.","If you are looking for a chair that disappears, this is it. I purchased this because I wanted a chair that did not stand out in my room, and this does the job perfectly.",2013-06-16,Louis Ghost Premium All-Weather Wicker Outdoor Stacking Dining Armchair (Set of 2)_90条.xlsx,Sheet1,848298,尺寸与空间适配,1,正向,尺寸与空间适配: room
Unknown,Masters 18.11'' H Stacking Armchair (Set of 2),5.0,,"absolutely love the Masters Armchair by Kartell. The design is stunning—modern, sculptural, and instantly elevates the entire balcony. They’re surprisingly sturdy with a solid weight that feels high-quality without being too heavy. These chairs really set the tone for the entire space, and I’ve ended up designing the balcony around them. Well worth the investment","absolutely love the Masters Armchair by Kartell. The design is stunning—modern, sculptural, and instantly elevates the entire balcony. They’re surprisingly sturdy with a solid weight that feels high-quality without being too heavy. These chairs really set the tone for the entire space, and I’ve ended up designing the balcony around them. Well worth the investment",2026-04-21,Masters 18.11'' H Stacking Armchair (Set of 2)_70条.xlsx,Sheet1,165167379,外观审美; 艺术感/收藏感; 做工质量; 尺寸与空间适配; 价格价值感; 情绪价值,6,正向,"外观审美: design, modern | 艺术感/收藏感: sculptural, kartell, masters | 做工质量: quality, sturdy, solid, heavy | 尺寸与空间适配: space | 价格价值感: worth, investment, well worth, worth the investment | 情绪价值: love, stunning"
Unknown,Masters 18.11'' H Stacking Armchair (Set of 2),3.0,,"I love the chair. What i don't love is the mustard is not mustard... it is green/yellow. I just furnished a new vacation home and dont have the energy to repack these and send back so I am keeping them, BUT they are not mustard yellow. See the pic of it by something that is mustard yellow. Compare the actual color of the chair to that of what is online... different!","I love the chair. What i don't love is the mustard is not mustard... it is green/yellow. I just furnished a new vacation home and dont have the energy to repack these and send back so I am keeping them, BUT they are not mustard yellow. See the pic of it by something that is mustard yellow. Compare the actual color of the chair to that of what is online... different!",2016-12-13,Masters 18.11'' H Stacking Armchair (Set of 2)_70条.xlsx,Sheet1,8748755,外观审美; 情绪价值; 照片与实物差异,3,正向,"外观审美: color | 情绪价值: love | 照片与实物差异: different, actual"
Unknown,Masters 18.11'' H Stacking Armchair (Set of 2),5.0,,This is a stunningly beautiful chair. A bit pricey but comfortable.,This is a stunningly beautiful chair. A bit pricey but comfortable.,2021-03-23,Masters 18.11'' H Stacking Armchair (Set of 2)_70条.xlsx,Sheet1,69018002,外观审美; 舒适度/实用性,2,正向,外观审美: beautiful | 舒适度/实用性: comfortable
Unknown,Masters 18.11'' H Stacking Armchair (Set of 2),5.0,,"These chairs are absolutely amazing. I’ve been obsessed for years and so glad I finally pulled the trigger. Gorgeous and comfortable, you will not regret this purchase!","These chairs are absolutely amazing. I’ve been obsessed for years and so glad I finally pulled the trigger. Gorgeous and comfortable, you will not regret this purchase!",2020-11-12,Masters 18.11'' H Stacking Armchair (Set of 2)_70条.xlsx,Sheet1,61954471,外观审美; 舒适度/实用性; 价格价值感; 情绪价值,4,正向,外观审美: gorgeous | 舒适度/实用性: comfortable | 价格价值感: purchase | 情绪价值: amazing
Unknown,Masters 18.11'' H Stacking Armchair (Set of 2),3.0,,"I ordered two of the orange chairs and I'm a bit disappointed. They truly are made of very light-weight plastic and I didn't find them particularly comfortable -- if you sit back to have the back rest support you, you're much too far from the table. Extra points for style, but they cost too much for what they are.","I ordered two of the orange chairs and I'm a bit disappointed. They truly are made of very light-weight plastic and I didn't find them particularly comfortable -- if you sit back to have the back rest support you, you're much too far from the table. Extra points for style, but they cost too much for what they are.",2019-04-25,Masters 18.11'' H Stacking Armchair (Set of 2)_70条.xlsx,Sheet1,31604086,材质质感; 舒适度/实用性; 价格价值感,3,负向,"材质质感: plastic | 舒适度/实用性: comfortable, sit | 价格价值感: cost too much, cost"
Unknown,Masters 18.11'' H Stacking Armchair (Set of 2),1.0,,"The quality of the chairs is fine, and I love the look of them. Unfortunately, they are too uncomfortable to be used as a dining chair. And, the manufacturer of this chair does not allow returns, so we are stuck with them. We knew that they weren't returnable, but we decided to take the risk because they are perfect with the table we ordered. Expensive lesson learned.","The quality of the chairs is fine, and I love the look of them. Unfortunately, they are too uncomfortable to be used as a dining chair. And, the manufacturer of this chair does not allow returns, so we are stuck with them. We knew that they weren't returnable, but we decided to take the risk because they are perfect with the table we ordered. Expensive lesson learned.",2018-02-26,Masters 18.11'' H Stacking Armchair (Set of 2)_70条.xlsx,Sheet1,18138388,外观审美; 做工质量; 舒适度/实用性; 价格价值感; 情绪价值,5,负向,"外观审美: look | 做工质量: quality | 舒适度/实用性: uncomfortable | 价格价值感: expensive | 情绪价值: love, perfect"
Unknown,Masters 18.11'' H Stacking Armchair (Set of 2),5.0,,Great Product!! Timely Delivery ! Thank you Evan!,Great Product!! Timely Delivery ! Thank you Evan!,2017-05-09,Masters 18.11'' H Stacking Armchair (Set of 2)_70条.xlsx,Sheet1,11831960,物流包装,1,正向,物流包装: delivery
Unknown,Masters 18.11'' H Stacking Armchair (Set of 2),5.0,,These chairs are gorgeous and a perfect compliment to the live edge table we paired it with!,These chairs are gorgeous and a perfect compliment to the live edge table we paired it with!,2017-04-20,Masters 18.11'' H Stacking Armchair (Set of 2)_70条.xlsx,Sheet1,11401722,外观审美; 情绪价值,2,正向,外观审美: gorgeous | 情绪价值: perfect
Unknown,Masters 18.11'' H Stacking Armchair (Set of 2),5.0,,These chairs are amazing and definitely are different. I thought they'd be much heavier and I didn't know what to expect as far as comfort level prior to purchasing them. The chairs are extremely light which oddly enough does not bother me and they are VERY comfortable.,These chairs are amazing and definitely are different. I thought they'd be much heavier and I didn't know what to expect as far as comfort level prior to purchasing them. The chairs are extremely light which oddly enough does not bother me and they are VERY comfortable.,2017-04-06,Masters 18.11'' H Stacking Armchair (Set of 2)_70条.xlsx,Sheet1,11114924,舒适度/实用性; 情绪价值; 照片与实物差异,3,正向,"舒适度/实用性: comfortable, comfort | 情绪价值: amazing | 照片与实物差异: different"
Unknown,Masters 18.11'' H Stacking Armchair (Set of 2),5.0,,"Bought this to go in my master closet. Love the style, surprisingly comfortable.","Bought this to go in my master closet. Love the style, surprisingly comfortable.",2017-03-08,Masters 18.11'' H Stacking Armchair (Set of 2)_70条.xlsx,Sheet1,10481439,舒适度/实用性; 情绪价值,2,正向,舒适度/实用性: comfortable | 情绪价值: love
Unknown,Masters 18.11'' H Stacking Armchair (Set of 2),5.0,,"Love the weight and lines of this chair. Received many, many compliments!","Love the weight and lines of this chair. Received many, many compliments!",2017-01-06,Masters 18.11'' H Stacking Armchair (Set of 2)_70条.xlsx,Sheet1,9096417,情绪价值,1,正向,情绪价值: love
Unknown,Masters 18.11'' H Stacking Armchair (Set of 2),4.0,,"I LOVE these chairs! They are lightweight, elegant and great for small spaces.","I LOVE these chairs! They are lightweight, elegant and great for small spaces.",2021-09-18,Masters 18.11'' H Stacking Armchair (Set of 2)_70条.xlsx,Sheet1,84337702,尺寸与空间适配; 情绪价值,2,正向,尺寸与空间适配: small | 情绪价值: love
Unknown,Masters 18.11'' H Stacking Armchair (Set of 2),5.0,,"Fantastic chair and quality. Does not compare to any less expensive knock offs. Have the white and the orange, comfortable and easy to move around during parties! ❤️","Fantastic chair and quality. Does not compare to any less expensive knock offs. Have the white and the orange, comfortable and easy to move around during parties! ❤️",2019-09-09,Masters 18.11'' H Stacking Armchair (Set of 2)_70条.xlsx,Sheet1,38516344,做工质量; 舒适度/实用性; 价格价值感,3,正向,做工质量: quality | 舒适度/实用性: comfortable | 价格价值感: expensive
Unknown,Masters 18.11'' H Stacking Armchair (Set of 2),5.0,,"I first saw these chairs several years ago & decided that I would buy a pair of them someday. “Someday” came early in 2018, and I can say without reservation that I am every bit as thrilled to own & use them every day as I thought I’d be. A well-designed chair with a great look AND very comfortable!","I first saw these chairs several years ago & decided that I would buy a pair of them someday. “Someday” came early in 2018, and I can say without reservation that I am every bit as thrilled to own & use them every day as I thought I’d be. A well-designed chair with a great look AND very comfortable!",2018-04-03,Masters 18.11'' H Stacking Armchair (Set of 2)_70条.xlsx,Sheet1,18983289,外观审美; 舒适度/实用性; 价格价值感,3,正向,"外观审美: look | 舒适度/实用性: comfortable, use | 价格价值感: buy"
Unknown,Masters 18.11'' H Stacking Armchair (Set of 2),5.0,,What a find. I love this little chair. I will use it both inside and outside. Because of its unique design these chairs stand apart from others. They are solid and comfortable.,What a find. I love this little chair. I will use it both inside and outside. Because of its unique design these chairs stand apart from others. They are solid and comfortable.,2025-07-15,Masters 18.11'' H Stacking Armchair (Set of 2)_70条.xlsx,Sheet1,152996371,外观审美; 艺术感/收藏感; 做工质量; 尺寸与空间适配; 舒适度/实用性; 情绪价值,6,正向,"外观审美: design | 艺术感/收藏感: unique | 做工质量: solid | 尺寸与空间适配: little | 舒适度/实用性: comfortable, use | 情绪价值: love"
Unknown,Masters 18.11'' H Stacking Armchair (Set of 2),5.0,,Look even better in person - and the quality is great. They surprised me with how comfortable they were!,Look even better in person - and the quality is great. They surprised me with how comfortable they were!,2025-07-04,Masters 18.11'' H Stacking Armchair (Set of 2)_70条.xlsx,Sheet1,152671115,外观审美; 做工质量; 舒适度/实用性; 照片与实物差异,4,正向,外观审美: look | 做工质量: quality | 舒适度/实用性: comfortable | 照片与实物差异: in person
Unknown,Masters 18.11'' H Stacking Armchair (Set of 2),5.0,,"LOVE THE CHAIRS!!! FANTASTIC AND ARTISTIC DESIGN. THE CHAIRS WERE PACKED PERFECTLY, PROTECTED WITH BOTH CELLOPHANE AND SPONGE INSERTS, WHILE BOXED IN A THICK PROTECTIVE STRUCTURED BOX ALMOST AS STRONG AS CRATING. WELL DONE AND THANK YOU!!!!","LOVE THE CHAIRS!!! FANTASTIC AND ARTISTIC DESIGN. THE CHAIRS WERE PACKED PERFECTLY, PROTECTED WITH BOTH CELLOPHANE AND SPONGE INSERTS, WHILE BOXED IN A THICK PROTECTIVE STRUCTURED BOX ALMOST AS STRONG AS CRATING. WELL DONE AND THANK YOU!!!!",2025-06-14,Masters 18.11'' H Stacking Armchair (Set of 2)_70条.xlsx,Sheet1,152090448,外观审美; 艺术感/收藏感; 物流包装; 情绪价值,4,正向,"外观审美: design | 艺术感/收藏感: artistic | 物流包装: box, boxed | 情绪价值: love"
Unknown,Masters 18.11'' H Stacking Armchair (Set of 2),1.0,,"very bad quality, received damage and very poor packaging. So expansive for the quality and the look of this product","very bad quality, received damage and very poor packaging. So expansive for the quality and the look of this product",2023-11-17,Masters 18.11'' H Stacking Armchair (Set of 2)_70条.xlsx,Sheet1,118904043,外观审美; 做工质量; 物流包装,3,负向,"外观审美: look | 做工质量: quality, damage | 物流包装: packaging"
Unknown,Masters 18.11'' H Stacking Armchair (Set of 2),5.0,,"These are very cool-looking chairs that I’ll keep stacked up inside, near the door to our 3rd floor deck. When we want to use them, they’re light enough to easily carry outside. Shades of off-yellow are our accent color here, so it’s great that that’s one of the available colors! AND they’re VERY comfortable!","These are very cool-looking chairs that I’ll keep stacked up inside, near the door to our 3rd floor deck. When we want to use them, they’re light enough to easily carry outside. Shades of off-yellow are our accent color here, so it’s great that that’s one of the available colors! AND they’re VERY comfortable!",2023-06-04,Masters 18.11'' H Stacking Armchair (Set of 2)_70条.xlsx,Sheet1,109789998,外观审美; 舒适度/实用性,2,正向,"外观审美: color | 舒适度/实用性: comfortable, use"
Unknown,Masters 18.11'' H Stacking Armchair (Set of 2),5.0,,Chairs fit perfectly with my dining room table. I mixed chairs around the table and these get the most comments.,Chairs fit perfectly with my dining room table. I mixed chairs around the table and these get the most comments.,2023-01-08,Masters 18.11'' H Stacking Armchair (Set of 2)_70条.xlsx,Sheet1,103320806,尺寸与空间适配,1,正向,"尺寸与空间适配: room, fit"
Unknown,Masters 18.11'' H Stacking Armchair (Set of 2),1.0,,"Chairs are lovely, but AllModern will not let you return or cancel your order. They claim this item is 'made to order' although these are standard and available anywhere else. I decided I didn't want the item (which arrived several weeks late) and had no options but to keep it. Order elsewhere with a return/cancellation policy that is clearly stated on the site/email receipt.","Chairs are lovely, but AllModern will not let you return or cancel your order. They claim this item is 'made to order' although these are standard and available anywhere else. I decided I didn't want the item (which arrived several weeks late) and had no options but to keep it. Order elsewhere with a return/cancellation policy that is clearly stated on the site/email receipt.",2022-05-06,Masters 18.11'' H Stacking Armchair (Set of 2)_70条.xlsx,Sheet1,93825569,物流包装,1,负向,物流包装: arrived
Unknown,Masters 18.11'' H Stacking Armchair (Set of 2),5.0,,"Very good quality chair. It has a modern look, is very practical, lightweight, easy to clean and comfortable.","Very good quality chair. It has a modern look, is very practical, lightweight, easy to clean and comfortable.",2022-01-21,Masters 18.11'' H Stacking Armchair (Set of 2)_70条.xlsx,Sheet1,88955135,外观审美; 做工质量; 舒适度/实用性,3,正向,"外观审美: look, modern | 做工质量: quality | 舒适度/实用性: comfortable, practical"
Unknown,Masters 18.11'' H Stacking Armchair (Set of 2),5.0,,"Comfortable and extremely stylish. Made of recyclable material, so good for your conscience!","Comfortable and extremely stylish. Made of recyclable material, so good for your conscience!",2021-10-29,Masters 18.11'' H Stacking Armchair (Set of 2)_70条.xlsx,Sheet1,85634136,外观审美; 材质质感; 舒适度/实用性,3,正向,外观审美: stylish | 材质质感: material | 舒适度/实用性: comfortable
Unknown,Masters 18.11'' H Stacking Armchair (Set of 2),5.0,,Love these chairs! Surprisingly comfortable. The yellow is definitely mustard FYI. Wasn’t sure before they arrived because some pics show a bright yellow.,Love these chairs! Surprisingly comfortable. The yellow is definitely mustard FYI. Wasn’t sure before they arrived because some pics show a bright yellow.,2021-04-17,Masters 18.11'' H Stacking Armchair (Set of 2)_70条.xlsx,Sheet1,70259694,舒适度/实用性; 物流包装; 情绪价值,3,正向,舒适度/实用性: comfortable | 物流包装: arrived | 情绪价值: love
Unknown,Masters 18.11'' H Stacking Armchair (Set of 2),5.0,,Perfectly simply and well made. Seat is very comfortable.,Perfectly simply and well made. Seat is very comfortable.,2020-05-30,Masters 18.11'' H Stacking Armchair (Set of 2)_70条.xlsx,Sheet1,52118871,做工质量; 舒适度/实用性,2,正向,"做工质量: well made | 舒适度/实用性: comfortable, seat"
Unknown,Masters 18.11'' H Stacking Armchair (Set of 2),5.0,,Beautiful quality. I’ve seen the knock offs The original is worth the extra cost,Beautiful quality. I’ve seen the knock offs The original is worth the extra cost,2020-05-04,Masters 18.11'' H Stacking Armchair (Set of 2)_70条.xlsx,Sheet1,49726217,外观审美; 做工质量; 价格价值感,3,正向,"外观审美: beautiful | 做工质量: quality | 价格价值感: worth, cost"
Unknown,Masters 18.11'' H Stacking Armchair (Set of 2),5.0,,These are so cute and durable. I actually forgot to review them previously and have had them a couple years now. They look as good now as when I got them.,These are so cute and durable. I actually forgot to review them previously and have had them a couple years now. They look as good now as when I got them.,2019-06-10,Masters 18.11'' H Stacking Armchair (Set of 2)_70条.xlsx,Sheet1,33006023,外观审美; 做工质量,2,正向,"外观审美: cute, look | 做工质量: durable"
Unknown,Masters 18.11'' H Stacking Armchair (Set of 2),5.0,,Just as promised. Great design.,Just as promised. Great design.,2019-04-25,Masters 18.11'' H Stacking Armchair (Set of 2)_70条.xlsx,Sheet1,31603512,外观审美,1,正向,外观审美: design
Unknown,Masters 18.11'' H Stacking Armchair (Set of 2),5.0,,"I like these chairs so well I bought 2 more - goes well with my retro yellow kitchen table. Comfortable, contoured seats with arm rests at the right height.","I like these chairs so well I bought 2 more - goes well with my retro yellow kitchen table. Comfortable, contoured seats with arm rests at the right height.",2019-03-12,Masters 18.11'' H Stacking Armchair (Set of 2)_70条.xlsx,Sheet1,30010484,尺寸与空间适配; 舒适度/实用性,2,正向,尺寸与空间适配: height | 舒适度/实用性: comfortable
Unknown,Masters 18.11'' H Stacking Armchair (Set of 2),5.0,,"Love them that I bought another pair, one black for indoors and one brick for outdoors. I recently saw some cheap replicas and it was night and day difference.","Love them that I bought another pair, one black for indoors and one brick for outdoors. I recently saw some cheap replicas and it was night and day difference.",2018-01-29,Masters 18.11'' H Stacking Armchair (Set of 2)_70条.xlsx,Sheet1,17479098,价格价值感; 情绪价值,2,正向,价格价值感: cheap | 情绪价值: love
Unknown,Masters 18.11'' H Stacking Armchair (Set of 2),5.0,,Ultimate bargain chair on all modern. Love it,Ultimate bargain chair on all modern. Love it,2018-01-25,Masters 18.11'' H Stacking Armchair (Set of 2)_70条.xlsx,Sheet1,17350726,外观审美; 情绪价值,2,正向,外观审美: modern | 情绪价值: love
Unknown,Masters 18.11'' H Stacking Armchair (Set of 2),5.0,,Saw them for the first Tim at Sugar Beach hotel in Costa Rica and loved them! Still do,Saw them for the first Tim at Sugar Beach hotel in Costa Rica and loved them! Still do,2017-05-07,Masters 18.11'' H Stacking Armchair (Set of 2)_70条.xlsx,Sheet1,11770283,未归类,1,正向,
Unknown,Masters 18.11'' H Stacking Armchair (Set of 2),5.0,,Love these chairs. Very comfortable and sturdy.,Love these chairs. Very comfortable and sturdy.,2016-11-17,Masters 18.11'' H Stacking Armchair (Set of 2)_70条.xlsx,Sheet1,8221437,做工质量; 舒适度/实用性; 情绪价值,3,正向,做工质量: sturdy | 舒适度/实用性: comfortable | 情绪价值: love
Unknown,Masters 18.11'' H Stacking Armchair (Set of 2),5.0,,These chairs are fantastic. The design is over the top - fun and comfortable.. I have of the six gray chairs around a very modern white lacquer table. The whole look is outstanding.,These chairs are fantastic. The design is over the top - fun and comfortable.. I have of the six gray chairs around a very modern white lacquer table. The whole look is outstanding.,2016-09-16,Masters 18.11'' H Stacking Armchair (Set of 2)_70条.xlsx,Sheet1,7324187,外观审美; 舒适度/实用性,2,正向,"外观审美: design, look, modern | 舒适度/实用性: comfortable"
Unknown,Masters 18.11'' H Stacking Armchair (Set of 2),5.0,,"Absolutely love these chairs! Bought for a bedroom, now I'm considering using them in the kitchen nook instead because they are so chic looking.","Absolutely love these chairs! Bought for a bedroom, now I'm considering using them in the kitchen nook instead because they are so chic looking.",2016-08-11,Masters 18.11'' H Stacking Armchair (Set of 2)_70条.xlsx,Sheet1,6891389,情绪价值,1,正向,情绪价值: love
Unknown,Masters 18.11'' H Stacking Armchair (Set of 2),2.0,,Client too liked the look but felt it was not something that people would want to sit in for a long time,Client too liked the look but felt it was not something that people would want to sit in for a long time,2016-01-12,Masters 18.11'' H Stacking Armchair (Set of 2)_70条.xlsx,Sheet1,4306105,外观审美; 舒适度/实用性,2,负向,外观审美: look | 舒适度/实用性: sit
Unknown,Masters 18.11'' H Stacking Armchair (Set of 2),5.0,,"Chairs are lovely, take my design factor up a couple of notches","Chairs are lovely, take my design factor up a couple of notches",2015-11-30,Masters 18.11'' H Stacking Armchair (Set of 2)_70条.xlsx,Sheet1,3882382,外观审美,1,正向,外观审美: design
Unknown,Masters 18.11'' H Stacking Armchair (Set of 2),5.0,,Absolutely love these so much! A local store in my area was charging almost double for them. So happy I found the here!!,Absolutely love these so much! A local store in my area was charging almost double for them. So happy I found the here!!,2024-07-10,Masters 18.11'' H Stacking Armchair (Set of 2)_70条.xlsx,Sheet1,131076694,情绪价值,1,正向,"情绪价值: love, happy"
Unknown,Masters 18.11'' H Stacking Armchair (Set of 2),5.0,,"If you’ve been wanting these chairs, but haven’t committed b/c of the high price tag, just do it. You won’t regret it. They are fabulous.","If you’ve been wanting these chairs, but haven’t committed b/c of the high price tag, just do it. You won’t regret it. They are fabulous.",2024-02-29,Masters 18.11'' H Stacking Armchair (Set of 2)_70条.xlsx,Sheet1,123995774,价格价值感,1,正向,价格价值感: price
Unknown,Masters 18.11'' H Stacking Armchair (Set of 2),4.0,,"look really chic, a little uncomfortable after a while","look really chic, a little uncomfortable after a while",2023-12-12,Masters 18.11'' H Stacking Armchair (Set of 2)_70条.xlsx,Sheet1,119971319,外观审美; 尺寸与空间适配; 舒适度/实用性,3,中性,外观审美: look | 尺寸与空间适配: little | 舒适度/实用性: uncomfortable
Unknown,Masters 18.11'' H Stacking Armchair (Set of 2),5.0,,"Very good quality and a very good look for my new kitchen. Was a bit hesitiant about plastic charis, but these are high quality and are sure to be a conversation starter.","Very good quality and a very good look for my new kitchen. Was a bit hesitiant about plastic charis, but these are high quality and are sure to be a conversation starter.",2020-06-23,Masters 18.11'' H Stacking Armchair (Set of 2)_70条.xlsx,Sheet1,53993575,外观审美; 艺术感/收藏感; 材质质感; 做工质量,4,正向,外观审美: look | 艺术感/收藏感: conversation | 材质质感: plastic | 做工质量: quality
Unknown,Masters 18.11'' H Stacking Armchair (Set of 2),5.0,,"I love this chair a lot. The design concept is great and it is a nice, affordable way to add some style to your space. Easy to clean and fairly comfortable.","I love this chair a lot. The design concept is great and it is a nice, affordable way to add some style to your space. Easy to clean and fairly comfortable.",2019-03-19,Masters 18.11'' H Stacking Armchair (Set of 2)_70条.xlsx,Sheet1,30246649,外观审美; 尺寸与空间适配; 舒适度/实用性; 情绪价值,4,正向,外观审美: design | 尺寸与空间适配: space | 舒适度/实用性: comfortable | 情绪价值: love
Unknown,Masters 18.11'' H Stacking Armchair (Set of 2),5.0,,Very fun modern chair with great cleanability,Very fun modern chair with great cleanability,2018-10-18,Masters 18.11'' H Stacking Armchair (Set of 2)_70条.xlsx,Sheet1,24870371,外观审美,1,正向,外观审美: modern
Unknown,Masters 18.11'' H Stacking Armchair (Set of 2),5.0,,"This is a statement piece, we bought two of these chairs to put at the ends of our dining room table. We get compliments all the time, it is such a unique chair. Beautiful! Pros: No assembly required","This is a statement piece, we bought two of these chairs to put at the ends of our dining room table. We get compliments all the time, it is such a unique chair. Beautiful! Pros: No assembly required",2016-01-14,Masters 18.11'' H Stacking Armchair (Set of 2)_70条.xlsx,Sheet1,4325294,外观审美; 艺术感/收藏感; 尺寸与空间适配; 安装体验,4,正向,"外观审美: beautiful | 艺术感/收藏感: statement, statement piece, unique | 尺寸与空间适配: room | 安装体验: assembly"
Unknown,Masters 18.11'' H Stacking Armchair (Set of 2),4.0,,classic,classic,2016-01-08,Masters 18.11'' H Stacking Armchair (Set of 2)_70条.xlsx,Sheet1,4252424,艺术感/收藏感,1,正向,艺术感/收藏感: classic
Unknown,Masters 18.11'' H Stacking Armchair (Set of 2),5.0,,"Classic Masters Arm Chair that arrived earlier than promised. Great lightweight chair as a minimalist addition to black & white bedroom. Would be fabulous as dining chairs....kid proof! Pros: Lightweight, easy to clean Cons: None","Classic Masters Arm Chair that arrived earlier than promised. Great lightweight chair as a minimalist addition to black & white bedroom. Would be fabulous as dining chairs....kid proof! Pros: Lightweight, easy to clean Cons: None",2015-10-24,Masters 18.11'' H Stacking Armchair (Set of 2)_70条.xlsx,Sheet1,3615651,艺术感/收藏感; 物流包装,2,正向,"艺术感/收藏感: classic, masters | 物流包装: arrived"
Unknown,Masters 18.11'' H Stacking Armchair (Set of 2),5.0,,"This chair is so chic, comfortable and the black is even better in person, highly recommend! Pros: Great price, easy to clean, greta for families with kids as its unbreakable!","This chair is so chic, comfortable and the black is even better in person, highly recommend! Pros: Great price, easy to clean, greta for families with kids as its unbreakable!",2015-08-24,Masters 18.11'' H Stacking Armchair (Set of 2)_70条.xlsx,Sheet1,3203094,舒适度/实用性; 价格价值感; 情绪价值; 照片与实物差异,4,正向,舒适度/实用性: comfortable | 价格价值感: price | 情绪价值: recommend | 照片与实物差异: in person
Unknown,Masters 18.11'' H Stacking Armchair (Set of 2),5.0,,"Very comfortable designer chair. It has thin, tall lines and the seat height is a little higher than most dining chairs - not much though.","Very comfortable designer chair. It has thin, tall lines and the seat height is a little higher than most dining chairs - not much though.",2015-06-26,Masters 18.11'' H Stacking Armchair (Set of 2)_70条.xlsx,Sheet1,2953693,尺寸与空间适配; 舒适度/实用性,2,正向,"尺寸与空间适配: tall, height, little | 舒适度/实用性: comfortable, seat"
Unknown,Masters 18.11'' H Stacking Armchair (Set of 2),5.0,,"This is a great designer chair. I fell in love with the pic on line and the description was right on. The chair arrived in perfect condition. I only bought one and it works in any room, light, versatile and comfortable. WOW!","This is a great designer chair. I fell in love with the pic on line and the description was right on. The chair arrived in perfect condition. I only bought one and it works in any room, light, versatile and comfortable. WOW!",2015-05-09,Masters 18.11'' H Stacking Armchair (Set of 2)_70条.xlsx,Sheet1,2747403,尺寸与空间适配; 舒适度/实用性; 物流包装; 情绪价值,4,正向,"尺寸与空间适配: room | 舒适度/实用性: comfortable, versatile | 物流包装: arrived | 情绪价值: love, perfect"
Unknown,Masters 18.11'' H Stacking Armchair (Set of 2),5.0,,"I'm happy with my chair. I choice the sage green color, which is lighter than seen in the picture. This was good as it was my hope. The chair is functional and comfortable. I'm glad I purchased it.","I'm happy with my chair. I choice the sage green color, which is lighter than seen in the picture. This was good as it was my hope. The chair is functional and comfortable. I'm glad I purchased it.",2015-03-11,Masters 18.11'' H Stacking Armchair (Set of 2)_70条.xlsx,Sheet1,2491395,外观审美; 舒适度/实用性; 情绪价值; 照片与实物差异,4,正向,"外观审美: color | 舒适度/实用性: comfortable, functional | 情绪价值: happy | 照片与实物差异: picture"
Unknown,Masters 18.11'' H Stacking Armchair (Set of 2),5.0,,"Unbelievably comfortable, and visually beautiful chair, love it! (only cons, I wish they were less expensive)","Unbelievably comfortable, and visually beautiful chair, love it! (only cons, I wish they were less expensive)",2014-12-23,Masters 18.11'' H Stacking Armchair (Set of 2)_70条.xlsx,Sheet1,2166598,外观审美; 舒适度/实用性; 价格价值感; 情绪价值,4,正向,外观审美: beautiful | 舒适度/实用性: comfortable | 价格价值感: expensive | 情绪价值: love
Unknown,Masters 18.11'' H Stacking Armchair (Set of 2),5.0,,"The chairs are stunning...and your prices, delivery and service are terrific. We are glad we found you. Joan and Jack Salb","The chairs are stunning...and your prices, delivery and service are terrific. We are glad we found you. Joan and Jack Salb",2014-11-05,Masters 18.11'' H Stacking Armchair (Set of 2)_70条.xlsx,Sheet1,1989845,物流包装; 情绪价值,2,正向,物流包装: delivery | 情绪价值: stunning
Unknown,Masters 18.11'' H Stacking Armchair (Set of 2),5.0,,Gorgeous Side Chairs. Great Quality and Great Design! Ordered in the red color and everyone loves them!,Gorgeous Side Chairs. Great Quality and Great Design! Ordered in the red color and everyone loves them!,2014-10-03,Masters 18.11'' H Stacking Armchair (Set of 2)_70条.xlsx,Sheet1,1850402,外观审美; 做工质量,2,正向,"外观审美: gorgeous, design, color | 做工质量: quality"
Unknown,Masters 18.11'' H Stacking Armchair (Set of 2),5.0,,"These chairs are beautiful, comfortable, and stylish. I get many compliments on them.","These chairs are beautiful, comfortable, and stylish. I get many compliments on them.",2014-09-08,Masters 18.11'' H Stacking Armchair (Set of 2)_70条.xlsx,Sheet1,1731102,外观审美; 舒适度/实用性,2,正向,"外观审美: beautiful, stylish | 舒适度/实用性: comfortable"
Unknown,Masters 18.11'' H Stacking Armchair (Set of 2),5.0,,Received 2 of the Master's Chairs in white and could not be more delighted! Chairs are exactly what I've been looking for to add that extra panache to my living area room game table. I had a little issue with shipping but was surprised at how caring and professional they handled the situation. Customer service gets 5+++ stars all the way. I am beyond thrilled with the chairs and super happy I found AllMod and Wayfair. I definitely would recommend both sites all day long!,Received 2 of the Master's Chairs in white and could not be more delighted! Chairs are exactly what I've been looking for to add that extra panache to my living area room game table. I had a little issue with shipping but was surprised at how caring and professional they handled the situation. Customer service gets 5+++ stars all the way. I am beyond thrilled with the chairs and super happy I found AllMod and Wayfair. I definitely would recommend both sites all day long!,2014-07-21,Masters 18.11'' H Stacking Armchair (Set of 2)_70条.xlsx,Sheet1,1578076,尺寸与空间适配; 物流包装; 情绪价值,3,正向,"尺寸与空间适配: room, little | 物流包装: shipping | 情绪价值: happy, recommend"
Unknown,Masters 18.11'' H Stacking Armchair (Set of 2),5.0,,3 iconic designs into 1 chair. Easy to clean so very kid friendly. I did encounter 1 broken and 1 severely damaged chairs in one of the shipments but Wayfair was super nice and promptly replaced them for me. I must say I really like the way Wayfair conduct its business which is top priority in customer service.,3 iconic designs into 1 chair. Easy to clean so very kid friendly. I did encounter 1 broken and 1 severely damaged chairs in one of the shipments but Wayfair was super nice and promptly replaced them for me. I must say I really like the way Wayfair conduct its business which is top priority in customer service.,2014-02-21,Masters 18.11'' H Stacking Armchair (Set of 2)_70条.xlsx,Sheet1,1188611,艺术感/收藏感; 做工质量,2,中性,艺术感/收藏感: iconic | 做工质量: broken
Unknown,Masters 18.11'' H Stacking Armchair (Set of 2),5.0,,I totally love these chairs. Yes they are different but they look outstanding in my kitchen with my concrete table that I also bought from AllModern.,I totally love these chairs. Yes they are different but they look outstanding in my kitchen with my concrete table that I also bought from AllModern.,2023-09-30,Masters 18.11'' H Stacking Armchair (Set of 2)_70条.xlsx,Sheet1,115957281,外观审美; 情绪价值; 照片与实物差异,3,正向,外观审美: look | 情绪价值: love | 照片与实物差异: different
Unknown,Masters 18.11'' H Stacking Armchair (Set of 2),5.0,,WE move these indoor and outdoor as needed; they are comfortable and stack great to save space,WE move these indoor and outdoor as needed; they are comfortable and stack great to save space,2024-12-11,Masters 18.11'' H Stacking Armchair (Set of 2)_70条.xlsx,Sheet1,139183720,尺寸与空间适配; 舒适度/实用性,2,正向,尺寸与空间适配: space | 舒适度/实用性: comfortable
Unknown,Masters 18.11'' H Stacking Armchair (Set of 2),5.0,,I love these chairs. They are so beautiful and delightful. Packed really well. Goes beautifully with the Longfellow table.,I love these chairs. They are so beautiful and delightful. Packed really well. Goes beautifully with the Longfellow table.,2024-01-16,Masters 18.11'' H Stacking Armchair (Set of 2)_70条.xlsx,Sheet1,121652165,外观审美; 情绪价值,2,正向,外观审美: beautiful | 情绪价值: love
Unknown,Masters 18.11'' H Stacking Armchair (Set of 2),5.0,,Light weight and look artistic,Light weight and look artistic,2023-02-02,Masters 18.11'' H Stacking Armchair (Set of 2)_70条.xlsx,Sheet1,104256957,外观审美; 艺术感/收藏感,2,正向,外观审美: look | 艺术感/收藏感: artistic
Unknown,Masters 18.11'' H Stacking Armchair (Set of 2),5.0,,"We use these for desk chairs. Sturdy, enjoy the style.","We use these for desk chairs. Sturdy, enjoy the style.",2020-08-05,Masters 18.11'' H Stacking Armchair (Set of 2)_70条.xlsx,Sheet1,56628409,做工质量; 舒适度/实用性,2,正向,做工质量: sturdy | 舒适度/实用性: use
Unknown,Masters 18.11'' H Stacking Armchair (Set of 2),5.0,,"Just amazing, as Expected from Kartell... great quality...","Just amazing, as Expected from Kartell... great quality...",2020-07-04,Masters 18.11'' H Stacking Armchair (Set of 2)_70条.xlsx,Sheet1,54609488,艺术感/收藏感; 做工质量; 情绪价值; 照片与实物差异,4,正向,"艺术感/收藏感: kartell | 做工质量: quality | 情绪价值: amazing | 照片与实物差异: expected, as expected"
Unknown,Masters 18.11'' H Stacking Armchair (Set of 2),5.0,,Love the design. Even when stacked they look great!,Love the design. Even when stacked they look great!,2018-09-15,Masters 18.11'' H Stacking Armchair (Set of 2)_70条.xlsx,Sheet1,23986556,外观审美; 情绪价值,2,正向,"外观审美: design, look | 情绪价值: love"
Unknown,Masters 18.11'' H Stacking Armchair (Set of 2),5.0,,"Great design, sturdy, and they look fantastic in black! Very happy with this purchase.","Great design, sturdy, and they look fantastic in black! Very happy with this purchase.",2015-09-21,Masters 18.11'' H Stacking Armchair (Set of 2)_70条.xlsx,Sheet1,3402671,外观审美; 做工质量; 价格价值感; 情绪价值,4,正向,"外观审美: design, look | 做工质量: sturdy | 价格价值感: purchase | 情绪价值: happy"
Unknown,Masters 18.11'' H Stacking Armchair (Set of 2),5.0,,"I bought the first set of chairs in a rust color because I had seen them at the Museum of Modern Art and thought they were beautiful. I bought two more chairs that were less expensive but decided they did not enhance my breakfast room table as the Masters Arm Chair. I then ordered two more in the mustard color. The two colors are spectacular together. I am so happy I got them. I forgot to mention how comfortable they are. Pros: Colors, comfort, well constructed, matt finish and will not scratch. Cons: They are too expensive","I bought the first set of chairs in a rust color because I had seen them at the Museum of Modern Art and thought they were beautiful. I bought two more chairs that were less expensive but decided they did not enhance my breakfast room table as the Masters Arm Chair. I then ordered two more in the mustard color. The two colors are spectacular together. I am so happy I got them. I forgot to mention how comfortable they are. Pros: Colors, comfort, well constructed, matt finish and will not scratch. Cons: They are too expensive",2015-09-19,Masters 18.11'' H Stacking Armchair (Set of 2)_70条.xlsx,Sheet1,3386712,外观审美; 艺术感/收藏感; 材质质感; 尺寸与空间适配; 舒适度/实用性; 价格价值感; 情绪价值,7,正向,"外观审美: beautiful, modern, color | 艺术感/收藏感: art, museum, masters | 材质质感: finish | 尺寸与空间适配: room | 舒适度/实用性: comfortable, comfort | 价格价值感: expensive | 情绪价值: happy"
Unknown,Masters 18.11'' H Stacking Armchair (Set of 2),5.0,,"Great chair, good price! Using in a bathroom, but it would be good in any room. Arrived quickly.","Great chair, good price! Using in a bathroom, but it would be good in any room. Arrived quickly.",2015-05-14,Masters 18.11'' H Stacking Armchair (Set of 2)_70条.xlsx,Sheet1,2772070,尺寸与空间适配; 物流包装; 价格价值感,3,正向,尺寸与空间适配: room | 物流包装: arrived | 价格价值感: price
Unknown,Masters 18.11'' H Stacking Armchair (Set of 2),5.0,,"When this chair is not available in our local store, it's always available here.","When this chair is not available in our local store, it's always available here.",2015-04-15,Masters 18.11'' H Stacking Armchair (Set of 2)_70条.xlsx,Sheet1,2649042,未归类,1,正向,
Unknown,Masters 18.11'' H Stacking Armchair (Set of 2),5.0,,Love the Masters Chair! It's a brilliant design that's super comfortable and looks great wherever you put it.,Love the Masters Chair! It's a brilliant design that's super comfortable and looks great wherever you put it.,2014-11-04,Masters 18.11'' H Stacking Armchair (Set of 2)_70条.xlsx,Sheet1,1983411,外观审美; 艺术感/收藏感; 舒适度/实用性; 情绪价值,4,正向,"外观审美: design, looks | 艺术感/收藏感: masters | 舒适度/实用性: comfortable | 情绪价值: love"
Unknown,Masters 18.11'' H Stacking Armchair (Set of 2),5.0,,"Looks just like the picture. Is exactly as described, just remember, it's a very small chair.","Looks just like the picture. Is exactly as described, just remember, it's a very small chair.",2014-08-15,Masters 18.11'' H Stacking Armchair (Set of 2)_70条.xlsx,Sheet1,1625354,外观审美; 尺寸与空间适配; 照片与实物差异,3,正向,"外观审美: looks | 尺寸与空间适配: small | 照片与实物差异: picture, as described, exactly as described"
Unknown,Masters 18.11'' H Stacking Armchair (Set of 2),5.0,,I purchased 10 of these chairs. Very comfortable and funky looking! Love!,I purchased 10 of these chairs. Very comfortable and funky looking! Love!,2014-07-20,Masters 18.11'' H Stacking Armchair (Set of 2)_70条.xlsx,Sheet1,1576659,舒适度/实用性; 情绪价值,2,正向,舒适度/实用性: comfortable | 情绪价值: love
Unknown,Max Beam End Table,5.0,,Love this. But the color just didn't work or me,Love this. But the color just didn't work or me,2026-01-18,Max Beam End Table_68条.xlsx,Sheet1,160805317,外观审美; 情绪价值,2,正向,外观审美: color | 情绪价值: love
Unknown,Max Beam End Table,5.0,,Bought the Amber color and love it. The depth of color is beautiful and the way that it has a nuances of color with the light shining through it is what I was drawn to when I purchased it￼. Want to get another soon!,Bought the Amber color and love it. The depth of color is beautiful and the way that it has a nuances of color with the light shining through it is what I was drawn to when I purchased it￼. Want to get another soon!,2021-12-07,Max Beam End Table_68条.xlsx,Sheet1,87344148,外观审美; 情绪价值; 照片与实物差异,3,正向,"外观审美: beautiful, color | 情绪价值: love | 照片与实物差异: color is"
Unknown,Max Beam End Table,5.0,,The color and look is amazing. Size is accurate with what is listed in product details. Great bedside table!,The color and look is amazing. Size is accurate with what is listed in product details. Great bedside table!,2020-06-16,Max Beam End Table_68条.xlsx,Sheet1,53305511,外观审美; 尺寸与空间适配; 情绪价值,3,正向,"外观审美: look, color | 尺寸与空间适配: size | 情绪价值: amazing"
Unknown,Max Beam End Table,5.0,,Love how it catches the light!,Love how it catches the light!,2025-10-30,Max Beam End Table_68条.xlsx,Sheet1,157193691,情绪价值,1,正向,情绪价值: love
Unknown,Max Beam End Table,5.0,,"fast delivery, no harms on the table, looks amazingly pretty! it’s a bit smaller than i expected though.","fast delivery, no harms on the table, looks amazingly pretty! it’s a bit smaller than i expected though.",2025-02-10,Max Beam End Table_68条.xlsx,Sheet1,143065203,外观审美; 尺寸与空间适配; 物流包装; 照片与实物差异,4,正向,"外观审美: pretty, looks | 尺寸与空间适配: smaller | 物流包装: delivery | 照片与实物差异: expected"
Unknown,Max Beam End Table,5.0,,Perfection. From the colouring to the sturdiness. Love.,Perfection. From the colouring to the sturdiness. Love.,2023-08-27,Max Beam End Table_68条.xlsx,Sheet1,114078531,情绪价值,1,正向,"情绪价值: love, perfection"
Unknown,Max Beam End Table,5.0,,"This is a very ""cool"" extra little seat to move around to different rooms.","This is a very ""cool"" extra little seat to move around to different rooms.",2021-09-24,Max Beam End Table_68条.xlsx,Sheet1,84526534,尺寸与空间适配; 舒适度/实用性; 照片与实物差异,3,正向,尺寸与空间适配: little | 舒适度/实用性: seat | 照片与实物差异: different
Unknown,Max Beam End Table,3.0,,"This item is actually a beautiful piece, but it has a high risk of arriving with damage. When the item 1st arrived, it had severe scratches on the top surface. Customer service was super great. They offered to give us a percentage off to keep the damage item, although I did not want that. They were helpful in having us send the damaged one back and sending a replacement relatively quickly. In receiving the replacement, even it had a few scratches, although less noticeable. The item comes wrapped so well that it could not have been caused in shipping, and I was extremely careful pulling it out, especially after the first one. At this point I don’t mind the couple blemishes. But for the price, it’s at a risk.","This item is actually a beautiful piece, but it has a high risk of arriving with damage. When the item 1st arrived, it had severe scratches on the top surface. Customer service was super great. They offered to give us a percentage off to keep the damage item, although I did not want that. They were helpful in having us send the damaged one back and sending a replacement relatively quickly. In receiving the replacement, even it had a few scratches, although less noticeable. The item comes wrapped so well that it could not have been caused in shipping, and I was extremely careful pulling it out, especially after the first one. At this point I don’t mind the couple blemishes. But for the price, it’s at a risk.",2024-02-19,Max Beam End Table_68条.xlsx,Sheet1,123616222,外观审美; 做工质量; 物流包装; 价格价值感,4,中性,"外观审美: beautiful | 做工质量: damage | 物流包装: shipping, arrived, replacement | 价格价值感: price"
Unknown,Max Beam End Table,5.0,,"The color is brilliant, and the piece is just stunning. A perfect addition.","The color is brilliant, and the piece is just stunning. A perfect addition.",2023-06-08,Max Beam End Table_68条.xlsx,Sheet1,109956348,外观审美; 情绪价值; 照片与实物差异,3,正向,"外观审美: color | 情绪价值: perfect, stunning | 照片与实物差异: color is"
Unknown,Max Beam End Table,5.0,,Orange acrylic table is amazing pop of color. Only complaint is that its much smaller then pictured online but my fault as dimensions are given,Orange acrylic table is amazing pop of color. Only complaint is that its much smaller then pictured online but my fault as dimensions are given,2022-05-22,Max Beam End Table_68条.xlsx,Sheet1,94607786,外观审美; 尺寸与空间适配; 情绪价值,3,正向,"外观审美: color, pop of color | 尺寸与空间适配: smaller | 情绪价值: amazing"
Unknown,Max Beam End Table,5.0,,"This is the most beautiful table I’ve ever owned! The orange color is stunning, the design is sturdy and functional while still being extremely interesting and unique to look it.","This is the most beautiful table I’ve ever owned! The orange color is stunning, the design is sturdy and functional while still being extremely interesting and unique to look it.",2021-03-09,Max Beam End Table_68条.xlsx,Sheet1,68118667,外观审美; 艺术感/收藏感; 做工质量; 舒适度/实用性; 情绪价值; 照片与实物差异,6,正向,"外观审美: beautiful, design, look, color | 艺术感/收藏感: unique | 做工质量: sturdy | 舒适度/实用性: functional | 情绪价值: stunning | 照片与实物差异: color is"
Unknown,Max Beam End Table,5.0,,Perfect for a bathroom side table for tub .,Perfect for a bathroom side table for tub .,2025-12-16,Max Beam End Table_68条.xlsx,Sheet1,159560026,情绪价值,1,正向,情绪价值: perfect
Unknown,Max Beam End Table,5.0,,Very nice modern table. Its smaller than I anticipated. Double check the measurements so you are comfortable with the size.,Very nice modern table. Its smaller than I anticipated. Double check the measurements so you are comfortable with the size.,2025-08-31,Max Beam End Table_68条.xlsx,Sheet1,154544461,外观审美; 尺寸与空间适配; 舒适度/实用性,3,正向,"外观审美: modern | 尺寸与空间适配: size, smaller | 舒适度/实用性: comfortable"
Unknown,Max Beam End Table,5.0,,Love love love! They are the perfect side tables for our bedroom!,Love love love! They are the perfect side tables for our bedroom!,2024-10-05,Max Beam End Table_68条.xlsx,Sheet1,135258047,情绪价值,1,正向,"情绪价值: love, perfect"
Unknown,Max Beam End Table,5.0,,Great piece. Great quality. Perfectly packed for shipping. Wish they had additional sizes in the exact same style!,Great piece. Great quality. Perfectly packed for shipping. Wish they had additional sizes in the exact same style!,2024-04-08,Max Beam End Table_68条.xlsx,Sheet1,125911270,做工质量; 物流包装,2,正向,做工质量: quality | 物流包装: shipping
Unknown,Max Beam End Table,5.0,,Truly awesome piece of furniture. It has a great color to it (I bought the amber one) and is very sturdy for an acrylic piece of furniture. I would buy another one in a different color for my house if i had a place for it.,Truly awesome piece of furniture. It has a great color to it (I bought the amber one) and is very sturdy for an acrylic piece of furniture. I would buy another one in a different color for my house if i had a place for it.,2023-06-28,Max Beam End Table_68条.xlsx,Sheet1,110896473,外观审美; 做工质量; 价格价值感; 照片与实物差异,4,正向,外观审美: color | 做工质量: sturdy | 价格价值感: buy | 照片与实物差异: different
Unknown,Max Beam End Table,4.0,,Nice black gray color lucite. I used it in my bathroom next to the tub to put some stuff on and serves it’s purpose. Wish it had a shelf underneath.,Nice black gray color lucite. I used it in my bathroom next to the tub to put some stuff on and serves it’s purpose. Wish it had a shelf underneath.,2023-05-25,Max Beam End Table_68条.xlsx,Sheet1,109276072,外观审美,1,正向,外观审美: color
Unknown,Max Beam End Table,5.0,,"perfect smoked color. nice size of plant stands. Chic and modern, plus great value","perfect smoked color. nice size of plant stands. Chic and modern, plus great value",2023-01-27,Max Beam End Table_68条.xlsx,Sheet1,104060256,外观审美; 尺寸与空间适配; 价格价值感; 情绪价值,4,正向,"外观审美: modern, color | 尺寸与空间适配: size | 价格价值感: value | 情绪价值: perfect"
Unknown,Max Beam End Table,5.0,,I ordered this in black for dual use in my bathroom- as a stool to sit on and as a little table beside the bathtub. It's really nice! I hesitated at the price but I couldn't find anything else that I liked as much as this. I can see why it's expensive. It's also nice enough that I could use it in our main room as an extra seat.,I ordered this in black for dual use in my bathroom- as a stool to sit on and as a little table beside the bathtub. It's really nice! I hesitated at the price but I couldn't find anything else that I liked as much as this. I can see why it's expensive. It's also nice enough that I could use it in our main room as an extra seat.,2022-12-05,Max Beam End Table_68条.xlsx,Sheet1,102034687,尺寸与空间适配; 舒适度/实用性; 价格价值感,3,正向,"尺寸与空间适配: room, little | 舒适度/实用性: sit, seat, use | 价格价值感: price, expensive"
Unknown,Max Beam End Table,4.0,,Love it! Just a little smaller than I expected.,Love it! Just a little smaller than I expected.,2020-02-10,Max Beam End Table_68条.xlsx,Sheet1,45221326,尺寸与空间适配; 情绪价值; 照片与实物差异,3,中性,"尺寸与空间适配: little, smaller | 情绪价值: love | 照片与实物差异: expected"
Unknown,Max Beam End Table,5.0,,Love the color and it looks beautiful in the spot where it is.,Love the color and it looks beautiful in the spot where it is.,2019-10-15,Max Beam End Table_68条.xlsx,Sheet1,39635608,外观审美; 情绪价值,2,正向,"外观审美: beautiful, looks, color | 情绪价值: love"
Unknown,Max Beam End Table,4.0,,The color. Was smaller than I thought,The color. Was smaller than I thought,2019-10-05,Max Beam End Table_68条.xlsx,Sheet1,39306796,外观审美; 尺寸与空间适配,2,正向,外观审美: color | 尺寸与空间适配: smaller
Unknown,Max Beam End Table,5.0,,have wanted one of these Kartel side tables for a long time. Got 3 and they're fantastic,have wanted one of these Kartel side tables for a long time. Got 3 and they're fantastic,2023-06-01,Max Beam End Table_68条.xlsx,Sheet1,109598623,未归类,1,正向,
Unknown,Max Beam End Table,5.0,,Scoured the internet for an acrylic side table and this one checked all my boxes. Love it!,Scoured the internet for an acrylic side table and this one checked all my boxes. Love it!,2021-04-20,Max Beam End Table_68条.xlsx,Sheet1,70470163,情绪价值,1,正向,情绪价值: love
Unknown,Max Beam End Table,5.0,,"Gorgeous table! Looks grey in low light, and the blue comes out in natural light. Subtle and perfect.","Gorgeous table! Looks grey in low light, and the blue comes out in natural light. Subtle and perfect.",2021-04-13,Max Beam End Table_68条.xlsx,Sheet1,70030366,外观审美; 情绪价值,2,正向,"外观审美: gorgeous, looks | 情绪价值: perfect"
Unknown,Max Beam End Table,4.0,,"Modern, sleek and practical. Well made","Modern, sleek and practical. Well made",2020-12-05,Max Beam End Table_68条.xlsx,Sheet1,63104850,外观审美; 做工质量; 舒适度/实用性,3,正向,"外观审美: modern, sleek | 做工质量: well made | 舒适度/实用性: practical"
Unknown,Max Beam End Table,3.0,,"Works for me, but could have been more sturdy","Works for me, but could have been more sturdy",2020-10-25,Max Beam End Table_68条.xlsx,Sheet1,61152895,做工质量,1,正向,做工质量: sturdy
Unknown,Max Beam End Table,5.0,,"These are lovely tables. They are really sturdy, and I think will really hold up nicely over time! They add interest to my room.","These are lovely tables. They are really sturdy, and I think will really hold up nicely over time! They add interest to my room.",2020-10-10,Max Beam End Table_68条.xlsx,Sheet1,60365096,做工质量; 尺寸与空间适配,2,正向,做工质量: sturdy | 尺寸与空间适配: room
Unknown,Max Beam End Table,5.0,,"Adorable, sturdy perfect for a nursery im doing. Kartell is always beautiful!","Adorable, sturdy perfect for a nursery im doing. Kartell is always beautiful!",2020-03-26,Max Beam End Table_68条.xlsx,Sheet1,47763777,外观审美; 艺术感/收藏感; 做工质量; 情绪价值,4,正向,外观审美: beautiful | 艺术感/收藏感: kartell | 做工质量: sturdy | 情绪价值: perfect
Unknown,Max Beam End Table,5.0,,"Just gorgeous! This stool is more green than pictured, but it is so lovely that it didn't matter. The stools are very sturdy, but still lightweight.","Just gorgeous! This stool is more green than pictured, but it is so lovely that it didn't matter. The stools are very sturdy, but still lightweight.",2018-08-07,Max Beam End Table_68条.xlsx,Sheet1,22925539,外观审美; 做工质量,2,正向,外观审美: gorgeous | 做工质量: sturdy
Unknown,Max Beam End Table,5.0,,"Excellent quality, as always, from Kartel.","Excellent quality, as always, from Kartel.",2017-03-18,Max Beam End Table_68条.xlsx,Sheet1,10691674,做工质量,1,正向,做工质量: quality
Unknown,Max Beam End Table,5.0,,Perfect little stool in our guest bathroom. Adds a pop of color too!,Perfect little stool in our guest bathroom. Adds a pop of color too!,2016-05-11,Max Beam End Table_68条.xlsx,Sheet1,5794283,外观审美; 尺寸与空间适配; 情绪价值,3,正向,"外观审美: color, pop of color | 尺寸与空间适配: little | 情绪价值: perfect"
Unknown,Max Beam End Table,5.0,,I bought this table in clear and love it. It is heavy high quality lucite and can be used anywhere.,I bought this table in clear and love it. It is heavy high quality lucite and can be used anywhere.,2014-12-30,Max Beam End Table_68条.xlsx,Sheet1,2203744,做工质量; 情绪价值,2,正向,"做工质量: quality, heavy | 情绪价值: love"
Unknown,Max Beam End Table,5.0,,"I love, love, love this table so much! The color is fabulous! It’s also light weight so it can travel from room to room. Very well made. One of the things I love about this design, is the curved edging. Did I say I love it!!!!!","I love, love, love this table so much! The color is fabulous! It’s also light weight so it can travel from room to room. Very well made. One of the things I love about this design, is the curved edging. Did I say I love it!!!!!",2022-06-27,Max Beam End Table_68条.xlsx,Sheet1,95822222,外观审美; 做工质量; 尺寸与空间适配; 情绪价值; 照片与实物差异,5,正向,"外观审美: design, color | 做工质量: well made | 尺寸与空间适配: room | 情绪价值: love | 照片与实物差异: color is"
Unknown,Max Beam End Table,5.0,,"very sturdy, quality built.","very sturdy, quality built.",2017-01-09,Max Beam End Table_68条.xlsx,Sheet1,9151452,做工质量,1,正向,"做工质量: quality, sturdy"
Unknown,Max Beam End Table,5.0,,Love-chic,Love-chic,2024-10-11,Max Beam End Table_68条.xlsx,Sheet1,135567025,情绪价值,1,正向,情绪价值: love
Unknown,Max Beam End Table,4.0,,Very nice! Love the weight!,Very nice! Love the weight!,2024-09-16,Max Beam End Table_68条.xlsx,Sheet1,134184281,情绪价值,1,正向,情绪价值: love
Unknown,Max Beam End Table,5.0,,BEAUTIFUL!!!!,BEAUTIFUL!!!!,2023-12-22,Max Beam End Table_68条.xlsx,Sheet1,120568910,外观审美,1,正向,外观审美: beautiful
Unknown,Max Beam End Table,5.0,,Love it - Beautiful!,Love it - Beautiful!,2023-10-07,Max Beam End Table_68条.xlsx,Sheet1,116431369,外观审美; 情绪价值,2,正向,外观审美: beautiful | 情绪价值: love
Unknown,Max Beam End Table,5.0,,Super subtle. Love the elegy,Super subtle. Love the elegy,2019-08-31,Max Beam End Table_68条.xlsx,Sheet1,38250469,情绪价值,1,正向,情绪价值: love
Unknown,Max Beam End Table,4.0,,AMAZING ITEM!,AMAZING ITEM!,2024-10-07,Max Beam End Table_68条.xlsx,Sheet1,135409258,情绪价值,1,正向,情绪价值: amazing
Unknown,Max Beam End Table,5.0,,Love this table!,Love this table!,2021-09-28,Max Beam End Table_68条.xlsx,Sheet1,84632601,情绪价值,1,正向,情绪价值: love
Unknown,Max Beam End Table,4.0,,Stunning,Stunning,2021-07-10,Max Beam End Table_68条.xlsx,Sheet1,74247744,情绪价值,1,正向,情绪价值: stunning
Unknown,Max Beam End Table,5.0,,Love the table,Love the table,2020-10-25,Max Beam End Table_68条.xlsx,Sheet1,61136969,情绪价值,1,正向,情绪价值: love
Unknown,Max Beam End Table,5.0,,Love it,Love it,2020-10-10,Max Beam End Table_68条.xlsx,Sheet1,60376107,情绪价值,1,正向,情绪价值: love
Unknown,Max Beam End Table,5.0,,gorgeous!!!!,gorgeous!!!!,2016-02-20,Max Beam End Table_68条.xlsx,Sheet1,4749489,外观审美,1,正向,外观审美: gorgeous
Unknown,Max Beam End Table,5.0,,"Small, easy side table.","Small, easy side table.",2022-10-20,Max Beam End Table_68条.xlsx,Sheet1,99954525,尺寸与空间适配,1,正向,尺寸与空间适配: small
Unknown,Max Beam End Table,5.0,,Looks great,Looks great,2025-03-03,Max Beam End Table_68条.xlsx,Sheet1,144397160,外观审美,1,正向,外观审美: looks
Unknown,Max Beam End Table,5.0,,Comme une Une œuvre d’art,Comme une Une œuvre d’art,2024-12-01,Max Beam End Table_68条.xlsx,Sheet1,138517032,艺术感/收藏感,1,正向,艺术感/收藏感: art
Unknown,Meurice 42 - Light Dimmable Modern Linear Chandelier,5.0,,"Such a gorgeous statement chandelier! Got it in brass. Perfect over my long rectangular dining table! (NOTE that the bulbs are not included, it took a while to find the right ones).","Such a gorgeous statement chandelier! Got it in brass. Perfect over my long rectangular dining table! (NOTE that the bulbs are not included, it took a while to find the right ones).",2020-11-17,Meurice 42 - Light Dimmable Modern Linear Chandelier_50条.xlsx,Sheet1,62188721,外观审美; 艺术感/收藏感; 情绪价值,3,正向,外观审美: gorgeous | 艺术感/收藏感: statement | 情绪价值: perfect
Unknown,Meurice 42 - Light Dimmable Modern Linear Chandelier,5.0,,"Absolutely gorgeous chandelier, fast service and a fabulous price. This works perfectly in a transitional room give it a touch of contemporary .","Absolutely gorgeous chandelier, fast service and a fabulous price. This works perfectly in a transitional room give it a touch of contemporary .",2019-08-01,Meurice 42 - Light Dimmable Modern Linear Chandelier_50条.xlsx,Sheet1,37045494,外观审美; 尺寸与空间适配; 价格价值感; 照片与实物差异,4,正向,外观审美: gorgeous | 尺寸与空间适配: room | 价格价值感: price | 照片与实物差异: works perfectly
Unknown,Meurice 42 - Light Dimmable Modern Linear Chandelier,5.0,,"I love this chandelier! We got it in the bronze and I love all the lights. We installed it with a dimmer so it can be bright or dim. I like to set dim lighting for dinner. I wanted round bulbs and I did not want brand name (Phillips) on all the bulbs and I also did not want to see metal edge or white plastic outside the socket. I had to go with the G16.5/candelabra Sylvania soft white 25 watt equivalent. I tried LEDs, but could not use due to the problem with metal/plastic showing which took away from the look. I tried the incandescent with a trio pack and they worked fine with dimmer so I got the others to fill in the 42 bulbs. I hope this helps!","I love this chandelier! We got it in the bronze and I love all the lights. We installed it with a dimmer so it can be bright or dim. I like to set dim lighting for dinner. I wanted round bulbs and I did not want brand name (Phillips) on all the bulbs and I also did not want to see metal edge or white plastic outside the socket. I had to go with the G16.5/candelabra Sylvania soft white 25 watt equivalent. I tried LEDs, but could not use due to the problem with metal/plastic showing which took away from the look. I tried the incandescent with a trio pack and they worked fine with dimmer so I got the others to fill in the 42 bulbs. I hope this helps!",2018-10-30,Meurice 42 - Light Dimmable Modern Linear Chandelier_50条.xlsx,Sheet1,25184963,外观审美; 材质质感; 舒适度/实用性; 情绪价值,4,正向,"外观审美: look | 材质质感: plastic, metal | 舒适度/实用性: soft, use | 情绪价值: love"
Unknown,Meurice 42 - Light Dimmable Modern Linear Chandelier,5.0,,Worth the price. We have got so many compliments on this purchase!,Worth the price. We have got so many compliments on this purchase!,2018-10-21,Meurice 42 - Light Dimmable Modern Linear Chandelier_50条.xlsx,Sheet1,24915861,价格价值感,1,正向,"价格价值感: price, worth, purchase"
Unknown,Meurice 42 - Light Dimmable Modern Linear Chandelier,5.0,,Stunning light fixture. Perfect for a dining space as it mirrors the shape of a long table. A showpiece.,Stunning light fixture. Perfect for a dining space as it mirrors the shape of a long table. A showpiece.,2017-11-16,Meurice 42 - Light Dimmable Modern Linear Chandelier_50条.xlsx,Sheet1,15538148,尺寸与空间适配; 情绪价值,2,正向,"尺寸与空间适配: space | 情绪价值: perfect, stunning"
Unknown,Meurice 42 - Light Dimmable Modern Linear Chandelier,5.0,,Gorgeous high end light fixture. It's perfect for our dining room!,Gorgeous high end light fixture. It's perfect for our dining room!,2017-09-04,Meurice 42 - Light Dimmable Modern Linear Chandelier_50条.xlsx,Sheet1,13945953,外观审美; 尺寸与空间适配; 情绪价值,3,正向,外观审美: gorgeous | 尺寸与空间适配: room | 情绪价值: perfect
Unknown,Meurice 42 - Light Dimmable Modern Linear Chandelier,4.0,,Beautiful fixture! Jonathan Adler can do no wrong in my eyes,Beautiful fixture! Jonathan Adler can do no wrong in my eyes,2017-08-15,Meurice 42 - Light Dimmable Modern Linear Chandelier_50条.xlsx,Sheet1,13469631,外观审美,1,正向,外观审美: beautiful
Unknown,Meurice 42 - Light Dimmable Modern Linear Chandelier,5.0,,My client loves this fixure!!!,My client loves this fixure!!!,2017-06-05,Meurice 42 - Light Dimmable Modern Linear Chandelier_50条.xlsx,Sheet1,12340580,未归类,1,正向,
Unknown,Meurice 42 - Light Dimmable Modern Linear Chandelier,5.0,,can't wait to install it! Shipping was fast and easy! Just waiting on the 42 bulbs i need!!!,can't wait to install it! Shipping was fast and easy! Just waiting on the 42 bulbs i need!!!,2017-05-04,Meurice 42 - Light Dimmable Modern Linear Chandelier_50条.xlsx,Sheet1,11710454,物流包装; 安装体验,2,正向,物流包装: shipping | 安装体验: install
Unknown,Meurice 42 - Light Dimmable Modern Linear Chandelier,5.0,,"Spectacular light. This transformed my client's dining room into a whimsical, modern, elegant gathering space. My clients love it.","Spectacular light. This transformed my client's dining room into a whimsical, modern, elegant gathering space. My clients love it.",2017-03-13,Meurice 42 - Light Dimmable Modern Linear Chandelier_50条.xlsx,Sheet1,10596006,外观审美; 尺寸与空间适配; 情绪价值,3,正向,"外观审美: modern | 尺寸与空间适配: space, room | 情绪价值: love"
Unknown,Meurice 42 - Light Dimmable Modern Linear Chandelier,2.0,,"Although this light looks spectacular, I've had nothing but troubles with it due to a manufacturers defect on the recommended light bulb. There are 42 bulbs, and this could get EXTREMELY bright and hot if you dont have a dimmer, or the right bulb when its turned on. The recommended bulb per the manufacturers instructions did not work. It gives off way too much light. I had to custom order led bulbs and it cost me $18 a bulb. So it was about $800 worth of bulbs for this chandelier. If anyone else has had any issues with this please let me know. If anyone else experienced any problems I would like to know. I am not sure what the issue was, but it took me forever to find a proper bulb, and was not happy about the cost.","Although this light looks spectacular, I've had nothing but troubles with it due to a manufacturers defect on the recommended light bulb. There are 42 bulbs, and this could get EXTREMELY bright and hot if you dont have a dimmer, or the right bulb when its turned on. The recommended bulb per the manufacturers instructions did not work. It gives off way too much light. I had to custom order led bulbs and it cost me $18 a bulb. So it was about $800 worth of bulbs for this chandelier. If anyone else has had any issues with this please let me know. If anyone else experienced any problems I would like to know. I am not sure what the issue was, but it took me forever to find a proper bulb, and was not happy about the cost.",2017-02-12,Meurice 42 - Light Dimmable Modern Linear Chandelier_50条.xlsx,Sheet1,9986480,外观审美; 做工质量; 安装体验; 价格价值感; 情绪价值,5,负向,"外观审美: looks | 做工质量: defect | 安装体验: instructions | 价格价值感: worth, cost | 情绪价值: happy"
Unknown,Meurice 42 - Light Dimmable Modern Linear Chandelier,5.0,,Beautiful light! Great price!,Beautiful light! Great price!,2017-01-26,Meurice 42 - Light Dimmable Modern Linear Chandelier_50条.xlsx,Sheet1,9517961,外观审美; 价格价值感,2,正向,外观审美: beautiful | 价格价值感: price
Unknown,Meurice 42 - Light Dimmable Modern Linear Chandelier,5.0,,"Used in a commercial space, great lamp! The bulbs do make it warm under the lamp, but looks amazing! Good amount of light and great finish","Used in a commercial space, great lamp! The bulbs do make it warm under the lamp, but looks amazing! Good amount of light and great finish",2016-08-18,Meurice 42 - Light Dimmable Modern Linear Chandelier_50条.xlsx,Sheet1,6968134,外观审美; 材质质感; 尺寸与空间适配; 情绪价值,4,正向,外观审美: looks | 材质质感: finish | 尺寸与空间适配: space | 情绪价值: amazing
Unknown,Meurice 42 - Light Dimmable Modern Linear Chandelier,5.0,,Gorgeous fixture! We used it in a mid-century design for a sorority house and it was fantastic! The bulbs are a bit pricey though.,Gorgeous fixture! We used it in a mid-century design for a sorority house and it was fantastic! The bulbs are a bit pricey though.,2016-02-17,Meurice 42 - Light Dimmable Modern Linear Chandelier_50条.xlsx,Sheet1,4723527,外观审美,1,正向,"外观审美: gorgeous, design"
Unknown,Meurice 42 - Light Dimmable Modern Linear Chandelier,5.0,,I love this light I have purchased a few for clients and they all love the design. Easy install too. My only complaint is finding the bulbs in the frosted finish was a bit of a mission! I wish you would charge me a bit more and supply them with the light. It's like children's toys arriving without batteries - it's annoying!,I love this light I have purchased a few for clients and they all love the design. Easy install too. My only complaint is finding the bulbs in the frosted finish was a bit of a mission! I wish you would charge me a bit more and supply them with the light. It's like children's toys arriving without batteries - it's annoying!,2016-02-01,Meurice 42 - Light Dimmable Modern Linear Chandelier_50条.xlsx,Sheet1,4539956,外观审美; 材质质感; 安装体验; 情绪价值,4,正向,外观审美: design | 材质质感: finish | 安装体验: install | 情绪价值: love
Unknown,Meurice 42 - Light Dimmable Modern Linear Chandelier,5.0,,The fixture arrived ahead of schedule and meets product description. Looking forward to having it hung in our new home.,The fixture arrived ahead of schedule and meets product description. Looking forward to having it hung in our new home.,2016-01-03,Meurice 42 - Light Dimmable Modern Linear Chandelier_50条.xlsx,Sheet1,4202605,物流包装,1,正向,物流包装: arrived
Unknown,Meurice 42 - Light Dimmable Modern Linear Chandelier,5.0,,Perfect for mid century dining room - quality fixture,Perfect for mid century dining room - quality fixture,2015-12-30,Meurice 42 - Light Dimmable Modern Linear Chandelier_50条.xlsx,Sheet1,4168606,艺术感/收藏感; 做工质量; 尺寸与空间适配; 情绪价值,4,正向,艺术感/收藏感: mid century | 做工质量: quality | 尺寸与空间适配: room | 情绪价值: perfect
Unknown,Meurice 42 - Light Dimmable Modern Linear Chandelier,5.0,,"In love with this fixture. My client loves it as well. Perfect over a dining room table. I ordered this in the nickel finish for my client. Pros: gorgeous, well made, timeless design","In love with this fixture. My client loves it as well. Perfect over a dining room table. I ordered this in the nickel finish for my client. Pros: gorgeous, well made, timeless design",2015-12-28,Meurice 42 - Light Dimmable Modern Linear Chandelier_50条.xlsx,Sheet1,4152734,外观审美; 材质质感; 做工质量; 尺寸与空间适配; 情绪价值,5,正向,"外观审美: gorgeous, design | 材质质感: finish | 做工质量: well made | 尺寸与空间适配: room | 情绪价值: love, perfect"
Unknown,Meurice 42 - Light Dimmable Modern Linear Chandelier,5.0,,Fast shipment exactly what we needed! Can't wait to install it!!,Fast shipment exactly what we needed! Can't wait to install it!!,2015-12-04,Meurice 42 - Light Dimmable Modern Linear Chandelier_50条.xlsx,Sheet1,3920180,安装体验,1,正向,安装体验: install
Unknown,Meurice 42 - Light Dimmable Modern Linear Chandelier,4.0,,We put this over the dining room table in our tenant apartment and in the conference room in the common area,We put this over the dining room table in our tenant apartment and in the conference room in the common area,2019-04-29,Meurice 42 - Light Dimmable Modern Linear Chandelier_50条.xlsx,Sheet1,31732943,尺寸与空间适配,1,正向,尺寸与空间适配: room
Unknown,Meurice 42 - Light Dimmable Modern Linear Chandelier,5.0,,It is such a lovely light and looks amazing in my clients eating nook!,It is such a lovely light and looks amazing in my clients eating nook!,2018-06-04,Meurice 42 - Light Dimmable Modern Linear Chandelier_50条.xlsx,Sheet1,21272173,外观审美; 情绪价值,2,正向,外观审美: looks | 情绪价值: amazing
Unknown,Meurice 42 - Light Dimmable Modern Linear Chandelier,5.0,,Tried to purchase this fixture off the Jonathan Adler website and was able to find it on Wayfair Canada for cheaper AND it includes free shipping! It is a real statement piece when installed over our dining table but definitely needs to be installed on a dimmer switch as the 42 light bulbs give off a TON of light.,Tried to purchase this fixture off the Jonathan Adler website and was able to find it on Wayfair Canada for cheaper AND it includes free shipping! It is a real statement piece when installed over our dining table but definitely needs to be installed on a dimmer switch as the 42 light bulbs give off a TON of light.,2017-10-18,Meurice 42 - Light Dimmable Modern Linear Chandelier_50条.xlsx,Sheet1,14909737,艺术感/收藏感; 物流包装; 价格价值感,3,正向,"艺术感/收藏感: statement, statement piece | 物流包装: shipping | 价格价值感: purchase"
Unknown,Meurice 42 - Light Dimmable Modern Linear Chandelier,5.0,,"Beautiful chandelier, arrived on time, easy installation","Beautiful chandelier, arrived on time, easy installation",2017-04-11,Meurice 42 - Light Dimmable Modern Linear Chandelier_50条.xlsx,Sheet1,11234820,外观审美; 物流包装; 安装体验,3,正向,外观审美: beautiful | 物流包装: arrived | 安装体验: installation
Unknown,Meurice 42 - Light Dimmable Modern Linear Chandelier,5.0,,Excellent purchase! Just need light bulbs to finish up the work!,Excellent purchase! Just need light bulbs to finish up the work!,2016-12-14,Meurice 42 - Light Dimmable Modern Linear Chandelier_50条.xlsx,Sheet1,8757926,材质质感; 价格价值感,2,正向,材质质感: finish | 价格价值感: purchase
Unknown,Meurice 42 - Light Dimmable Modern Linear Chandelier,5.0,,This chandelier is spectacular. I like that it has an adjustable height and that its solid and sturdy. Now on to purchasing all those light bulbs! Pros: Adjustable height and well constructed,This chandelier is spectacular. I like that it has an adjustable height and that its solid and sturdy. Now on to purchasing all those light bulbs! Pros: Adjustable height and well constructed,2015-11-13,Meurice 42 - Light Dimmable Modern Linear Chandelier_50条.xlsx,Sheet1,3759132,做工质量; 尺寸与空间适配,2,正向,"做工质量: sturdy, solid | 尺寸与空间适配: height"
Unknown,Meurice 42 - Light Dimmable Modern Linear Chandelier,4.0,,LED bulbs do not fit this well.,LED bulbs do not fit this well.,2021-11-30,Meurice 42 - Light Dimmable Modern Linear Chandelier_50条.xlsx,Sheet1,87041705,尺寸与空间适配,1,正向,尺寸与空间适配: fit
Unknown,Meurice 42 - Light Dimmable Modern Linear Chandelier,5.0,,Gorgeous light fixture that adds so much style to any room.,Gorgeous light fixture that adds so much style to any room.,2019-03-29,Meurice 42 - Light Dimmable Modern Linear Chandelier_50条.xlsx,Sheet1,30603625,外观审美; 尺寸与空间适配,2,正向,外观审美: gorgeous | 尺寸与空间适配: room
Unknown,Meurice 42 - Light Dimmable Modern Linear Chandelier,5.0,,Beautiful! Well made quality product. Have it in Chrome. Have installed LED candle and round bulbs and looks stunning!,Beautiful! Well made quality product. Have it in Chrome. Have installed LED candle and round bulbs and looks stunning!,2017-10-09,Meurice 42 - Light Dimmable Modern Linear Chandelier_50条.xlsx,Sheet1,14724151,外观审美; 做工质量; 情绪价值,3,正向,"外观审美: beautiful, looks | 做工质量: quality, well made | 情绪价值: stunning"
Unknown,Meurice 42 - Light Dimmable Modern Linear Chandelier,4.0,,"This beautiful chandelier looks great in our dining room. The only problem I had was the wattage of the bulbs needs to be low in order to not blow the fuse, thus it does not put out a lot of light. I am looking into purchasing different bulbs and talking to my electrician about the fuse issue.","This beautiful chandelier looks great in our dining room. The only problem I had was the wattage of the bulbs needs to be low in order to not blow the fuse, thus it does not put out a lot of light. I am looking into purchasing different bulbs and talking to my electrician about the fuse issue.",2017-08-23,Meurice 42 - Light Dimmable Modern Linear Chandelier_50条.xlsx,Sheet1,13662073,外观审美; 尺寸与空间适配; 照片与实物差异,3,正向,"外观审美: beautiful, looks | 尺寸与空间适配: room | 照片与实物差异: different"
Unknown,Meurice 42 - Light Dimmable Modern Linear Chandelier,4.0,,In love with this light fixture,In love with this light fixture,2016-09-12,Meurice 42 - Light Dimmable Modern Linear Chandelier_50条.xlsx,Sheet1,7275462,情绪价值,1,正向,情绪价值: love
Unknown,Meurice 42 - Light Dimmable Modern Linear Chandelier,5.0,,Can't go wrong with a Jonathan Adler piece. All y holiday dinner guests raved about it!,Can't go wrong with a Jonathan Adler piece. All y holiday dinner guests raved about it!,2016-05-11,Meurice 42 - Light Dimmable Modern Linear Chandelier_50条.xlsx,Sheet1,5797204,未归类,1,正向,
Unknown,Meurice 42 - Light Dimmable Modern Linear Chandelier,5.0,,"Beautiful!! Brass is a good color... not too shiny, not too dull. Can't wait to see it hanging with all 42 lights.","Beautiful!! Brass is a good color... not too shiny, not too dull. Can't wait to see it hanging with all 42 lights.",2016-02-26,Meurice 42 - Light Dimmable Modern Linear Chandelier_50条.xlsx,Sheet1,4820196,外观审美,1,正向,"外观审美: beautiful, color"
Unknown,Meurice 42 - Light Dimmable Modern Linear Chandelier,5.0,,utterly beautiful! I could not have chosed a more perfect light.,utterly beautiful! I could not have chosed a more perfect light.,2015-11-06,Meurice 42 - Light Dimmable Modern Linear Chandelier_50条.xlsx,Sheet1,3702285,外观审美; 情绪价值,2,正向,外观审美: beautiful | 情绪价值: perfect
Unknown,Meurice 42 - Light Dimmable Modern Linear Chandelier,4.0,,Was a bit pricey . And had to pay another $200 to get it professionally installed. Was a pain to get put up as the plates were not even. It took 1 hour and the 3 of us to put it up. And of course the 42 bulbs l had to buy & then screw each of them on. The price you pay for beauty,Was a bit pricey . And had to pay another $200 to get it professionally installed. Was a pain to get put up as the plates were not even. It took 1 hour and the 3 of us to put it up. And of course the 42 bulbs l had to buy & then screw each of them on. The price you pay for beauty,2015-10-18,Meurice 42 - Light Dimmable Modern Linear Chandelier_50条.xlsx,Sheet1,3575834,安装体验; 价格价值感,2,正向,"安装体验: screw | 价格价值感: price, buy"
Unknown,Meurice 42 - Light Dimmable Modern Linear Chandelier,5.0,,"I love this light. It looks fantastic in our dining room. You need two people to hang it, but we got it up with no problem. We used 15 watt clear round bulbs that we could only buy online. Not too bright that it's overbearing, but we still have a dimmer on it, just in case. I most definately would recommend this light. Pros: It's a beautiful light that you won't find everywhere. Cons: It takes 2 people to hang it.","I love this light. It looks fantastic in our dining room. You need two people to hang it, but we got it up with no problem. We used 15 watt clear round bulbs that we could only buy online. Not too bright that it's overbearing, but we still have a dimmer on it, just in case. I most definately would recommend this light. Pros: It's a beautiful light that you won't find everywhere. Cons: It takes 2 people to hang it.",2015-06-25,Meurice 42 - Light Dimmable Modern Linear Chandelier_50条.xlsx,Sheet1,2944848,外观审美; 尺寸与空间适配; 价格价值感; 情绪价值,4,正向,"外观审美: beautiful, looks | 尺寸与空间适配: room | 价格价值感: buy | 情绪价值: love, recommend"
Unknown,Meurice 42 - Light Dimmable Modern Linear Chandelier,5.0,,This is a beautiful chandelier. I used Edison bulbs to give a little more character but would recommend this light to anyone!,This is a beautiful chandelier. I used Edison bulbs to give a little more character but would recommend this light to anyone!,2015-05-04,Meurice 42 - Light Dimmable Modern Linear Chandelier_50条.xlsx,Sheet1,2722716,外观审美; 尺寸与空间适配; 情绪价值,3,正向,外观审美: beautiful | 尺寸与空间适配: little | 情绪价值: recommend
Unknown,Meurice 42 - Light Dimmable Modern Linear Chandelier,5.0,,"We installed this in the antiqued brass, which is a bit of a dull brass, bot not with the black etching you may anticipate when ordering something ""antiqued"". We were clear on this from looking at multiple photos before ordering and love what we received. The chandelier is luminous and elegant, the comments from everyone have been positive. The fixture holds 42 bulbs, and up to 25W each, this was too bright for this lobby which is about 20x30, so we opted for a 10W bulbs which couldn't be better. You should note that if you choose to place this on a dimmer switch, the 42 bulbs at 25W will be too much for a standard dimmer so you'll want to plan for an upgraded, heat protected dimmer to be installed at the same time. LED bulbs with their base being what they are do show the ""rubber"" at the base, if planning for a LEED or low impact setting you'll want to check that out ahead of time. Overall, the fixture has a style that will be timeless, contemporary enough to be on trend but won't fade out as trends change, the perfect amount of panache'. This is the best possible fixture we could have hoped for in this building, the price is fantastic for the quality!","We installed this in the antiqued brass, which is a bit of a dull brass, bot not with the black etching you may anticipate when ordering something ""antiqued"". We were clear on this from looking at multiple photos before ordering and love what we received. The chandelier is luminous and elegant, the comments from everyone have been positive. The fixture holds 42 bulbs, and up to 25W each, this was too bright for this lobby which is about 20x30, so we opted for a 10W bulbs which couldn't be better. You should note that if you choose to place this on a dimmer switch, the 42 bulbs at 25W will be too much for a standard dimmer so you'll want to plan for an upgraded, heat protected dimmer to be installed at the same time. LED bulbs with their base being what they are do show the ""rubber"" at the base, if planning for a LEED or low impact setting you'll want to check that out ahead of time. Overall, the fixture has a style that will be timeless, contemporary enough to be on trend but won't fade out as trends change, the perfect amount of panache'. This is the best possible fixture we could have hoped for in this building, the price is fantastic for the quality!",2015-02-17,Meurice 42 - Light Dimmable Modern Linear Chandelier_50条.xlsx,Sheet1,2401338,做工质量; 价格价值感; 情绪价值,3,正向,"做工质量: quality | 价格价值感: price | 情绪价值: love, perfect"
Unknown,Meurice 42 - Light Dimmable Modern Linear Chandelier,4.0,,"Real good build. Was easy to install. I used 15 watt bulbs (42 of them). Now I wish I had gone with higher wattage as the light is quite good, but not as bright I would like. Basically, experiment with different bulbs before you buy 42 of any type.","Real good build. Was easy to install. I used 15 watt bulbs (42 of them). Now I wish I had gone with higher wattage as the light is quite good, but not as bright I would like. Basically, experiment with different bulbs before you buy 42 of any type.",2015-01-03,Meurice 42 - Light Dimmable Modern Linear Chandelier_50条.xlsx,Sheet1,2218741,安装体验; 价格价值感; 照片与实物差异,3,正向,安装体验: install | 价格价值感: buy | 照片与实物差异: different
Unknown,Meurice 42 - Light Dimmable Modern Linear Chandelier,5.0,,Awesome light. A bit awkward to install so you need three people. Only issue is bulbs are super hard to find and can get really expensive if you want LED. Lastly you will need a dimmer and a heavy duty one that can handle high voltage. It wasn’t easy but well worth it!,Awesome light. A bit awkward to install so you need three people. Only issue is bulbs are super hard to find and can get really expensive if you want LED. Lastly you will need a dimmer and a heavy duty one that can handle high voltage. It wasn’t easy but well worth it!,2018-12-29,Meurice 42 - Light Dimmable Modern Linear Chandelier_50条.xlsx,Sheet1,27380272,做工质量; 安装体验; 价格价值感,3,中性,"做工质量: heavy | 安装体验: install | 价格价值感: worth, expensive, well worth"
Unknown,Meurice 42 - Light Dimmable Modern Linear Chandelier,5.0,,"Amazing light fixture, we put in LED bulbs which gave it a different look than shown in the pictures.","Amazing light fixture, we put in LED bulbs which gave it a different look than shown in the pictures.",2016-03-27,Meurice 42 - Light Dimmable Modern Linear Chandelier_50条.xlsx,Sheet1,5223123,外观审美; 情绪价值; 照片与实物差异,3,正向,"外观审美: look | 情绪价值: amazing | 照片与实物差异: shown, different"
Unknown,Meurice 42 - Light Dimmable Modern Linear Chandelier,5.0,,"Total statement chandelier. Fits well with my MCM decor, but dont have to worry about vintage electrical!","Total statement chandelier. Fits well with my MCM decor, but dont have to worry about vintage electrical!",2016-05-04,Meurice 42 - Light Dimmable Modern Linear Chandelier_50条.xlsx,Sheet1,5719160,艺术感/收藏感; 尺寸与空间适配,2,正向,"艺术感/收藏感: statement, mcm | 尺寸与空间适配: fits"
Unknown,Meurice 42 - Light Dimmable Modern Linear Chandelier,4.0,,Great over a dining table,Great over a dining table,2015-10-08,Meurice 42 - Light Dimmable Modern Linear Chandelier_50条.xlsx,Sheet1,3511297,未归类,1,正向,
Unknown,Meurice 42 - Light Dimmable Modern Linear Chandelier,5.0,,This product is absolutely fantastic. We purchased 2 for a small area of a banquet hall. Pros: They arrived complete with all parts and that is very helpful. Cons: I can't think of any,This product is absolutely fantastic. We purchased 2 for a small area of a banquet hall. Pros: They arrived complete with all parts and that is very helpful. Cons: I can't think of any,2015-09-13,Meurice 42 - Light Dimmable Modern Linear Chandelier_50条.xlsx,Sheet1,3345717,尺寸与空间适配; 物流包装,2,正向,尺寸与空间适配: small | 物流包装: arrived
Unknown,Meurice 42 - Light Dimmable Modern Linear Chandelier,5.0,,"This Adler Meurice chandelier did not disappoint. It's absolutely gorgeous, and is going to look perfect over my client's kitchen island. We are having the electrician put this on a dimmer, as it gives off quite a bit of light with 42 light bulbs!","This Adler Meurice chandelier did not disappoint. It's absolutely gorgeous, and is going to look perfect over my client's kitchen island. We are having the electrician put this on a dimmer, as it gives off quite a bit of light with 42 light bulbs!",2015-04-13,Meurice 42 - Light Dimmable Modern Linear Chandelier_50条.xlsx,Sheet1,2631307,外观审美; 情绪价值,2,正向,"外观审美: gorgeous, look | 情绪价值: perfect"
Unknown,Meurice 42 - Light Dimmable Modern Linear Chandelier,5.0,,"This is both functional and is a great statement piece for our dining room. I was also worried that it would be too bright, and while we may still install a dimmer, the light is not overwhelming at full force. I would highly recommend this!","This is both functional and is a great statement piece for our dining room. I was also worried that it would be too bright, and while we may still install a dimmer, the light is not overwhelming at full force. I would highly recommend this!",2015-01-13,Meurice 42 - Light Dimmable Modern Linear Chandelier_50条.xlsx,Sheet1,2253215,艺术感/收藏感; 尺寸与空间适配; 舒适度/实用性; 安装体验; 情绪价值,5,正向,"艺术感/收藏感: statement, statement piece | 尺寸与空间适配: room | 舒适度/实用性: functional | 安装体验: install | 情绪价值: recommend"
Unknown,Meurice 42 - Light Dimmable Modern Linear Chandelier,5.0,,The chandelier is just as pictured. Great looking and gives of a good amount of light,The chandelier is just as pictured. Great looking and gives of a good amount of light,2014-12-27,Meurice 42 - Light Dimmable Modern Linear Chandelier_50条.xlsx,Sheet1,2187685,照片与实物差异,1,正向,"照片与实物差异: as pictured, as pictured, just as pictured"
Unknown,Meurice 42 - Light Dimmable Modern Linear Chandelier,5.0,,"The Meurice Chandelier is beautiful and well worth the money spent. It looks awesome in our dining room. We took the advice from review and got bulbs with no print and also have a dimmer (you definitely need the dimmer). Looks very modern and looks great with our décor. I would definitely recommend this product, you'll love it!","The Meurice Chandelier is beautiful and well worth the money spent. It looks awesome in our dining room. We took the advice from review and got bulbs with no print and also have a dimmer (you definitely need the dimmer). Looks very modern and looks great with our décor. I would definitely recommend this product, you'll love it!",2014-10-15,Meurice 42 - Light Dimmable Modern Linear Chandelier_50条.xlsx,Sheet1,1899923,外观审美; 尺寸与空间适配; 价格价值感; 情绪价值,4,正向,"外观审美: beautiful, looks, modern | 尺寸与空间适配: room | 价格价值感: worth, well worth | 情绪价值: love, recommend"
Unknown,Meurice 42 - Light Dimmable Modern Linear Chandelier,5.0,,"This is an architectural gem. It takes a lot of lights, so my electrician installed a larger breaker for it. The bulbs have to be ordered online too, but it is totally worth it!","This is an architectural gem. It takes a lot of lights, so my electrician installed a larger breaker for it. The bulbs have to be ordered online too, but it is totally worth it!",2014-10-04,Meurice 42 - Light Dimmable Modern Linear Chandelier_50条.xlsx,Sheet1,1851649,价格价值感,1,正向,价格价值感: worth
Unknown,Meurice 42 - Light Dimmable Modern Linear Chandelier,5.0,,Awesome,Awesome,2018-05-03,Meurice 42 - Light Dimmable Modern Linear Chandelier_50条.xlsx,Sheet1,19952181,未归类,1,正向,
Unknown,Meurice 42 - Light Dimmable Modern Linear Chandelier,5.0,,"Well made, sophesticate","Well made, sophesticate",2018-03-06,Meurice 42 - Light Dimmable Modern Linear Chandelier_50条.xlsx,Sheet1,18313867,做工质量,1,正向,做工质量: well made
Unknown,Modern Table,5.0,,Gorgeous sturdy martini tables that are a work of art and very versatile.,Gorgeous sturdy martini tables that are a work of art and very versatile.,2026-02-09,Modern Table_18条.xlsx,Sheet1,161685583,外观审美; 艺术感/收藏感; 做工质量; 舒适度/实用性,4,正向,"外观审美: gorgeous | 艺术感/收藏感: art, work of art | 做工质量: sturdy | 舒适度/实用性: versatile"
Unknown,Modern Table,5.0,,perfection,perfection,2026-02-20,Modern Table_18条.xlsx,Sheet1,162134297,情绪价值,1,正向,情绪价值: perfection
Unknown,Modern Table,5.0,,This table is fantastic - beautiful quality with a unique design. Perfect size for an accent piece.,This table is fantastic - beautiful quality with a unique design. Perfect size for an accent piece.,2019-12-14,Modern Table_18条.xlsx,Sheet1,42992122,外观审美; 艺术感/收藏感; 做工质量; 尺寸与空间适配; 情绪价值,5,正向,"外观审美: beautiful, design | 艺术感/收藏感: unique | 做工质量: quality | 尺寸与空间适配: size | 情绪价值: perfect"
Unknown,Modern Table,5.0,,Perfect for a side table and conversation piece. Large enough for a decorative object and coaster. I bought the matching table for my opposite sofa.,Perfect for a side table and conversation piece. Large enough for a decorative object and coaster. I bought the matching table for my opposite sofa.,2023-01-20,Modern Table_18条.xlsx,Sheet1,103804177,艺术感/收藏感; 尺寸与空间适配; 情绪价值,3,正向,艺术感/收藏感: conversation | 尺寸与空间适配: large | 情绪价值: perfect
Unknown,Modern Table,5.0,,"I had purchased these from Horchow for a much higher price for a client’s renovation a little while back, and loved them so much that I bought two for my own personal renovation from Wayfair because the price was such a good deal. Very collected looking, high end, couture looking item. Very cool. Here are the photos from my own renovation. Interior designer approved.","I had purchased these from Horchow for a much higher price for a client’s renovation a little while back, and loved them so much that I bought two for my own personal renovation from Wayfair because the price was such a good deal. Very collected looking, high end, couture looking item. Very cool. Here are the photos from my own renovation. Interior designer approved.",2020-10-31,Modern Table_18条.xlsx,Sheet1,61394566,尺寸与空间适配; 价格价值感,2,正向,"尺寸与空间适配: little | 价格价值感: price, deal"
Unknown,Modern Table,5.0,,Beautiful little table. Sturdy and well made. Exactly what I was looking for in size - it’s very small! The base is very shiny black snd the body and top are bronze,Beautiful little table. Sturdy and well made. Exactly what I was looking for in size - it’s very small! The base is very shiny black snd the body and top are bronze,2020-06-23,Modern Table_18条.xlsx,Sheet1,53993789,外观审美; 做工质量; 尺寸与空间适配,3,正向,"外观审美: beautiful | 做工质量: sturdy, well made | 尺寸与空间适配: size, small, little"
Unknown,Modern Table,5.0,,"I ordered these for my client that i had finished a very traditional living room. I wanted something a little out of the ordinary for this room. The 2 arrived (man & woman) I was very happy with the weight and construction of these tables. They will not tip, these are grounded with a very heavy piece of black granite at the base. My client is thrilled.","I ordered these for my client that i had finished a very traditional living room. I wanted something a little out of the ordinary for this room. The 2 arrived (man & woman) I was very happy with the weight and construction of these tables. They will not tip, these are grounded with a very heavy piece of black granite at the base. My client is thrilled.",2016-09-12,Modern Table_18条.xlsx,Sheet1,7277971,做工质量; 尺寸与空间适配; 物流包装; 情绪价值,4,正向,"做工质量: heavy | 尺寸与空间适配: room, little | 物流包装: arrived | 情绪价值: happy"
Unknown,Modern Table,5.0,,Surprisingly very sturdy quality! Heavy and got a lot of compliments.,Surprisingly very sturdy quality! Heavy and got a lot of compliments.,2016-07-05,Modern Table_18条.xlsx,Sheet1,6440912,做工质量,1,正向,"做工质量: quality, sturdy, heavy"
Unknown,Modern Table,5.0,,this is a great little piece. Very museum like! Has a black marble base and perfect for a small side table without getting in the way.,this is a great little piece. Very museum like! Has a black marble base and perfect for a small side table without getting in the way.,2015-02-17,Modern Table_18条.xlsx,Sheet1,2389953,艺术感/收藏感; 尺寸与空间适配; 情绪价值,3,正向,"艺术感/收藏感: museum | 尺寸与空间适配: small, little | 情绪价值: perfect"
Unknown,Modern Table,5.0,,It's a wonderful end table.,It's a wonderful end table.,2026-03-20,Modern Table_18条.xlsx,Sheet1,163363493,未归类,1,正向,
Unknown,Modern Table,5.0,,Great piece of art!,Great piece of art!,2025-01-03,Modern Table_18条.xlsx,Sheet1,140417353,艺术感/收藏感,1,正向,艺术感/收藏感: art
Unknown,Modern Table,5.0,,"Nice weight, very stable.","Nice weight, very stable.",2022-08-28,Modern Table_18条.xlsx,Sheet1,97967221,未归类,1,正向,
Unknown,Modern Table,5.0,,Really cool,Really cool,2019-10-24,Modern Table_18条.xlsx,Sheet1,39920824,未归类,1,正向,
Unknown,Modway Vivi 30.5 Wide,5.0,,Stunning!,Stunning!,2026-03-06,Modway Vivi 30.5 Wide_22条.xlsx,Sheet1,162758818,情绪价值,1,正向,情绪价值: stunning
Unknown,Modway Vivi 30.5 Wide,5.0,,Great!,Great!,2026-03-24,Modway Vivi 30.5 Wide_22条.xlsx,Sheet1,163489108,未归类,1,正向,
Unknown,Modway Vivi 30.5 Wide,4.0,,"Looks modern, good quality, super cute, but not the most comfortable chair. Looks great in your space.","Looks modern, good quality, super cute, but not the most comfortable chair. Looks great in your space.",2025-10-04,Modway Vivi 30.5 Wide_22条.xlsx,Sheet1,155916380,外观审美; 做工质量; 尺寸与空间适配; 舒适度/实用性,4,正向,"外观审美: cute, looks, modern | 做工质量: quality | 尺寸与空间适配: space | 舒适度/实用性: comfortable"
Unknown,Modway Vivi 30.5 Wide,5.0,,super cute addition to an updated guest room!,super cute addition to an updated guest room!,2025-04-27,Modway Vivi 30.5 Wide_22条.xlsx,Sheet1,148133738,外观审美; 尺寸与空间适配,2,正向,外观审美: cute | 尺寸与空间适配: room
Unknown,Modway Vivi 30.5 Wide,5.0,,Awesome chairs! Just what i needed to match my couch,Awesome chairs! Just what i needed to match my couch,2025-02-10,Modway Vivi 30.5 Wide_22条.xlsx,Sheet1,143052847,未归类,1,正向,
Unknown,Modway Vivi 30.5 Wide,5.0,,Perfect color and finish—just like the photos.,Perfect color and finish—just like the photos.,2025-09-16,Modway Vivi 30.5 Wide_22条.xlsx,Sheet1,155228614,外观审美; 材质质感; 情绪价值,3,正向,外观审美: color | 材质质感: finish | 情绪价值: perfect
Unknown,Modway Vivi 30.5 Wide,5.0,,These chairs are beautiful the color perfect brown color is very different so modern mid-century,These chairs are beautiful the color perfect brown color is very different so modern mid-century,2025-04-11,Modway Vivi 30.5 Wide_22条.xlsx,Sheet1,147569983,外观审美; 情绪价值; 照片与实物差异,3,正向,"外观审美: beautiful, modern, color | 情绪价值: perfect | 照片与实物差异: different, color is"
Unknown,Modway Vivi 30.5 Wide,4.0,,Great modern chair- firm but not uncomfortable. Conversation piece and structural beautiful,Great modern chair- firm but not uncomfortable. Conversation piece and structural beautiful,2025-03-30,Modway Vivi 30.5 Wide_22条.xlsx,Sheet1,147162716,外观审美; 艺术感/收藏感; 舒适度/实用性,3,正向,"外观审美: beautiful, modern | 艺术感/收藏感: conversation | 舒适度/实用性: firm, uncomfortable"
Unknown,Modway Vivi 30.5 Wide,5.0,,Well made and a fantastic size. The faux leather is very soft.,Well made and a fantastic size. The faux leather is very soft.,2025-03-28,Modway Vivi 30.5 Wide_22条.xlsx,Sheet1,147106015,材质质感; 做工质量; 尺寸与空间适配; 舒适度/实用性,4,正向,"材质质感: leather, faux | 做工质量: well made | 尺寸与空间适配: size | 舒适度/实用性: soft"
Unknown,Modway Vivi 30.5 Wide,3.0,,It’s really pretty but came in with a tear,It’s really pretty but came in with a tear,2025-03-20,Modway Vivi 30.5 Wide_22条.xlsx,Sheet1,146194498,外观审美,1,中性,外观审美: pretty
Unknown,Modway Vivi 30.5 Wide,5.0,,The chairs may be my FAVORITE Wayfair purchase ! They are very Kelly Wearstler!,The chairs may be my FAVORITE Wayfair purchase ! They are very Kelly Wearstler!,2025-03-14,Modway Vivi 30.5 Wide_22条.xlsx,Sheet1,145547327,价格价值感; 情绪价值,2,正向,价格价值感: purchase | 情绪价值: favorite
Unknown,Modway Vivi 30.5 Wide,5.0,,This chair is one of the most complimented pieces I’ve ever used in a design project. The quality is excellent. I highly recommend it to anyone looking to make a statement!,This chair is one of the most complimented pieces I’ve ever used in a design project. The quality is excellent. I highly recommend it to anyone looking to make a statement!,2025-01-09,Modway Vivi 30.5 Wide_22条.xlsx,Sheet1,140709112,外观审美; 艺术感/收藏感; 做工质量; 情绪价值,4,正向,外观审美: design | 艺术感/收藏感: statement | 做工质量: quality | 情绪价值: recommend
Unknown,Modway Vivi 30.5 Wide,5.0,,Very cool and modern accent chair. We are using it for a client’s Parisian style apartment. A great statement piece. I would order it again.,Very cool and modern accent chair. We are using it for a client’s Parisian style apartment. A great statement piece. I would order it again.,2024-08-08,Modway Vivi 30.5 Wide_22条.xlsx,Sheet1,132176471,外观审美; 艺术感/收藏感,2,正向,"外观审美: modern | 艺术感/收藏感: statement, statement piece"
Unknown,Modway Vivi 30.5 Wide,5.0,,"I absolutely love this chair! It is stunning and looks just like the picture! It is not as comfortable as I expected, but if you are looking for a statement piece this is it!","I absolutely love this chair! It is stunning and looks just like the picture! It is not as comfortable as I expected, but if you are looking for a statement piece this is it!",2025-03-27,Modway Vivi 30.5 Wide_22条.xlsx,Sheet1,147083935,外观审美; 艺术感/收藏感; 舒适度/实用性; 情绪价值; 照片与实物差异,5,正向,"外观审美: looks | 艺术感/收藏感: statement, statement piece | 舒适度/实用性: comfortable | 情绪价值: love, stunning | 照片与实物差异: picture, expected"
Unknown,Modway Vivi 30.5 Wide,1.0,,Dameged box and accent chair!,Dameged box and accent chair!,2025-03-07,Modway Vivi 30.5 Wide_22条.xlsx,Sheet1,144839835,物流包装,1,负向,物流包装: box
Unknown,Modway Vivi 30.5 Wide,5.0,,Amazing and Comfortable,Amazing and Comfortable,2025-04-18,Modway Vivi 30.5 Wide_22条.xlsx,Sheet1,147811656,舒适度/实用性; 情绪价值,2,正向,舒适度/实用性: comfortable | 情绪价值: amazing
Unknown,Modway Vivi 30.5 Wide,5.0,,Love this chair!,Love this chair!,2025-03-30,Modway Vivi 30.5 Wide_22条.xlsx,Sheet1,147175461,情绪价值,1,正向,情绪价值: love
Unknown,Modway Vivi 30.5 Wide,5.0,,Very cool,Very cool,2025-03-25,Modway Vivi 30.5 Wide_22条.xlsx,Sheet1,146585820,未归类,1,正向,
Unknown,Modway Vivi 30.5 Wide,5.0,,Very elevated,Very elevated,2025-03-02,Modway Vivi 30.5 Wide_22条.xlsx,Sheet1,144369425,未归类,1,正向,
Unknown,Modway Vivi 30.5 Wide,5.0,,Beautiful accent chair!,Beautiful accent chair!,2024-06-05,Modway Vivi 30.5 Wide_22条.xlsx,Sheet1,129426377,外观审美,1,正向,外观审美: beautiful
Unknown,Raechell Solid Wood End Table,4.0,,"Be warned, this table weighs 80 pounds. That’s not an exaggeration it’s the total on the shipping label. And believe me, it’s as heavy as it seems. You may need help to carry it or unbox since it will arrive nested in 3 boxes. My first order arrived broken (the design makes it more fragile), but was quickly replaced. It’s a little shorter than expected, but still a lovely piece. The wood grain pattern is different on either side. Overall a nice finish to it and heft that feels like quality.","Be warned, this table weighs 80 pounds. That’s not an exaggeration it’s the total on the shipping label. And believe me, it’s as heavy as it seems. You may need help to carry it or unbox since it will arrive nested in 3 boxes. My first order arrived broken (the design makes it more fragile), but was quickly replaced. It’s a little shorter than expected, but still a lovely piece. The wood grain pattern is different on either side. Overall a nice finish to it and heft that feels like quality.",2026-05-11,Raechell Solid Wood End Table_90条.xlsx,Sheet1,166235809,外观审美; 材质质感; 做工质量; 尺寸与空间适配; 物流包装; 安装体验; 照片与实物差异,7,中性,"外观审美: design | 材质质感: wood, grain, finish | 做工质量: quality, broken, fragile, heavy | 尺寸与空间适配: little | 物流包装: shipping, arrived | 安装体验: unbox | 照片与实物差异: expected, than expected, different"
Unknown,Raechell Solid Wood End Table,5.0,,Really lovely piece and good craftsmanship. I recommend it.,Really lovely piece and good craftsmanship. I recommend it.,2026-04-28,Raechell Solid Wood End Table_90条.xlsx,Sheet1,165604665,做工质量; 情绪价值,2,正向,做工质量: craftsmanship | 情绪价值: recommend
Unknown,Raechell Solid Wood End Table,5.0,,Omg this a beautiful piece I got so many compliment and it is exactly the way the picture is,Omg this a beautiful piece I got so many compliment and it is exactly the way the picture is,2026-04-02,Raechell Solid Wood End Table_90条.xlsx,Sheet1,164456770,外观审美; 照片与实物差异,2,正向,外观审美: beautiful | 照片与实物差异: picture
Unknown,Raechell Solid Wood End Table,5.0,,This piece is amazing! Make sure you have a couple of people when you want to move it. It’s a solid piece of wood. Impressive!,This piece is amazing! Make sure you have a couple of people when you want to move it. It’s a solid piece of wood. Impressive!,2025-12-01,Raechell Solid Wood End Table_90条.xlsx,Sheet1,158824476,材质质感; 做工质量; 情绪价值,3,正向,材质质感: wood | 做工质量: solid | 情绪价值: amazing
Unknown,Raechell Solid Wood End Table,2.0,,Delivery was very slow and it arrive with a huge crack.,Delivery was very slow and it arrive with a huge crack.,2025-12-12,Raechell Solid Wood End Table_90条.xlsx,Sheet1,159417209,物流包装,1,负向,物流包装: delivery
Unknown,Raechell Solid Wood End Table,2.0,,Long overdue ! My item had wood eating bugs in it !! Item looked similar to the photo and was sturdy and heavy just check for bugs before you bring it into your home,Long overdue ! My item had wood eating bugs in it !! Item looked similar to the photo and was sturdy and heavy just check for bugs before you bring it into your home,2025-12-02,Raechell Solid Wood End Table_90条.xlsx,Sheet1,158884279,材质质感; 做工质量; 照片与实物差异,3,负向,"材质质感: wood | 做工质量: sturdy, heavy | 照片与实物差异: photo"
Unknown,Raechell Solid Wood End Table,5.0,,Heavy solid piece that feels like great value for cost,Heavy solid piece that feels like great value for cost,2026-05-02,Raechell Solid Wood End Table_90条.xlsx,Sheet1,165750233,做工质量; 价格价值感,2,正向,"做工质量: solid, heavy | 价格价值感: value, cost"
Unknown,Raechell Solid Wood End Table,5.0,,Excellent quality and beautiful addition to our library,Excellent quality and beautiful addition to our library,2025-12-10,Raechell Solid Wood End Table_90条.xlsx,Sheet1,159326991,外观审美; 做工质量,2,正向,外观审美: beautiful | 做工质量: quality
Unknown,Raechell Solid Wood End Table,3.0,,"This thing is solid wood, solid - solid. 70lbs. Unfortunately I had a very large crack in the base, I was able to fix it with wood glue, and some clamps. Only reason it isn’t 5 stars is because the crack in the bottom, also, the packet of gel beads inside exploded, so this thing was gross when I pulled it out of the box.","This thing is solid wood, solid - solid. 70lbs. Unfortunately I had a very large crack in the base, I was able to fix it with wood glue, and some clamps. Only reason it isn’t 5 stars is because the crack in the bottom, also, the packet of gel beads inside exploded, so this thing was gross when I pulled it out of the box.",2025-08-11,Raechell Solid Wood End Table_90条.xlsx,Sheet1,153886504,材质质感; 做工质量; 尺寸与空间适配; 物流包装,4,正向,"材质质感: wood, solid wood | 做工质量: solid | 尺寸与空间适配: large | 物流包装: box"
Unknown,Raechell Solid Wood End Table,5.0,,Absolutely beautiful. Packed and arrived safely. Love this,Absolutely beautiful. Packed and arrived safely. Love this,2025-06-06,Raechell Solid Wood End Table_90条.xlsx,Sheet1,151694824,外观审美; 物流包装; 情绪价值,3,正向,外观审美: beautiful | 物流包装: arrived | 情绪价值: love
Unknown,Raechell Solid Wood End Table,5.0,,This product is well made and just beautiful. Accurately represented and solid. It was packed well and made the buyer feel the product was well taken care of. The delivery was expedient and the delivery driver careful with the product while delivering.,This product is well made and just beautiful. Accurately represented and solid. It was packed well and made the buyer feel the product was well taken care of. The delivery was expedient and the delivery driver careful with the product while delivering.,2025-05-18,Raechell Solid Wood End Table_90条.xlsx,Sheet1,150428729,外观审美; 做工质量; 物流包装,3,正向,"外观审美: beautiful | 做工质量: solid, well made | 物流包装: delivery"
Unknown,Raechell Solid Wood End Table,5.0,,This is SUCH a stunning piece. It makes my living room look designer and collected. It’s basically a solid wood sculpture. It weighs an absolute ton. It was packed extremely well. You won’t be disappointed.,This is SUCH a stunning piece. It makes my living room look designer and collected. It’s basically a solid wood sculpture. It weighs an absolute ton. It was packed extremely well. You won’t be disappointed.,2025-05-11,Raechell Solid Wood End Table_90条.xlsx,Sheet1,150130716,外观审美; 材质质感; 做工质量; 尺寸与空间适配; 情绪价值,5,正向,"外观审美: look | 材质质感: wood, solid wood | 做工质量: solid | 尺寸与空间适配: room | 情绪价值: stunning"
Unknown,Raechell Solid Wood End Table,1.0,,"Today I received one of my highly anticipated purchases. The Raechell Solid wood Abstract End Table. It was packaged so tightly and well that it took me a solid 20 minutes to peel each box off (since it was a box within a box). But I finally saw the table, I was so disappointed! It had a big crack on top. It is so large that I am having trouble accepting that it wasn't noticed. I ordered two of these and am thinking the second package will arrive within the next day or so. But what a bummer! Any ideas on what can be done? Looking forward to someone contacting me. Regards.","Today I received one of my highly anticipated purchases. The Raechell Solid wood Abstract End Table. It was packaged so tightly and well that it took me a solid 20 minutes to peel each box off (since it was a box within a box). But I finally saw the table, I was so disappointed! It had a big crack on top. It is so large that I am having trouble accepting that it wasn't noticed. I ordered two of these and am thinking the second package will arrive within the next day or so. But what a bummer! Any ideas on what can be done? Looking forward to someone contacting me. Regards.",2025-04-11,Raechell Solid Wood End Table_90条.xlsx,Sheet1,147572287,材质质感; 做工质量; 尺寸与空间适配; 物流包装,4,负向,"材质质感: wood, solid wood | 做工质量: solid | 尺寸与空间适配: large | 物流包装: packaged, box"
Unknown,Raechell Solid Wood End Table,5.0,,"I’ve bought lots of new things for my house, but this is my favorite piece of furniture. I was so excited to find this on your website. I’ve seen it in boutiques and they were Chagall more than what was in my budget… This works perfectly","I’ve bought lots of new things for my house, but this is my favorite piece of furniture. I was so excited to find this on your website. I’ve seen it in boutiques and they were Chagall more than what was in my budget… This works perfectly",2024-12-15,Raechell Solid Wood End Table_90条.xlsx,Sheet1,139444760,情绪价值; 照片与实物差异,2,正向,"情绪价值: excited, favorite | 照片与实物差异: works perfectly"
Unknown,Raechell Solid Wood End Table,5.0,,"This is one of my favorite, unique pieces. We call it a wave table. It’s very sturdy and beautifully made.","This is one of my favorite, unique pieces. We call it a wave table. It’s very sturdy and beautifully made.",2024-11-15,Raechell Solid Wood End Table_90条.xlsx,Sheet1,137387375,艺术感/收藏感; 做工质量; 情绪价值,3,正向,艺术感/收藏感: unique | 做工质量: sturdy | 情绪价值: favorite
Unknown,Raechell Solid Wood End Table,5.0,,Amazing solid piece of wood l- very artistic and was packaged extremely safe during shipping.,Amazing solid piece of wood l- very artistic and was packaged extremely safe during shipping.,2024-11-09,Raechell Solid Wood End Table_90条.xlsx,Sheet1,137011543,艺术感/收藏感; 材质质感; 做工质量; 物流包装; 情绪价值,5,正向,"艺术感/收藏感: artistic | 材质质感: wood | 做工质量: solid | 物流包装: shipping, packaged | 情绪价值: amazing"
Unknown,Raechell Solid Wood End Table,3.0,,I bought this table several months ago but a Crack is steadily widening.What do I do.,I bought this table several months ago but a Crack is steadily widening.What do I do.,2024-05-25,Raechell Solid Wood End Table_90条.xlsx,Sheet1,128811500,未归类,1,中性,
Unknown,Raechell Solid Wood End Table,5.0,,"I love this piece. I wanted something small to fit between two chairs and then I saw this table. Its inexpensive, but solid and so interesting to look at.","I love this piece. I wanted something small to fit between two chairs and then I saw this table. Its inexpensive, but solid and so interesting to look at.",2024-03-21,Raechell Solid Wood End Table_90条.xlsx,Sheet1,124951088,外观审美; 做工质量; 尺寸与空间适配; 情绪价值,4,正向,"外观审美: look | 做工质量: solid | 尺寸与空间适配: small, fit | 情绪价值: love"
Unknown,Raechell Solid Wood End Table,5.0,,The table is so unique and perfect with my decor. I simply love it,The table is so unique and perfect with my decor. I simply love it,2024-03-10,Raechell Solid Wood End Table_90条.xlsx,Sheet1,124447914,艺术感/收藏感; 情绪价值,2,正向,"艺术感/收藏感: unique | 情绪价值: love, perfect"
Unknown,Raechell Solid Wood End Table,4.0,,"Had an issue with my first table that was delivered- there was mold all over the inside, suspect due to moisture in storage. However Wayfair had fedex come and pick the old table up and delivered me a new one. I love it ! Subtracting the 1 star because a moldy piece of furniture was in my house and I still have the ick from it but overall I’m happy with my new table","Had an issue with my first table that was delivered- there was mold all over the inside, suspect due to moisture in storage. However Wayfair had fedex come and pick the old table up and delivered me a new one. I love it ! Subtracting the 1 star because a moldy piece of furniture was in my house and I still have the ick from it but overall I’m happy with my new table",2024-02-20,Raechell Solid Wood End Table_90条.xlsx,Sheet1,123657721,物流包装; 情绪价值,2,正向,"物流包装: delivered | 情绪价值: love, happy"
Unknown,Raechell Solid Wood End Table,5.0,,Love this piece! Seems more like a sculpture than an accent table.,Love this piece! Seems more like a sculpture than an accent table.,2023-11-29,Raechell Solid Wood End Table_90条.xlsx,Sheet1,119345095,情绪价值,1,正向,情绪价值: love
Unknown,Raechell Solid Wood End Table,5.0,,Unique conversations come of this table! I love wood for one thing. I respect it! And the wood working here is very good since nobody can figure it out. Ha!,Unique conversations come of this table! I love wood for one thing. I respect it! And the wood working here is very good since nobody can figure it out. Ha!,2023-04-26,Raechell Solid Wood End Table_90条.xlsx,Sheet1,107684284,艺术感/收藏感; 材质质感; 情绪价值,3,正向,艺术感/收藏感: unique | 材质质感: wood | 情绪价值: love
Unknown,Raechell Solid Wood End Table,5.0,,"Very heavy and well made piece. It was hard to get the cardboard spacers out, but I did. Looks great in my loft.","Very heavy and well made piece. It was hard to get the cardboard spacers out, but I did. Looks great in my loft.",2023-04-04,Raechell Solid Wood End Table_90条.xlsx,Sheet1,106952319,外观审美; 做工质量,2,正向,"外观审美: looks | 做工质量: well made, heavy"
Unknown,Raechell Solid Wood End Table,5.0,,Beautiful piece of furniture made the most special place for beloved lil darling. Her forever home♥️,Beautiful piece of furniture made the most special place for beloved lil darling. Her forever home♥️,2021-09-10,Raechell Solid Wood End Table_90条.xlsx,Sheet1,84065743,外观审美,1,正向,外观审美: beautiful
Unknown,Raechell Solid Wood End Table,5.0,,"Beautiful. To remove the cardboard, unfold it as far as it goes, grab onto it, and wiggle back and forth.","Beautiful. To remove the cardboard, unfold it as far as it goes, grab onto it, and wiggle back and forth.",2021-05-24,Raechell Solid Wood End Table_90条.xlsx,Sheet1,72213737,外观审美,1,正向,外观审美: beautiful
Unknown,Raechell Solid Wood End Table,1.0,,Update I initially gave this table 5 stars. Now it gets 1 star. I’ve had it for 16 months and it has huge cracks all over it. A piece of the wood in one of the cracks has even chipped off. The only thing I had sitting on it was a small houseplant. I’m very disappointed in the quality of this table. Please see pictures.,Update I initially gave this table 5 stars. Now it gets 1 star. I’ve had it for 16 months and it has huge cracks all over it. A piece of the wood in one of the cracks has even chipped off. The only thing I had sitting on it was a small houseplant. I’m very disappointed in the quality of this table. Please see pictures.,2019-03-20,Raechell Solid Wood End Table_90条.xlsx,Sheet1,30294623,材质质感; 做工质量; 尺寸与空间适配,3,负向,材质质感: wood | 做工质量: quality | 尺寸与空间适配: small
Unknown,Raechell Solid Wood End Table,5.0,,Just bought all new living room furniture and this little guy is really the focal point. Very unique and made of solid wood. Great piece!,Just bought all new living room furniture and this little guy is really the focal point. Very unique and made of solid wood. Great piece!,2016-03-27,Raechell Solid Wood End Table_90条.xlsx,Sheet1,5223895,艺术感/收藏感; 材质质感; 做工质量; 尺寸与空间适配,4,正向,"艺术感/收藏感: unique | 材质质感: wood, solid wood | 做工质量: solid | 尺寸与空间适配: room, little"
Unknown,Raechell Solid Wood End Table,5.0,,"Gorgeous, solid and such a fun & unique piece.","Gorgeous, solid and such a fun & unique piece.",2025-11-15,Raechell Solid Wood End Table_90条.xlsx,Sheet1,157931212,外观审美; 艺术感/收藏感; 做工质量,3,正向,外观审美: gorgeous | 艺术感/收藏感: unique | 做工质量: solid
Unknown,Raechell Solid Wood End Table,5.0,,This table was very heavy to carry inside telling me it is very solid wood. Have had for at least a year and haven’t seen any signs of the wood splinting!,This table was very heavy to carry inside telling me it is very solid wood. Have had for at least a year and haven’t seen any signs of the wood splinting!,2025-11-08,Raechell Solid Wood End Table_90条.xlsx,Sheet1,157578773,材质质感; 做工质量,2,正向,"材质质感: wood, solid wood | 做工质量: solid, heavy"
Unknown,Raechell Solid Wood End Table,5.0,,Very unique. Bought for husbands office,Very unique. Bought for husbands office,2025-07-18,Raechell Solid Wood End Table_90条.xlsx,Sheet1,153108143,艺术感/收藏感,1,正向,艺术感/收藏感: unique
Unknown,Raechell Solid Wood End Table,5.0,,Great little side table! Definitely is solid wood because it's crazy heavy! I've also gotten lots of compliments which is a bonus.,Great little side table! Definitely is solid wood because it's crazy heavy! I've also gotten lots of compliments which is a bonus.,2025-04-24,Raechell Solid Wood End Table_90条.xlsx,Sheet1,148061043,材质质感; 做工质量; 尺寸与空间适配,3,正向,"材质质感: wood, solid wood | 做工质量: solid, heavy | 尺寸与空间适配: little"
Unknown,Raechell Solid Wood End Table,5.0,,Super well packaged and STURDY! it is the perfect addition to my home.,Super well packaged and STURDY! it is the perfect addition to my home.,2025-04-12,Raechell Solid Wood End Table_90条.xlsx,Sheet1,147616851,做工质量; 物流包装; 情绪价值,3,正向,做工质量: sturdy | 物流包装: packaged | 情绪价值: perfect
Unknown,Raechell Solid Wood End Table,5.0,,Amazing craftsmanship. Gorgeous wood.,Amazing craftsmanship. Gorgeous wood.,2024-12-25,Raechell Solid Wood End Table_90条.xlsx,Sheet1,140126192,外观审美; 材质质感; 做工质量; 情绪价值,4,正向,外观审美: gorgeous | 材质质感: wood | 做工质量: craftsmanship | 情绪价值: amazing
Unknown,Raechell Solid Wood End Table,5.0,,Perfection. Looks better in person and is substantial super heavy weight and a show stopping piece. Makes the room!!!!,Perfection. Looks better in person and is substantial super heavy weight and a show stopping piece. Makes the room!!!!,2024-12-25,Raechell Solid Wood End Table_90条.xlsx,Sheet1,140074298,外观审美; 做工质量; 尺寸与空间适配; 情绪价值; 照片与实物差异,5,正向,外观审美: looks | 做工质量: heavy | 尺寸与空间适配: room | 情绪价值: perfection | 照片与实物差异: in person
Unknown,Raechell Solid Wood End Table,5.0,,Solid wood and so sturdy. Slightly heavy but a bang for your buck piece.,Solid wood and so sturdy. Slightly heavy but a bang for your buck piece.,2024-11-12,Raechell Solid Wood End Table_90条.xlsx,Sheet1,137149142,材质质感; 做工质量,2,正向,"材质质感: wood, solid wood | 做工质量: sturdy, solid, heavy"
Unknown,Raechell Solid Wood End Table,3.0,,These tables were delivered dirty and dull. Not shiny and pretty like the pictures. My husband hated them. I’m returning them.,These tables were delivered dirty and dull. Not shiny and pretty like the pictures. My husband hated them. I’m returning them.,2024-11-11,Raechell Solid Wood End Table_90条.xlsx,Sheet1,137103526,外观审美; 物流包装,2,中性,外观审美: pretty | 物流包装: delivered
Unknown,Raechell Solid Wood End Table,5.0,,"Beautiful, solid and unique. Buy it!","Beautiful, solid and unique. Buy it!",2024-09-07,Raechell Solid Wood End Table_90条.xlsx,Sheet1,133670257,外观审美; 艺术感/收藏感; 做工质量; 价格价值感,4,正向,外观审美: beautiful | 艺术感/收藏感: unique | 做工质量: solid | 价格价值感: buy
Unknown,Raechell Solid Wood End Table,5.0,,"Very unique piece, heavy and solid construction. Love this piece goes well with my living room.","Very unique piece, heavy and solid construction. Love this piece goes well with my living room.",2024-03-23,Raechell Solid Wood End Table_90条.xlsx,Sheet1,125107951,艺术感/收藏感; 做工质量; 尺寸与空间适配; 情绪价值,4,正向,"艺术感/收藏感: unique | 做工质量: solid, heavy | 尺寸与空间适配: room | 情绪价值: love"
Unknown,Raechell Solid Wood End Table,5.0,,"Very heavy (40lbs) solid piece of work. Very impressed. Mine came with some damage,,, but company has been quick to replace it. Otherwise, it's very cool to me and what I hoped and needed it for.","Very heavy (40lbs) solid piece of work. Very impressed. Mine came with some damage,,, but company has been quick to replace it. Otherwise, it's very cool to me and what I hoped and needed it for.",2024-03-14,Raechell Solid Wood End Table_90条.xlsx,Sheet1,124608904,做工质量,1,正向,"做工质量: solid, damage, heavy"
Unknown,Raechell Solid Wood End Table,5.0,,Very heavy and solid. I love it!,Very heavy and solid. I love it!,2024-02-21,Raechell Solid Wood End Table_90条.xlsx,Sheet1,123666377,做工质量; 情绪价值,2,正向,"做工质量: solid, heavy | 情绪价值: love"
Unknown,Raechell Solid Wood End Table,5.0,,The end tables made us gasp with the beauty of the items. Highly recommended!,The end tables made us gasp with the beauty of the items. Highly recommended!,2024-02-03,Raechell Solid Wood End Table_90条.xlsx,Sheet1,122707848,未归类,1,正向,
Unknown,Raechell Solid Wood End Table,5.0,,These are so beautiful and HEAVY! They should last forever!!,These are so beautiful and HEAVY! They should last forever!!,2023-12-14,Raechell Solid Wood End Table_90条.xlsx,Sheet1,120037836,外观审美; 做工质量,2,正向,外观审美: beautiful | 做工质量: heavy
Unknown,Raechell Solid Wood End Table,5.0,,Love these. I bought two. Very heavy. They are unique and sturdy.,Love these. I bought two. Very heavy. They are unique and sturdy.,2023-12-07,Raechell Solid Wood End Table_90条.xlsx,Sheet1,119705763,艺术感/收藏感; 做工质量; 情绪价值,3,正向,"艺术感/收藏感: unique | 做工质量: sturdy, heavy | 情绪价值: love"
Unknown,Raechell Solid Wood End Table,4.0,,This is a beautiful living art. It has interactions. I didn't know what it meant to have it treated. Very heavy,This is a beautiful living art. It has interactions. I didn't know what it meant to have it treated. Very heavy,2023-10-27,Raechell Solid Wood End Table_90条.xlsx,Sheet1,117808550,外观审美; 艺术感/收藏感; 做工质量,3,正向,外观审美: beautiful | 艺术感/收藏感: art | 做工质量: heavy
Unknown,Raechell Solid Wood End Table,1.0,,"It looked good, but the table has worms eating through it and leaving fresh piles of sawdust on the floor around it.","It looked good, but the table has worms eating through it and leaving fresh piles of sawdust on the floor around it.",2022-12-17,Raechell Solid Wood End Table_90条.xlsx,Sheet1,102635341,未归类,1,负向,
Unknown,Raechell Solid Wood End Table,4.0,,I like this snake end table. It looks unusual and that is what I needed. It came with tiny scratches and it would be awesome if vendor polish it to make it shine.,I like this snake end table. It looks unusual and that is what I needed. It came with tiny scratches and it would be awesome if vendor polish it to make it shine.,2022-11-29,Raechell Solid Wood End Table_90条.xlsx,Sheet1,101819657,外观审美; 艺术感/收藏感,2,正向,外观审美: looks | 艺术感/收藏感: unusual
Unknown,Raechell Solid Wood End Table,5.0,,"Beautiful table so unique! I have to add mineral oil for a shine. It came in two boxes very secure. Box in a box, pretty hilarious! The card in between each space was ridiculous! It was so hard to come out. Otherwise, it will go perfect in our hot tub room!","Beautiful table so unique! I have to add mineral oil for a shine. It came in two boxes very secure. Box in a box, pretty hilarious! The card in between each space was ridiculous! It was so hard to come out. Otherwise, it will go perfect in our hot tub room!",2022-11-28,Raechell Solid Wood End Table_90条.xlsx,Sheet1,101740824,外观审美; 艺术感/收藏感; 尺寸与空间适配; 物流包装; 情绪价值,5,正向,"外观审美: beautiful, pretty | 艺术感/收藏感: unique | 尺寸与空间适配: space, room | 物流包装: box | 情绪价值: perfect"
Unknown,Raechell Solid Wood End Table,5.0,,"Very pretty. Wish it were taller, but it is a beautiful piece.","Very pretty. Wish it were taller, but it is a beautiful piece.",2022-11-15,Raechell Solid Wood End Table_90条.xlsx,Sheet1,101166621,外观审美,1,正向,"外观审美: beautiful, pretty"
Unknown,Raechell Solid Wood End Table,5.0,,Love the design! It fits our furniture setup perfectly.,Love the design! It fits our furniture setup perfectly.,2022-10-10,Raechell Solid Wood End Table_90条.xlsx,Sheet1,99436816,外观审美; 尺寸与空间适配; 情绪价值,3,正向,外观审美: design | 尺寸与空间适配: fits | 情绪价值: love
Unknown,Raechell Solid Wood End Table,1.0,,Terrible!! Unfinished looked nothing like the pic !! But they made it right for me!!,Terrible!! Unfinished looked nothing like the pic !! But they made it right for me!!,2022-06-30,Raechell Solid Wood End Table_90条.xlsx,Sheet1,95904499,未归类,1,负向,
Unknown,Raechell Solid Wood End Table,5.0,,Nice product! Exactly as detailed.,Nice product! Exactly as detailed.,2022-01-28,Raechell Solid Wood End Table_90条.xlsx,Sheet1,89219653,未归类,1,正向,
Unknown,Raechell Solid Wood End Table,3.0,,Love the shape. Top has major crack on it .I thought it would have a cost of varnish on it like the picture. Its 50 lbs and was left in our tiny mail room. Im 73 thankfully neighbors helped.,Love the shape. Top has major crack on it .I thought it would have a cost of varnish on it like the picture. Its 50 lbs and was left in our tiny mail room. Im 73 thankfully neighbors helped.,2021-12-06,Raechell Solid Wood End Table_90条.xlsx,Sheet1,87261218,尺寸与空间适配; 价格价值感; 情绪价值; 照片与实物差异,4,正向,尺寸与空间适配: room | 价格价值感: cost | 情绪价值: love | 照片与实物差异: picture
Unknown,Raechell Solid Wood End Table,5.0,,"Beautiful side table, just as pictured! Given it’s real wood, it’s incredibly heavy. However, that means it’s durable. No assembly necessary!","Beautiful side table, just as pictured! Given it’s real wood, it’s incredibly heavy. However, that means it’s durable. No assembly necessary!",2021-09-07,Raechell Solid Wood End Table_90条.xlsx,Sheet1,83948185,外观审美; 材质质感; 做工质量; 安装体验; 照片与实物差异,5,正向,"外观审美: beautiful | 材质质感: wood | 做工质量: durable, heavy | 安装体验: assembly | 照片与实物差异: as pictured, as pictured, just as pictured"
Unknown,Raechell Solid Wood End Table,5.0,,Incredible quality! Solid wood and pretty heavy for the size,Incredible quality! Solid wood and pretty heavy for the size,2021-09-05,Raechell Solid Wood End Table_90条.xlsx,Sheet1,83726212,外观审美; 材质质感; 做工质量; 尺寸与空间适配,4,正向,"外观审美: pretty | 材质质感: wood, solid wood | 做工质量: quality, solid, heavy | 尺寸与空间适配: size"
Unknown,Raechell Solid Wood End Table,5.0,,"Absolutely stunning! The secret is to apply thick coat of Lin Seed Oil and repeat if wood absorbs quickly. Let dry 24 hours. Reapply one more time if needed. The different grains are beautiful and top center code swirl is remarkable! We are not putting any objects on it, it’s a piece of art!","Absolutely stunning! The secret is to apply thick coat of Lin Seed Oil and repeat if wood absorbs quickly. Let dry 24 hours. Reapply one more time if needed. The different grains are beautiful and top center code swirl is remarkable! We are not putting any objects on it, it’s a piece of art!",2021-08-15,Raechell Solid Wood End Table_90条.xlsx,Sheet1,80054650,外观审美; 艺术感/收藏感; 材质质感; 情绪价值; 照片与实物差异,5,正向,外观审美: beautiful | 艺术感/收藏感: art | 材质质感: wood | 情绪价值: stunning | 照片与实物差异: different
Unknown,Raechell Solid Wood End Table,5.0,,This table is as advertised. It is not bulky which I was concerned about. It fits in between our chairs perfectly and definitely won’t tip over.,This table is as advertised. It is not bulky which I was concerned about. It fits in between our chairs perfectly and definitely won’t tip over.,2021-08-12,Raechell Solid Wood End Table_90条.xlsx,Sheet1,78966542,尺寸与空间适配,1,正向,尺寸与空间适配: fits
Unknown,Raechell Solid Wood End Table,5.0,,We absolutely are in love with this purchase ‼️,We absolutely are in love with this purchase ‼️,2021-07-23,Raechell Solid Wood End Table_90条.xlsx,Sheet1,76185787,价格价值感; 情绪价值,2,正向,价格价值感: purchase | 情绪价值: love
Unknown,Raechell Solid Wood End Table,5.0,,Gorgeous and very solidheavy. Love this piece!,Gorgeous and very solidheavy. Love this piece!,2021-07-17,Raechell Solid Wood End Table_90条.xlsx,Sheet1,74623926,外观审美; 情绪价值,2,正向,外观审美: gorgeous | 情绪价值: love
Unknown,Raechell Solid Wood End Table,5.0,,EVERYTHING I EXPECTED. ARRIVED EARLY. AND FITS IN WITH MY DECOR PERFECTLY,EVERYTHING I EXPECTED. ARRIVED EARLY. AND FITS IN WITH MY DECOR PERFECTLY,2021-07-09,Raechell Solid Wood End Table_90条.xlsx,Sheet1,74196257,尺寸与空间适配; 物流包装; 照片与实物差异,3,正向,尺寸与空间适配: fits | 物流包装: arrived | 照片与实物差异: expected
Unknown,Raechell Solid Wood End Table,1.0,,Mine has already split. It will be in a charity box before long.,Mine has already split. It will be in a charity box before long.,2021-06-10,Raechell Solid Wood End Table_90条.xlsx,Sheet1,73157726,物流包装,1,负向,物流包装: box
Unknown,Raechell Solid Wood End Table,5.0,,"Love this table with rich color grains! There are mild scratch-looking places along the top and on flat base but not deep cracks. It just looks like natural characteristics of the wood. Very pleased with this heavy, sturdy unusual solid wood end table.","Love this table with rich color grains! There are mild scratch-looking places along the top and on flat base but not deep cracks. It just looks like natural characteristics of the wood. Very pleased with this heavy, sturdy unusual solid wood end table.",2021-03-21,Raechell Solid Wood End Table_90条.xlsx,Sheet1,68932701,外观审美; 艺术感/收藏感; 材质质感; 做工质量; 情绪价值,5,正向,"外观审美: looks, color | 艺术感/收藏感: unusual | 材质质感: wood, solid wood | 做工质量: sturdy, solid, heavy | 情绪价值: love"
Unknown,Raechell Solid Wood End Table,5.0,,I love this! It looks fantastic in my office. It is very heavy and made well!,I love this! It looks fantastic in my office. It is very heavy and made well!,2021-03-20,Raechell Solid Wood End Table_90条.xlsx,Sheet1,68894953,外观审美; 做工质量; 情绪价值,3,正向,外观审美: looks | 做工质量: heavy | 情绪价值: love
Unknown,Raechell Solid Wood End Table,5.0,,Love this unique solid wood table!!!,Love this unique solid wood table!!!,2021-03-13,Raechell Solid Wood End Table_90条.xlsx,Sheet1,68241983,艺术感/收藏感; 材质质感; 做工质量; 情绪价值,4,正向,"艺术感/收藏感: unique | 材质质感: wood, solid wood | 做工质量: solid | 情绪价值: love"
Unknown,Raechell Solid Wood End Table,5.0,,worth EVERY DOLLAR! After I got the first one I had to order a second one!,worth EVERY DOLLAR! After I got the first one I had to order a second one!,2021-03-01,Raechell Solid Wood End Table_90条.xlsx,Sheet1,67758301,价格价值感,1,正向,价格价值感: worth
Unknown,Raechell Solid Wood End Table,5.0,,This piece is absolutely stunning! Delivery was so fast and perfect to fit our needs!!,This piece is absolutely stunning! Delivery was so fast and perfect to fit our needs!!,2021-02-15,Raechell Solid Wood End Table_90条.xlsx,Sheet1,66664614,尺寸与空间适配; 物流包装; 情绪价值,3,正向,"尺寸与空间适配: fit | 物流包装: delivery | 情绪价值: perfect, stunning"
Unknown,Raechell Solid Wood End Table,5.0,,"O, this is a really fun end table. Goes perfectly in our living room. Husband slides his “ important “ stuff on the little shelves. Have had lots of compliments on this unusual table.","O, this is a really fun end table. Goes perfectly in our living room. Husband slides his “ important “ stuff on the little shelves. Have had lots of compliments on this unusual table.",2021-02-01,Raechell Solid Wood End Table_90条.xlsx,Sheet1,65942383,艺术感/收藏感; 尺寸与空间适配,2,正向,"艺术感/收藏感: unusual | 尺寸与空间适配: room, little"
Unknown,Raechell Solid Wood End Table,3.0,,My husband had to shim the base to make the top level.,My husband had to shim the base to make the top level.,2021-02-01,Raechell Solid Wood End Table_90条.xlsx,Sheet1,65939758,未归类,1,中性,
Unknown,Raechell Solid Wood End Table,1.0,,beautiful....looks great in our living room......solid wood it is alright!,beautiful....looks great in our living room......solid wood it is alright!,2021-01-31,Raechell Solid Wood End Table_90条.xlsx,Sheet1,65913067,外观审美; 材质质感; 做工质量; 尺寸与空间适配,4,负向,"外观审美: beautiful, looks | 材质质感: wood, solid wood | 做工质量: solid | 尺寸与空间适配: room"
Unknown,Raechell Solid Wood End Table,4.0,,It’s really unique and a show stopper! My son and daughter-in-law came over and they loved it. I showed them some of the other items that we ordered and they were really impressed. They left our house saying they were going home to decide on a budget for a new couch and that they were going to check out wayfairs selection.,It’s really unique and a show stopper! My son and daughter-in-law came over and they loved it. I showed them some of the other items that we ordered and they were really impressed. They left our house saying they were going home to decide on a budget for a new couch and that they were going to check out wayfairs selection.,2021-01-26,Raechell Solid Wood End Table_90条.xlsx,Sheet1,65680366,艺术感/收藏感,1,正向,"艺术感/收藏感: show stopper, unique"
Unknown,Raechell Solid Wood End Table,5.0,,Rich and natural looking. Love the small night stand.,Rich and natural looking. Love the small night stand.,2020-12-22,Raechell Solid Wood End Table_90条.xlsx,Sheet1,64012705,尺寸与空间适配; 情绪价值,2,正向,尺寸与空间适配: small | 情绪价值: love
Unknown,Raechell Solid Wood End Table,5.0,,"Beautiful piece of Art, that is also an End table","Beautiful piece of Art, that is also an End table",2020-12-18,Raechell Solid Wood End Table_90条.xlsx,Sheet1,63759858,外观审美; 艺术感/收藏感,2,正向,外观审美: beautiful | 艺术感/收藏感: art
Unknown,Raechell Solid Wood End Table,5.0,,We love the table. Very sturdy. Easy to unbox.,We love the table. Very sturdy. Easy to unbox.,2020-12-07,Raechell Solid Wood End Table_90条.xlsx,Sheet1,63175273,做工质量; 安装体验; 情绪价值,3,正向,做工质量: sturdy | 安装体验: unbox | 情绪价值: love
Unknown,Raechell Solid Wood End Table,5.0,,Exactly as it’s described. Looks great in our living room!,Exactly as it’s described. Looks great in our living room!,2020-11-22,Raechell Solid Wood End Table_90条.xlsx,Sheet1,62467530,外观审美; 尺寸与空间适配,2,正向,外观审美: looks | 尺寸与空间适配: room
Unknown,Raechell Solid Wood End Table,5.0,,"Love this! It is a unique and attractive piece, with warm wood colours that vary from level to level. Everyone who sees it comments on its good looks. It arrived in packaging that was extremely well done to protect the table. One word of warning---it is very heavy, even though it has a delicate look. It is a little pricier than some of the other solid wood tables, but it is worth it!","Love this! It is a unique and attractive piece, with warm wood colours that vary from level to level. Everyone who sees it comments on its good looks. It arrived in packaging that was extremely well done to protect the table. One word of warning---it is very heavy, even though it has a delicate look. It is a little pricier than some of the other solid wood tables, but it is worth it!",2020-10-27,Raechell Solid Wood End Table_90条.xlsx,Sheet1,61259723,外观审美; 艺术感/收藏感; 材质质感; 做工质量; 尺寸与空间适配; 物流包装; 价格价值感; 情绪价值,8,正向,"外观审美: look, looks, attractive | 艺术感/收藏感: unique | 材质质感: wood, solid wood | 做工质量: solid, heavy | 尺寸与空间适配: little | 物流包装: arrived, packaging | 价格价值感: worth | 情绪价值: love"
Unknown,Raechell Solid Wood End Table,5.0,,this Raechell is a beautiful table thats very uneek in everyway the style of artistrey makes this table one of a kind that you wont see in other homes.,this Raechell is a beautiful table thats very uneek in everyway the style of artistrey makes this table one of a kind that you wont see in other homes.,2020-04-10,Raechell Solid Wood End Table_90条.xlsx,Sheet1,48346454,外观审美,1,正向,外观审美: beautiful
Unknown,Raechell Solid Wood End Table,5.0,,LOVE LOVE LOVE this table!!! Very beautiful and unique.,LOVE LOVE LOVE this table!!! Very beautiful and unique.,2020-01-30,Raechell Solid Wood End Table_90条.xlsx,Sheet1,44855921,外观审美; 艺术感/收藏感; 情绪价值,3,正向,外观审美: beautiful | 艺术感/收藏感: unique | 情绪价值: love
Unknown,Raechell Solid Wood End Table,5.0,,"Gorgeous product! Unmatched craftsmanship. Product was very heavy, and didn't end up working with my space. But, boy do I wish it did!","Gorgeous product! Unmatched craftsmanship. Product was very heavy, and didn't end up working with my space. But, boy do I wish it did!",2019-05-29,Raechell Solid Wood End Table_90条.xlsx,Sheet1,32658189,外观审美; 做工质量; 尺寸与空间适配,3,正向,"外观审美: gorgeous | 做工质量: craftsmanship, heavy | 尺寸与空间适配: space"
Unknown,Raechell Solid Wood End Table,5.0,,"This is an outstanding piece of wood, beautiful solid and obviously not your run-of-the-mill end table. Received many compliments on this piece.","This is an outstanding piece of wood, beautiful solid and obviously not your run-of-the-mill end table. Received many compliments on this piece.",2018-10-30,Raechell Solid Wood End Table_90条.xlsx,Sheet1,25161096,外观审美; 材质质感; 做工质量,3,正向,外观审美: beautiful | 材质质感: wood | 做工质量: solid
Unknown,Raechell Solid Wood End Table,4.0,,Beautiful but it had a major defect-a fist size hole. Wayfair was very good in terms of shipping me a replacement,Beautiful but it had a major defect-a fist size hole. Wayfair was very good in terms of shipping me a replacement,2018-07-16,Raechell Solid Wood End Table_90条.xlsx,Sheet1,22380451,外观审美; 做工质量; 尺寸与空间适配; 物流包装,4,正向,"外观审美: beautiful | 做工质量: defect | 尺寸与空间适配: size | 物流包装: shipping, replacement"
Unknown,Raechell Solid Wood End Table,5.0,,These are every bit as cool and pretty as in the picture. My 13 year old daughter had no problem unwrapping them. I bought two of these for our informal living room but I think they would also go well in a more formal space. They have a few small cracks that haven't really grown in the last 10 months but really just make them look even more unique. We are really happy with these.,These are every bit as cool and pretty as in the picture. My 13 year old daughter had no problem unwrapping them. I bought two of these for our informal living room but I think they would also go well in a more formal space. They have a few small cracks that haven't really grown in the last 10 months but really just make them look even more unique. We are really happy with these.,2018-05-22,Raechell Solid Wood End Table_90条.xlsx,Sheet1,20937204,外观审美; 艺术感/收藏感; 尺寸与空间适配; 情绪价值; 照片与实物差异,5,正向,"外观审美: pretty, look | 艺术感/收藏感: unique | 尺寸与空间适配: small, space, room | 情绪价值: happy | 照片与实物差异: picture"
Unknown,Raechell Solid Wood End Table,5.0,,"This table is really beautiful and unique-we are really pleased with it. It’s not large, but enough room to place a book on top.","This table is really beautiful and unique-we are really pleased with it. It’s not large, but enough room to place a book on top.",2018-05-09,Raechell Solid Wood End Table_90条.xlsx,Sheet1,20329913,外观审美; 艺术感/收藏感; 尺寸与空间适配,3,正向,"外观审美: beautiful | 艺术感/收藏感: unique | 尺寸与空间适配: large, room"
Unknown,Raechell Solid Wood End Table,5.0,,"Great Quality, great packaging Fantastic piece. Highly recommend this piece","Great Quality, great packaging Fantastic piece. Highly recommend this piece",2018-05-01,Raechell Solid Wood End Table_90条.xlsx,Sheet1,19870759,做工质量; 物流包装; 情绪价值,3,正向,做工质量: quality | 物流包装: packaging | 情绪价值: recommend
Unknown,Raechell Solid Wood End Table,5.0,,"I get lots of compliments on this table and the incredible unique design. It is quite sturdy, being solid wood. I agree with previous reviews that unpacking it can be a little bit of a challenge.","I get lots of compliments on this table and the incredible unique design. It is quite sturdy, being solid wood. I agree with previous reviews that unpacking it can be a little bit of a challenge.",2018-04-11,Raechell Solid Wood End Table_90条.xlsx,Sheet1,19171900,外观审美; 艺术感/收藏感; 材质质感; 做工质量; 尺寸与空间适配,5,正向,"外观审美: design | 艺术感/收藏感: unique | 材质质感: wood, solid wood | 做工质量: sturdy, solid | 尺寸与空间适配: little"
Unknown,Raechell Solid Wood End Table,5.0,,"Great table, well made, packed and shipped. As always wayfair is my go to store!!!","Great table, well made, packed and shipped. As always wayfair is my go to store!!!",2018-04-05,Raechell Solid Wood End Table_90条.xlsx,Sheet1,19049475,做工质量,1,正向,做工质量: well made
Unknown,Raechell Solid Wood End Table,5.0,,Absolutely love this. It is a piece of art and a conversation piece.,Absolutely love this. It is a piece of art and a conversation piece.,2018-03-21,Raechell Solid Wood End Table_90条.xlsx,Sheet1,18691343,艺术感/收藏感; 情绪价值,2,正向,"艺术感/收藏感: art, conversation | 情绪价值: love"
Unknown,Raechell Solid Wood End Table,5.0,,Very beautiful love the look. Worked perfectly where needed. Arrived in perfect condition. 5 stars. Would recommend,Very beautiful love the look. Worked perfectly where needed. Arrived in perfect condition. 5 stars. Would recommend,2018-01-22,Raechell Solid Wood End Table_90条.xlsx,Sheet1,17240466,外观审美; 物流包装; 情绪价值,3,正向,"外观审美: beautiful, look | 物流包装: arrived | 情绪价值: love, perfect, recommend"
Unknown,Raechell Solid Wood End Table,5.0,,Very heavy and stable table. Love it's character!,Very heavy and stable table. Love it's character!,2018-01-16,Raechell Solid Wood End Table_90条.xlsx,Sheet1,17084721,做工质量; 情绪价值,2,正向,做工质量: heavy | 情绪价值: love
Unknown,Raechell Solid Wood End Table,5.0,,The table is definitely a work of art.,The table is definitely a work of art.,2018-01-13,Raechell Solid Wood End Table_90条.xlsx,Sheet1,17004702,艺术感/收藏感,1,正向,"艺术感/收藏感: art, work of art"
Unknown,Raechell Solid Wood End Table,5.0,,"Perfect size for what I needed and I love the way it looks. Heavy, good quality","Perfect size for what I needed and I love the way it looks. Heavy, good quality",2017-08-21,Raechell Solid Wood End Table_90条.xlsx,Sheet1,13610410,外观审美; 做工质量; 尺寸与空间适配; 情绪价值,4,正向,"外观审美: looks | 做工质量: quality, heavy | 尺寸与空间适配: size | 情绪价值: love, perfect"
Unknown,Raechell Solid Wood End Table,5.0,,"Very nice table, heavy wood, grain shows up nicely. Love this as an accent and conversation piece!","Very nice table, heavy wood, grain shows up nicely. Love this as an accent and conversation piece!",2017-07-14,Raechell Solid Wood End Table_90条.xlsx,Sheet1,12933120,艺术感/收藏感; 材质质感; 做工质量; 情绪价值,4,正向,"艺术感/收藏感: conversation | 材质质感: wood, grain | 做工质量: heavy | 情绪价值: love"
Unknown,Randal Chenille Accent Chair,5.0,,Super cute LITTLE chair. Well made,Super cute LITTLE chair. Well made,2026-03-09,Randal Chenille Accent Chair_11条.xlsx,Sheet1,162838427,外观审美; 做工质量; 尺寸与空间适配,3,正向,外观审美: cute | 做工质量: well made | 尺寸与空间适配: little
Unknown,Randal Chenille Accent Chair,4.0,,"Chair looks great. It’s a little smaller than I expected and it’s pretty firm, but I think over time it will soften up. Overall solid chair for the price.","Chair looks great. It’s a little smaller than I expected and it’s pretty firm, but I think over time it will soften up. Overall solid chair for the price.",2026-04-21,Randal Chenille Accent Chair_11条.xlsx,Sheet1,165166156,外观审美; 做工质量; 尺寸与空间适配; 舒适度/实用性; 价格价值感; 照片与实物差异,6,中性,"外观审美: pretty, looks | 做工质量: solid | 尺寸与空间适配: little, smaller | 舒适度/实用性: firm | 价格价值感: price | 照片与实物差异: expected"
Unknown,Randal Chenille Accent Chair,5.0,,"I wasn’t sure what to expect upon arrival, but this chair has exceeded my expectations. It’s elegant, stylish and very comfortable. It was the perfect addition to my living room, so I purchased a second chair. Highly recommend!","I wasn’t sure what to expect upon arrival, but this chair has exceeded my expectations. It’s elegant, stylish and very comfortable. It was the perfect addition to my living room, so I purchased a second chair. Highly recommend!",2026-04-18,Randal Chenille Accent Chair_11条.xlsx,Sheet1,165075240,外观审美; 尺寸与空间适配; 舒适度/实用性; 情绪价值; 照片与实物差异,5,正向,"外观审美: stylish | 尺寸与空间适配: room | 舒适度/实用性: comfortable | 情绪价值: perfect, recommend | 照片与实物差异: exceeded my expectations"
Unknown,Randal Chenille Accent Chair,1.0,,This chair is mini!! And 80 to return. What a rip off. I messsed up and didn’t measure the height. It is soooooo short!!,This chair is mini!! And 80 to return. What a rip off. I messsed up and didn’t measure the height. It is soooooo short!!,2026-01-13,Randal Chenille Accent Chair_11条.xlsx,Sheet1,160612758,尺寸与空间适配,1,负向,"尺寸与空间适配: short, height"
Unknown,Randal Chenille Accent Chair,5.0,,very nice and looks chuncky and cute but not too big,very nice and looks chuncky and cute but not too big,2026-04-17,Randal Chenille Accent Chair_11条.xlsx,Sheet1,165034927,外观审美,1,正向,"外观审美: cute, looks"
Unknown,Randal Chenille Accent Chair,5.0,,So stylish! Love it!,So stylish! Love it!,2025-11-30,Randal Chenille Accent Chair_11条.xlsx,Sheet1,158812868,外观审美; 情绪价值,2,正向,外观审美: stylish | 情绪价值: love
Unknown,Randal Chenille Accent Chair,5.0,,I got the dark brown. It's firm but comfortable and it's low but it works for me. Love it.,I got the dark brown. It's firm but comfortable and it's low but it works for me. Love it.,2026-05-16,Randal Chenille Accent Chair_11条.xlsx,Sheet1,166541306,舒适度/实用性; 情绪价值,2,正向,"舒适度/实用性: comfortable, firm | 情绪价值: love"
Unknown,Randal Chenille Accent Chair,5.0,,They are aesthetically pleasing but not the most comfortable chairs I've sat in. I use them for staging so they fit my needs perfectly!,They are aesthetically pleasing but not the most comfortable chairs I've sat in. I use them for staging so they fit my needs perfectly!,2026-03-07,Randal Chenille Accent Chair_11条.xlsx,Sheet1,162801507,尺寸与空间适配; 舒适度/实用性,2,正向,"尺寸与空间适配: fit | 舒适度/实用性: comfortable, use"
Unknown,Randal Chenille Accent Chair,5.0,,"Super cute chair looks fantastic in my living room with my color scheme, however, it was a little smaller than I expected. I should’ve checked the measurements first.","Super cute chair looks fantastic in my living room with my color scheme, however, it was a little smaller than I expected. I should’ve checked the measurements first.",2025-10-28,Randal Chenille Accent Chair_11条.xlsx,Sheet1,157121664,外观审美; 尺寸与空间适配; 照片与实物差异,3,中性,"外观审美: cute, looks, color | 尺寸与空间适配: room, little, smaller | 照片与实物差异: expected"
Unknown,Randal Chenille Accent Chair,5.0,,The size of this chair is so so good for the price! Definitely recommend buying these while they're still available.,The size of this chair is so so good for the price! Definitely recommend buying these while they're still available.,2025-07-18,Randal Chenille Accent Chair_11条.xlsx,Sheet1,153112680,尺寸与空间适配; 价格价值感; 情绪价值,3,正向,尺寸与空间适配: size | 价格价值感: price | 情绪价值: recommend
Unknown,Rider Dining Chair,5.0,,"This chair is perfect scale, perfect heft for my dining area. Velvet upholstery in peacock teal is just enough whimsy to register as Adler.","This chair is perfect scale, perfect heft for my dining area. Velvet upholstery in peacock teal is just enough whimsy to register as Adler.",2026-05-05,Rider Dining Chair_20条.xlsx,Sheet1,165950480,情绪价值,1,正向,情绪价值: perfect
Unknown,Rider Dining Chair,3.0,,So disappointed ! 5 for aesthetics but 2 for build quality- Kinda felt like play furniture- it is so light- most grown mem would feel uncomfortable- at the price I expected a sturdy beautiful chair. This os only good for a woman’s vanity or desk chair - it looked dwarfed by my slender sleek very normal sized tulip table - wanted to love- but its just not worth the $,So disappointed ! 5 for aesthetics but 2 for build quality- Kinda felt like play furniture- it is so light- most grown mem would feel uncomfortable- at the price I expected a sturdy beautiful chair. This os only good for a woman’s vanity or desk chair - it looked dwarfed by my slender sleek very normal sized tulip table - wanted to love- but its just not worth the $,2023-08-31,Rider Dining Chair_20条.xlsx,Sheet1,114257449,外观审美; 做工质量; 舒适度/实用性; 价格价值感; 情绪价值; 照片与实物差异,6,正向,"外观审美: beautiful, sleek | 做工质量: quality, sturdy | 舒适度/实用性: uncomfortable | 价格价值感: price, worth | 情绪价值: love | 照片与实物差异: expected"
Unknown,Rider Dining Chair,5.0,,So many compliments. Love love love,So many compliments. Love love love,2022-02-22,Rider Dining Chair_20条.xlsx,Sheet1,90352519,情绪价值,1,正向,情绪价值: love
Unknown,Rider Dining Chair,5.0,,Love love found for my daughters college room desk! How much does the chair weigh,Love love found for my daughters college room desk! How much does the chair weigh,2023-08-31,Rider Dining Chair_20条.xlsx,Sheet1,114227048,尺寸与空间适配; 情绪价值,2,正向,尺寸与空间适配: room | 情绪价值: love
Unknown,Rider Dining Chair,5.0,,"LOVE IT. I’m using this as a writing desk chair. The details stand out and feel elevated. Spite its delicate appearance the construction is quite sturdy. The legs and seat brace are all metal—iron, steel?","LOVE IT. I’m using this as a writing desk chair. The details stand out and feel elevated. Spite its delicate appearance the construction is quite sturdy. The legs and seat brace are all metal—iron, steel?",2023-02-20,Rider Dining Chair_20条.xlsx,Sheet1,104855231,材质质感; 做工质量; 舒适度/实用性; 情绪价值,4,正向,"材质质感: metal, iron | 做工质量: sturdy | 舒适度/实用性: seat | 情绪价值: love"
Unknown,Rider Dining Chair,5.0,,Love these dining chairs. Great look for my space,Love these dining chairs. Great look for my space,2023-03-09,Rider Dining Chair_20条.xlsx,Sheet1,105999750,外观审美; 尺寸与空间适配; 情绪价值,3,正向,外观审美: look | 尺寸与空间适配: space | 情绪价值: love
Unknown,Rider Dining Chair,5.0,,This is a gorgeous chair. Nice for an accent.,This is a gorgeous chair. Nice for an accent.,2022-03-31,Rider Dining Chair_20条.xlsx,Sheet1,91556516,外观审美,1,正向,外观审美: gorgeous
Unknown,Rider Dining Chair,5.0,,This chair is absolutely stunning. I was looking for an elegant chair for a mirrored writing desk and this chair is perfect. And I love the gold!,This chair is absolutely stunning. I was looking for an elegant chair for a mirrored writing desk and this chair is perfect. And I love the gold!,2020-09-20,Rider Dining Chair_20条.xlsx,Sheet1,59299602,情绪价值,1,正向,"情绪价值: love, perfect, stunning"
Unknown,Rider Dining Chair,5.0,,"Beautiful, elegant chair! Well made!!","Beautiful, elegant chair! Well made!!",2020-08-25,Rider Dining Chair_20条.xlsx,Sheet1,57724503,外观审美; 做工质量,2,正向,外观审美: beautiful | 做工质量: well made
Unknown,Rider Dining Chair,5.0,,Can’t go wrong with Jonathan Adler! Impressed with Waydair speed and efficiency. Thanks Wayfair!,Can’t go wrong with Jonathan Adler! Impressed with Waydair speed and efficiency. Thanks Wayfair!,2020-08-24,Rider Dining Chair_20条.xlsx,Sheet1,57679692,未归类,1,正向,
Unknown,Rider Dining Chair,5.0,,Love love this adorable chair it looks great with my vanity desk perfect seat height and it's comfy to do my makeup,Love love this adorable chair it looks great with my vanity desk perfect seat height and it's comfy to do my makeup,2017-06-22,Rider Dining Chair_20条.xlsx,Sheet1,12599009,外观审美; 尺寸与空间适配; 舒适度/实用性; 情绪价值,4,正向,"外观审美: looks | 尺寸与空间适配: height | 舒适度/实用性: comfy, seat | 情绪价值: love, perfect"
Unknown,Rider Dining Chair,5.0,,Adorable. The teal is super saturated and beautiful. It's more comfortable than expected.,Adorable. The teal is super saturated and beautiful. It's more comfortable than expected.,2021-08-19,Rider Dining Chair_20条.xlsx,Sheet1,81841702,外观审美; 舒适度/实用性; 照片与实物差异,3,正向,"外观审美: beautiful | 舒适度/实用性: comfortable | 照片与实物差异: expected, than expected"
Unknown,Rider Dining Chair,5.0,,JA knows how to make a stunning product,JA knows how to make a stunning product,2019-04-24,Rider Dining Chair_20条.xlsx,Sheet1,31558383,情绪价值,1,正向,情绪价值: stunning
Unknown,Rider Dining Chair,5.0,,Beautiful,Beautiful,2025-01-02,Rider Dining Chair_20条.xlsx,Sheet1,140388723,外观审美,1,正向,外观审美: beautiful
Unknown,Rider Dining Chair,5.0,,perfect! beautiful!,perfect! beautiful!,2020-02-19,Rider Dining Chair_20条.xlsx,Sheet1,45600017,外观审美; 情绪价值,2,正向,外观审美: beautiful | 情绪价值: perfect
Unknown,Rider Upholstered Side Chair,5.0,,"Absolutely Gorgeous! But need another piece to tie it together. The most luxurious jewel toned velvet. You want to just touch it, not sit on it)","Absolutely Gorgeous! But need another piece to tie it together. The most luxurious jewel toned velvet. You want to just touch it, not sit on it)",2025-12-07,Rider Upholstered Side Chair_5条.xlsx,Sheet1,159153133,外观审美; 舒适度/实用性,2,正向,外观审美: gorgeous | 舒适度/实用性: sit
Unknown,Rider Upholstered Side Chair,5.0,,Beautiful chair but color was not what I expected,Beautiful chair but color was not what I expected,2025-03-04,Rider Upholstered Side Chair_5条.xlsx,Sheet1,144405835,外观审美; 照片与实物差异,2,正向,"外观审美: beautiful, color | 照片与实物差异: expected, what i expected"
Unknown,Rider Upholstered Side Chair,5.0,,Love it! Fun addition to my living area.,Love it! Fun addition to my living area.,2024-05-24,Rider Upholstered Side Chair_5条.xlsx,Sheet1,128739294,情绪价值,1,正向,情绪价值: love
Unknown,Rider Upholstered Side Chair,5.0,,Very attractive chair. Quality manufacturer. Packed very well. Only wish the legs were a little longer.,Very attractive chair. Quality manufacturer. Packed very well. Only wish the legs were a little longer.,2024-02-16,Rider Upholstered Side Chair_5条.xlsx,Sheet1,123434314,外观审美; 做工质量; 尺寸与空间适配,3,正向,外观审美: attractive | 做工质量: quality | 尺寸与空间适配: little
Unknown,"Saralie Modern ABS Plastic Side Table – Curved Geometric Design End Table with Pedestal Base, Living Room Table or Bedroom Nightstand (Set of 2)",5.0,,Fun side tables for the perfect Airbnb touch! Love it!,Fun side tables for the perfect Airbnb touch! Love it!,2026-05-05,"Saralie Modern ABS Plastic Side Table – Curved Geometric Design End Table with Pedestal Base, Living Room Table or Bedroom Nightstand (Set of 2)_42条.xlsx",Sheet1,165955276,情绪价值,1,正向,"情绪价值: love, perfect, airbnb touch"
Unknown,"Saralie Modern ABS Plastic Side Table – Curved Geometric Design End Table with Pedestal Base, Living Room Table or Bedroom Nightstand (Set of 2)",5.0,,Lightweight but I love them for a pop of color on my patio!,Lightweight but I love them for a pop of color on my patio!,2026-04-13,"Saralie Modern ABS Plastic Side Table – Curved Geometric Design End Table with Pedestal Base, Living Room Table or Bedroom Nightstand (Set of 2)_42条.xlsx",Sheet1,164845322,外观审美; 情绪价值,2,正向,"外观审美: color, pop of color | 情绪价值: love"
Unknown,"Saralie Modern ABS Plastic Side Table – Curved Geometric Design End Table with Pedestal Base, Living Room Table or Bedroom Nightstand (Set of 2)",5.0,,Super cute and easy for a kids room. Durable material and love the pink color. Makes a nice set for the kids playroom.,Super cute and easy for a kids room. Durable material and love the pink color. Makes a nice set for the kids playroom.,2026-02-01,"Saralie Modern ABS Plastic Side Table – Curved Geometric Design End Table with Pedestal Base, Living Room Table or Bedroom Nightstand (Set of 2)_42条.xlsx",Sheet1,161360826,外观审美; 材质质感; 做工质量; 尺寸与空间适配; 情绪价值,5,正向,"外观审美: cute, color | 材质质感: material | 做工质量: durable | 尺寸与空间适配: room | 情绪价值: love"
Unknown,"Saralie Modern ABS Plastic Side Table – Curved Geometric Design End Table with Pedestal Base, Living Room Table or Bedroom Nightstand (Set of 2)",5.0,,Love this set for our lounge chairs by our pool. Gives a great hotel vibe!,Love this set for our lounge chairs by our pool. Gives a great hotel vibe!,2026-01-30,"Saralie Modern ABS Plastic Side Table – Curved Geometric Design End Table with Pedestal Base, Living Room Table or Bedroom Nightstand (Set of 2)_42条.xlsx",Sheet1,161285987,情绪价值,1,正向,情绪价值: love
Unknown,"Saralie Modern ABS Plastic Side Table – Curved Geometric Design End Table with Pedestal Base, Living Room Table or Bedroom Nightstand (Set of 2)",5.0,,Perfect as end tables for a seldom used guest bedroom that is flamingo oriented. I also have a set of white tables in my lanai. I like how stable these tables are even on carpet.,Perfect as end tables for a seldom used guest bedroom that is flamingo oriented. I also have a set of white tables in my lanai. I like how stable these tables are even on carpet.,2026-01-28,"Saralie Modern ABS Plastic Side Table – Curved Geometric Design End Table with Pedestal Base, Living Room Table or Bedroom Nightstand (Set of 2)_42条.xlsx",Sheet1,161149288,情绪价值,1,正向,情绪价值: perfect
Unknown,"Saralie Modern ABS Plastic Side Table – Curved Geometric Design End Table with Pedestal Base, Living Room Table or Bedroom Nightstand (Set of 2)",5.0,,"Love it , wish it was a tad larger","Love it , wish it was a tad larger",2025-12-13,"Saralie Modern ABS Plastic Side Table – Curved Geometric Design End Table with Pedestal Base, Living Room Table or Bedroom Nightstand (Set of 2)_42条.xlsx",Sheet1,159453199,情绪价值,1,正向,情绪价值: love
Unknown,"Saralie Modern ABS Plastic Side Table – Curved Geometric Design End Table with Pedestal Base, Living Room Table or Bedroom Nightstand (Set of 2)",4.0,,"So unique as pictured! Pay attention to size is a petite table, low in stature( as are all tables by todays design..,","So unique as pictured! Pay attention to size is a petite table, low in stature( as are all tables by todays design..,",2024-08-16,"Saralie Modern ABS Plastic Side Table – Curved Geometric Design End Table with Pedestal Base, Living Room Table or Bedroom Nightstand (Set of 2)_42条.xlsx",Sheet1,132646087,外观审美; 艺术感/收藏感; 尺寸与空间适配; 照片与实物差异,4,正向,"外观审美: design | 艺术感/收藏感: unique | 尺寸与空间适配: size | 照片与实物差异: as pictured, as pictured"
Unknown,"Saralie Modern ABS Plastic Side Table – Curved Geometric Design End Table with Pedestal Base, Living Room Table or Bedroom Nightstand (Set of 2)",5.0,,Beautiful and modern and came in quickly. Highly recommend if you’re looking for a sleek modern look,Beautiful and modern and came in quickly. Highly recommend if you’re looking for a sleek modern look,2025-11-03,"Saralie Modern ABS Plastic Side Table – Curved Geometric Design End Table with Pedestal Base, Living Room Table or Bedroom Nightstand (Set of 2)_42条.xlsx",Sheet1,157339504,外观审美; 情绪价值,2,正向,"外观审美: beautiful, look, modern, sleek | 情绪价值: recommend"
Unknown,"Saralie Modern ABS Plastic Side Table – Curved Geometric Design End Table with Pedestal Base, Living Room Table or Bedroom Nightstand (Set of 2)",5.0,,Nice tables for either a family room or bedroom. Great quality. The price was great also! !,Nice tables for either a family room or bedroom. Great quality. The price was great also! !,2025-10-30,"Saralie Modern ABS Plastic Side Table – Curved Geometric Design End Table with Pedestal Base, Living Room Table or Bedroom Nightstand (Set of 2)_42条.xlsx",Sheet1,157195539,做工质量; 尺寸与空间适配; 价格价值感,3,正向,做工质量: quality | 尺寸与空间适配: room | 价格价值感: price
Unknown,"Saralie Modern ABS Plastic Side Table – Curved Geometric Design End Table with Pedestal Base, Living Room Table or Bedroom Nightstand (Set of 2)",4.0,,"Great little side tables, but color fades in the sun","Great little side tables, but color fades in the sun",2025-10-14,"Saralie Modern ABS Plastic Side Table – Curved Geometric Design End Table with Pedestal Base, Living Room Table or Bedroom Nightstand (Set of 2)_42条.xlsx",Sheet1,156439358,外观审美; 尺寸与空间适配,2,正向,外观审美: color | 尺寸与空间适配: little
Unknown,"Saralie Modern ABS Plastic Side Table – Curved Geometric Design End Table with Pedestal Base, Living Room Table or Bedroom Nightstand (Set of 2)",1.0,,Only received one and not good material honestly could have been better quality. And not exactly as described.,Only received one and not good material honestly could have been better quality. And not exactly as described.,2025-09-27,"Saralie Modern ABS Plastic Side Table – Curved Geometric Design End Table with Pedestal Base, Living Room Table or Bedroom Nightstand (Set of 2)_42条.xlsx",Sheet1,155699513,材质质感; 做工质量; 照片与实物差异,3,负向,"材质质感: material | 做工质量: quality | 照片与实物差异: as described, exactly as described"
Unknown,"Saralie Modern ABS Plastic Side Table – Curved Geometric Design End Table with Pedestal Base, Living Room Table or Bedroom Nightstand (Set of 2)",5.0,,Great for and quality bigger than j expected.,Great for and quality bigger than j expected.,2025-09-12,"Saralie Modern ABS Plastic Side Table – Curved Geometric Design End Table with Pedestal Base, Living Room Table or Bedroom Nightstand (Set of 2)_42条.xlsx",Sheet1,155080263,做工质量; 尺寸与空间适配; 照片与实物差异,3,正向,做工质量: quality | 尺寸与空间适配: bigger | 照片与实物差异: expected
Unknown,"Saralie Modern ABS Plastic Side Table – Curved Geometric Design End Table with Pedestal Base, Living Room Table or Bedroom Nightstand (Set of 2)",5.0,,Super cute light weight modern tables that go perfectly with my decor. Would recommend for gaming area,Super cute light weight modern tables that go perfectly with my decor. Would recommend for gaming area,2025-08-24,"Saralie Modern ABS Plastic Side Table – Curved Geometric Design End Table with Pedestal Base, Living Room Table or Bedroom Nightstand (Set of 2)_42条.xlsx",Sheet1,154333340,外观审美; 情绪价值,2,正向,"外观审美: cute, modern | 情绪价值: recommend"
Unknown,"Saralie Modern ABS Plastic Side Table – Curved Geometric Design End Table with Pedestal Base, Living Room Table or Bedroom Nightstand (Set of 2)",4.0,,These ended being super short so they look kind of silly but still great color and super cute style. One piece and probably indestructible lol.,These ended being super short so they look kind of silly but still great color and super cute style. One piece and probably indestructible lol.,2025-07-30,"Saralie Modern ABS Plastic Side Table – Curved Geometric Design End Table with Pedestal Base, Living Room Table or Bedroom Nightstand (Set of 2)_42条.xlsx",Sheet1,153526684,外观审美; 尺寸与空间适配,2,正向,"外观审美: cute, look, color | 尺寸与空间适配: short"
Unknown,"Saralie Modern ABS Plastic Side Table – Curved Geometric Design End Table with Pedestal Base, Living Room Table or Bedroom Nightstand (Set of 2)",5.0,,No assembly required. Just as described.,No assembly required. Just as described.,2025-07-26,"Saralie Modern ABS Plastic Side Table – Curved Geometric Design End Table with Pedestal Base, Living Room Table or Bedroom Nightstand (Set of 2)_42条.xlsx",Sheet1,153375712,安装体验; 照片与实物差异,2,正向,"安装体验: assembly | 照片与实物差异: as described, just as described"
Unknown,"Saralie Modern ABS Plastic Side Table – Curved Geometric Design End Table with Pedestal Base, Living Room Table or Bedroom Nightstand (Set of 2)",5.0,,"Love these tables! I purchased 2 each yellow, green and orange. Perfect as a snack table, plant stand or footstools.","Love these tables! I purchased 2 each yellow, green and orange. Perfect as a snack table, plant stand or footstools.",2025-06-07,"Saralie Modern ABS Plastic Side Table – Curved Geometric Design End Table with Pedestal Base, Living Room Table or Bedroom Nightstand (Set of 2)_42条.xlsx",Sheet1,151705478,情绪价值,1,正向,"情绪价值: love, perfect"
Unknown,"Saralie Modern ABS Plastic Side Table – Curved Geometric Design End Table with Pedestal Base, Living Room Table or Bedroom Nightstand (Set of 2)",5.0,,"Very cute and sturdy. They are small, surface size is enough to set a drink, a phone and a remote on…or an iPad.","Very cute and sturdy. They are small, surface size is enough to set a drink, a phone and a remote on…or an iPad.",2025-06-01,"Saralie Modern ABS Plastic Side Table – Curved Geometric Design End Table with Pedestal Base, Living Room Table or Bedroom Nightstand (Set of 2)_42条.xlsx",Sheet1,150958560,外观审美; 做工质量; 尺寸与空间适配,3,正向,"外观审美: cute | 做工质量: sturdy | 尺寸与空间适配: size, small"
Unknown,"Saralie Modern ABS Plastic Side Table – Curved Geometric Design End Table with Pedestal Base, Living Room Table or Bedroom Nightstand (Set of 2)",5.0,,Very modern style. I love it and the quality! Once the space is decorated I’ll add a picture.,Very modern style. I love it and the quality! Once the space is decorated I’ll add a picture.,2025-04-24,"Saralie Modern ABS Plastic Side Table – Curved Geometric Design End Table with Pedestal Base, Living Room Table or Bedroom Nightstand (Set of 2)_42条.xlsx",Sheet1,148044669,外观审美; 做工质量; 尺寸与空间适配; 情绪价值; 照片与实物差异,5,正向,外观审美: modern | 做工质量: quality | 尺寸与空间适配: space | 情绪价值: love | 照片与实物差异: picture
Unknown,"Saralie Modern ABS Plastic Side Table – Curved Geometric Design End Table with Pedestal Base, Living Room Table or Bedroom Nightstand (Set of 2)",5.0,,Beautiful modern end table. Highly Recommend it!,Beautiful modern end table. Highly Recommend it!,2025-03-23,"Saralie Modern ABS Plastic Side Table – Curved Geometric Design End Table with Pedestal Base, Living Room Table or Bedroom Nightstand (Set of 2)_42条.xlsx",Sheet1,146415053,外观审美; 情绪价值,2,正向,"外观审美: beautiful, modern | 情绪价值: recommend"
Unknown,"Saralie Modern ABS Plastic Side Table – Curved Geometric Design End Table with Pedestal Base, Living Room Table or Bedroom Nightstand (Set of 2)",1.0,,Bright yellow. Came damaged. Both had damage to the bottom area of stools,Bright yellow. Came damaged. Both had damage to the bottom area of stools,2025-03-08,"Saralie Modern ABS Plastic Side Table – Curved Geometric Design End Table with Pedestal Base, Living Room Table or Bedroom Nightstand (Set of 2)_42条.xlsx",Sheet1,144866069,做工质量,1,负向,做工质量: damage
Unknown,"Saralie Modern ABS Plastic Side Table – Curved Geometric Design End Table with Pedestal Base, Living Room Table or Bedroom Nightstand (Set of 2)",5.0,,It’s very good quality and price. Delivered on time.,It’s very good quality and price. Delivered on time.,2025-03-05,"Saralie Modern ABS Plastic Side Table – Curved Geometric Design End Table with Pedestal Base, Living Room Table or Bedroom Nightstand (Set of 2)_42条.xlsx",Sheet1,144457024,做工质量; 物流包装; 价格价值感,3,正向,做工质量: quality | 物流包装: delivered | 价格价值感: price
Unknown,"Saralie Modern ABS Plastic Side Table – Curved Geometric Design End Table with Pedestal Base, Living Room Table or Bedroom Nightstand (Set of 2)",5.0,,Love the tables in my living room,Love the tables in my living room,2025-01-24,"Saralie Modern ABS Plastic Side Table – Curved Geometric Design End Table with Pedestal Base, Living Room Table or Bedroom Nightstand (Set of 2)_42条.xlsx",Sheet1,141486968,尺寸与空间适配; 情绪价值,2,正向,尺寸与空间适配: room | 情绪价值: love
Unknown,"Saralie Modern ABS Plastic Side Table – Curved Geometric Design End Table with Pedestal Base, Living Room Table or Bedroom Nightstand (Set of 2)",1.0,,"Very small, beware of the size. it is plastic and looks cheap... came with so many scratches and the edges was broken and sticking out of the box.","Very small, beware of the size. it is plastic and looks cheap... came with so many scratches and the edges was broken and sticking out of the box.",2025-01-05,"Saralie Modern ABS Plastic Side Table – Curved Geometric Design End Table with Pedestal Base, Living Room Table or Bedroom Nightstand (Set of 2)_42条.xlsx",Sheet1,140465818,外观审美; 材质质感; 做工质量; 尺寸与空间适配; 物流包装; 价格价值感,6,负向,"外观审美: looks | 材质质感: plastic | 做工质量: broken | 尺寸与空间适配: size, small | 物流包装: box | 价格价值感: cheap"
Unknown,"Saralie Modern ABS Plastic Side Table – Curved Geometric Design End Table with Pedestal Base, Living Room Table or Bedroom Nightstand (Set of 2)",5.0,,I love them! They work well in my son living room. They went really well with his accent colors.,I love them! They work well in my son living room. They went really well with his accent colors.,2025-01-03,"Saralie Modern ABS Plastic Side Table – Curved Geometric Design End Table with Pedestal Base, Living Room Table or Bedroom Nightstand (Set of 2)_42条.xlsx",Sheet1,140414657,尺寸与空间适配; 情绪价值,2,正向,尺寸与空间适配: room | 情绪价值: love
Unknown,"Saralie Modern ABS Plastic Side Table – Curved Geometric Design End Table with Pedestal Base, Living Room Table or Bedroom Nightstand (Set of 2)",5.0,,"Very nice fit with my decor Not as big as I thought honestly But does look great in the room The material is very lightweight I love the shape ,it definitely works It came in a pair and looks great","Very nice fit with my decor Not as big as I thought honestly But does look great in the room The material is very lightweight I love the shape ,it definitely works It came in a pair and looks great",2024-12-28,"Saralie Modern ABS Plastic Side Table – Curved Geometric Design End Table with Pedestal Base, Living Room Table or Bedroom Nightstand (Set of 2)_42条.xlsx",Sheet1,140208592,外观审美; 材质质感; 尺寸与空间适配; 情绪价值,4,正向,"外观审美: look, looks | 材质质感: material | 尺寸与空间适配: room, fit | 情绪价值: love"
Unknown,"Saralie Modern ABS Plastic Side Table – Curved Geometric Design End Table with Pedestal Base, Living Room Table or Bedroom Nightstand (Set of 2)",3.0,,I wish they were taller. They definitely are short and stocky but I still love them !! I just noticed they’re much shorter than my couch.,I wish they were taller. They definitely are short and stocky but I still love them !! I just noticed they’re much shorter than my couch.,2024-12-11,"Saralie Modern ABS Plastic Side Table – Curved Geometric Design End Table with Pedestal Base, Living Room Table or Bedroom Nightstand (Set of 2)_42条.xlsx",Sheet1,139196104,尺寸与空间适配; 情绪价值,2,中性,尺寸与空间适配: short | 情绪价值: love
Unknown,"Saralie Modern ABS Plastic Side Table – Curved Geometric Design End Table with Pedestal Base, Living Room Table or Bedroom Nightstand (Set of 2)",5.0,,"Really cool piece of art in this design. Unique, sturdy, lightweight and modern giving it the perfect balance for any space.","Really cool piece of art in this design. Unique, sturdy, lightweight and modern giving it the perfect balance for any space.",2024-12-02,"Saralie Modern ABS Plastic Side Table – Curved Geometric Design End Table with Pedestal Base, Living Room Table or Bedroom Nightstand (Set of 2)_42条.xlsx",Sheet1,138562437,外观审美; 艺术感/收藏感; 做工质量; 尺寸与空间适配; 情绪价值,5,正向,"外观审美: design, modern | 艺术感/收藏感: art, unique | 做工质量: sturdy | 尺寸与空间适配: space | 情绪价值: perfect"
Unknown,"Saralie Modern ABS Plastic Side Table – Curved Geometric Design End Table with Pedestal Base, Living Room Table or Bedroom Nightstand (Set of 2)",3.0,,Nice but lower in other words smarter than a regular table,Nice but lower in other words smarter than a regular table,2024-11-06,"Saralie Modern ABS Plastic Side Table – Curved Geometric Design End Table with Pedestal Base, Living Room Table or Bedroom Nightstand (Set of 2)_42条.xlsx",Sheet1,136941471,未归类,1,中性,
Unknown,"Saralie Modern ABS Plastic Side Table – Curved Geometric Design End Table with Pedestal Base, Living Room Table or Bedroom Nightstand (Set of 2)",5.0,,"Great table, light weight and sleek. Definitely would order this item again since it fits my needs.","Great table, light weight and sleek. Definitely would order this item again since it fits my needs.",2024-11-05,"Saralie Modern ABS Plastic Side Table – Curved Geometric Design End Table with Pedestal Base, Living Room Table or Bedroom Nightstand (Set of 2)_42条.xlsx",Sheet1,136930181,外观审美; 尺寸与空间适配,2,正向,外观审美: sleek | 尺寸与空间适配: fits
Unknown,"Saralie Modern ABS Plastic Side Table – Curved Geometric Design End Table with Pedestal Base, Living Room Table or Bedroom Nightstand (Set of 2)",5.0,,Really adds character to room. Love the color. The design is perfect. Was worried about the look but the perfect addition to my modern contemporary look,Really adds character to room. Love the color. The design is perfect. Was worried about the look but the perfect addition to my modern contemporary look,2024-08-10,"Saralie Modern ABS Plastic Side Table – Curved Geometric Design End Table with Pedestal Base, Living Room Table or Bedroom Nightstand (Set of 2)_42条.xlsx",Sheet1,132224274,外观审美; 尺寸与空间适配; 情绪价值,3,正向,"外观审美: design, look, modern, color | 尺寸与空间适配: room | 情绪价值: love, perfect"
Unknown,"Saralie Modern ABS Plastic Side Table – Curved Geometric Design End Table with Pedestal Base, Living Room Table or Bedroom Nightstand (Set of 2)",5.0,,Great way to add some detail and modern lines in a subtle but impactful way. They worked great to add interest a neutral space without adding so much detail that it took away from the primary furniture.,Great way to add some detail and modern lines in a subtle but impactful way. They worked great to add interest a neutral space without adding so much detail that it took away from the primary furniture.,2024-07-07,"Saralie Modern ABS Plastic Side Table – Curved Geometric Design End Table with Pedestal Base, Living Room Table or Bedroom Nightstand (Set of 2)_42条.xlsx",Sheet1,130949443,外观审美; 尺寸与空间适配,2,正向,外观审美: modern | 尺寸与空间适配: space
Unknown,"Saralie Modern ABS Plastic Side Table – Curved Geometric Design End Table with Pedestal Base, Living Room Table or Bedroom Nightstand (Set of 2)",5.0,,For the modern minimalist look. I absolutely love it!,For the modern minimalist look. I absolutely love it!,2024-03-05,"Saralie Modern ABS Plastic Side Table – Curved Geometric Design End Table with Pedestal Base, Living Room Table or Bedroom Nightstand (Set of 2)_42条.xlsx",Sheet1,124252141,外观审美; 情绪价值,2,正向,"外观审美: look, modern | 情绪价值: love"
Unknown,"Saralie Modern ABS Plastic Side Table – Curved Geometric Design End Table with Pedestal Base, Living Room Table or Bedroom Nightstand (Set of 2)",5.0,,"Very beautiful table, lightweight but lovely and goes well with my space. I got 4 of these and they fit perfectly on the sides of my chairs. Really cute, I have received a lot of compliments for them.","Very beautiful table, lightweight but lovely and goes well with my space. I got 4 of these and they fit perfectly on the sides of my chairs. Really cute, I have received a lot of compliments for them.",2025-11-20,"Saralie Modern ABS Plastic Side Table – Curved Geometric Design End Table with Pedestal Base, Living Room Table or Bedroom Nightstand (Set of 2)_42条.xlsx",Sheet1,158212969,外观审美; 尺寸与空间适配,2,正向,"外观审美: beautiful, cute | 尺寸与空间适配: space, fit"
Unknown,"Saralie Modern ABS Plastic Side Table – Curved Geometric Design End Table with Pedestal Base, Living Room Table or Bedroom Nightstand (Set of 2)",5.0,,Great quality. Very sturdy and durable,Great quality. Very sturdy and durable,2024-07-07,"Saralie Modern ABS Plastic Side Table – Curved Geometric Design End Table with Pedestal Base, Living Room Table or Bedroom Nightstand (Set of 2)_42条.xlsx",Sheet1,130969578,做工质量,1,正向,"做工质量: quality, sturdy, durable"
Unknown,"Saralie Modern ABS Plastic Side Table – Curved Geometric Design End Table with Pedestal Base, Living Room Table or Bedroom Nightstand (Set of 2)",5.0,,Exactly as pictured.,Exactly as pictured.,2025-08-09,"Saralie Modern ABS Plastic Side Table – Curved Geometric Design End Table with Pedestal Base, Living Room Table or Bedroom Nightstand (Set of 2)_42条.xlsx",Sheet1,153819705,照片与实物差异,1,正向,"照片与实物差异: as pictured, as pictured, exactly as pictured"
Unknown,"Saralie Modern ABS Plastic Side Table – Curved Geometric Design End Table with Pedestal Base, Living Room Table or Bedroom Nightstand (Set of 2)",5.0,,LIKE THE STRUCTURE,LIKE THE STRUCTURE,2025-01-24,"Saralie Modern ABS Plastic Side Table – Curved Geometric Design End Table with Pedestal Base, Living Room Table or Bedroom Nightstand (Set of 2)_42条.xlsx",Sheet1,141516111,未归类,1,正向,
Unknown,"Saralie Modern ABS Plastic Side Table – Curved Geometric Design End Table with Pedestal Base, Living Room Table or Bedroom Nightstand (Set of 2)",5.0,,Love this,Love this,2024-10-12,"Saralie Modern ABS Plastic Side Table – Curved Geometric Design End Table with Pedestal Base, Living Room Table or Bedroom Nightstand (Set of 2)_42条.xlsx",Sheet1,135632201,情绪价值,1,正向,情绪价值: love
Unknown,"Saralie Modern ABS Plastic Side Table – Curved Geometric Design End Table with Pedestal Base, Living Room Table or Bedroom Nightstand (Set of 2)",4.0,,It’s cool as the asthetically,It’s cool as the asthetically,2024-06-25,"Saralie Modern ABS Plastic Side Table – Curved Geometric Design End Table with Pedestal Base, Living Room Table or Bedroom Nightstand (Set of 2)_42条.xlsx",Sheet1,130427750,未归类,1,正向,
Unknown,"Saralie Modern ABS Plastic Side Table – Curved Geometric Design End Table with Pedestal Base, Living Room Table or Bedroom Nightstand (Set of 2)",4.0,,We love it,We love it,2024-06-03,"Saralie Modern ABS Plastic Side Table – Curved Geometric Design End Table with Pedestal Base, Living Room Table or Bedroom Nightstand (Set of 2)_42条.xlsx",Sheet1,129317320,情绪价值,1,正向,情绪价值: love
Unknown,"Saralie Modern ABS Plastic Side Table – Curved Geometric Design End Table with Pedestal Base, Living Room Table or Bedroom Nightstand (Set of 2)",5.0,,"Super cute and perfect for our need, we use them as end tables in our family room.","Super cute and perfect for our need, we use them as end tables in our family room.",2025-09-11,"Saralie Modern ABS Plastic Side Table – Curved Geometric Design End Table with Pedestal Base, Living Room Table or Bedroom Nightstand (Set of 2)_42条.xlsx",Sheet1,155065432,外观审美; 尺寸与空间适配; 舒适度/实用性; 情绪价值,4,正向,外观审美: cute | 尺寸与空间适配: room | 舒适度/实用性: use | 情绪价值: perfect
Unknown,"Saralie Modern ABS Plastic Side Table – Curved Geometric Design End Table with Pedestal Base, Living Room Table or Bedroom Nightstand (Set of 2)",5.0,,Beautiful table,Beautiful table,2025-05-06,"Saralie Modern ABS Plastic Side Table – Curved Geometric Design End Table with Pedestal Base, Living Room Table or Bedroom Nightstand (Set of 2)_42条.xlsx",Sheet1,148538572,外观审美,1,正向,外观审美: beautiful
Unknown,"Saralie Modern ABS Plastic Side Table – Curved Geometric Design End Table with Pedestal Base, Living Room Table or Bedroom Nightstand (Set of 2)",1.0,,"Very small , size for a child","Very small , size for a child",2025-02-04,"Saralie Modern ABS Plastic Side Table – Curved Geometric Design End Table with Pedestal Base, Living Room Table or Bedroom Nightstand (Set of 2)_42条.xlsx",Sheet1,142809020,尺寸与空间适配,1,负向,"尺寸与空间适配: size, small"
Unknown,Serpent End Table,1.0,,Overpriced for what it is...feels very cheap.,Overpriced for what it is...feels very cheap.,2024-09-16,Serpent End Table_7条.xlsx,Sheet1,134242118,价格价值感,1,负向,"价格价值感: overpriced, cheap, for what it is"
Unknown,Serpent End Table,5.0,,"Super cool side table, sturdy, and makes big statement.","Super cool side table, sturdy, and makes big statement.",2023-11-06,Serpent End Table_7条.xlsx,Sheet1,118361637,艺术感/收藏感; 做工质量,2,正向,艺术感/收藏感: statement | 做工质量: sturdy
Unknown,Serpent End Table,5.0,,Stunning!,Stunning!,2024-05-17,Serpent End Table_7条.xlsx,Sheet1,128246195,情绪价值,1,正向,情绪价值: stunning
Unknown,Serpent End Table,1.0,,Brass is not shiny as pictured. Very dull.,Brass is not shiny as pictured. Very dull.,2024-11-08,Serpent End Table_7条.xlsx,Sheet1,136976082,照片与实物差异,1,负向,"照片与实物差异: as pictured, as pictured"
Unknown,Upholstered Counter Stool with Metal Frame (Set of 2),5.0,,Perfect for my color decor and breakfast bar. Natural “honey”. More yellow than creme or beige. 1 delivered chair was an entirely different pattern than the others. Wayfair customer service exchanged it for me no problem. Seamless experience. Seat surface is a tiny bit rough (scratchy-like not sanded enough-clothes stick when moving around on the chair) to sit on. Hoping that goes away with use.,Perfect for my color decor and breakfast bar. Natural “honey”. More yellow than creme or beige. 1 delivered chair was an entirely different pattern than the others. Wayfair customer service exchanged it for me no problem. Seamless experience. Seat surface is a tiny bit rough (scratchy-like not sanded enough-clothes stick when moving around on the chair) to sit on. Hoping that goes away with use.,2021-07-12,Upholstered Counter Stool with Metal Frame (Set of 2)_50条.xlsx,Sheet1,74360222,外观审美; 舒适度/实用性; 物流包装; 情绪价值; 照片与实物差异,5,正向,"外观审美: color | 舒适度/实用性: sit, seat, use | 物流包装: delivered | 情绪价值: perfect | 照片与实物差异: different"
Unknown,Upholstered Counter Stool with Metal Frame (Set of 2),5.0,,"Beautiful stools. Extremely comfortable and quality construction.They complement our expresso cabinets and white quartz countertop, along with oak dining table and black chairs.","Beautiful stools. Extremely comfortable and quality construction.They complement our expresso cabinets and white quartz countertop, along with oak dining table and black chairs.",2022-08-04,Upholstered Counter Stool with Metal Frame (Set of 2)_50条.xlsx,Sheet1,97169982,外观审美; 做工质量; 舒适度/实用性,3,正向,外观审美: beautiful | 做工质量: quality | 舒适度/实用性: comfortable
Unknown,Upholstered Counter Stool with Metal Frame (Set of 2),5.0,,"This char is worth every single penny. It's beautiful, comfortable, and extremely sturdy.","This char is worth every single penny. It's beautiful, comfortable, and extremely sturdy.",2020-12-02,Upholstered Counter Stool with Metal Frame (Set of 2)_50条.xlsx,Sheet1,62952891,外观审美; 做工质量; 舒适度/实用性; 价格价值感,4,正向,外观审美: beautiful | 做工质量: sturdy | 舒适度/实用性: comfortable | 价格价值感: worth
Unknown,Upholstered Counter Stool with Metal Frame (Set of 2),5.0,,Great product! Aside from the first one that had bent legs..wayfair was quick to send a replacement..absolute love and will recommend to everyone I know!!,Great product! Aside from the first one that had bent legs..wayfair was quick to send a replacement..absolute love and will recommend to everyone I know!!,2020-10-30,Upholstered Counter Stool with Metal Frame (Set of 2)_50条.xlsx,Sheet1,61379465,物流包装; 情绪价值,2,正向,"物流包装: replacement | 情绪价值: love, recommend"
Unknown,Upholstered Counter Stool with Metal Frame (Set of 2),5.0,,Love the look and they are comfortable also!,Love the look and they are comfortable also!,2020-02-16,Upholstered Counter Stool with Metal Frame (Set of 2)_50条.xlsx,Sheet1,45403753,外观审美; 舒适度/实用性; 情绪价值,3,正向,外观审美: look | 舒适度/实用性: comfortable | 情绪价值: love
Unknown,Upholstered Counter Stool with Metal Frame (Set of 2),5.0,,Love my new counter stools! They arrived early which was an extra bonus.,Love my new counter stools! They arrived early which was an extra bonus.,2021-10-26,Upholstered Counter Stool with Metal Frame (Set of 2)_50条.xlsx,Sheet1,85541827,物流包装; 情绪价值,2,正向,物流包装: arrived | 情绪价值: love
Unknown,Upholstered Counter Stool with Metal Frame (Set of 2),5.0,,"Freaking GORGEOUS!!! And super comfortable. They’re really low profile, more than I thought they would be. But I don’t mind it. They’d be great for a small space.","Freaking GORGEOUS!!! And super comfortable. They’re really low profile, more than I thought they would be. But I don’t mind it. They’d be great for a small space.",2021-10-07,Upholstered Counter Stool with Metal Frame (Set of 2)_50条.xlsx,Sheet1,84987001,外观审美; 尺寸与空间适配; 舒适度/实用性,3,正向,"外观审美: gorgeous | 尺寸与空间适配: small, space | 舒适度/实用性: comfortable"
Unknown,Upholstered Counter Stool with Metal Frame (Set of 2),4.0,,"Sturdy and well made, love leather handle on chair back and no assemblyrequired. Did have issue with mark on wood, but Wayfair quickly resolved.","Sturdy and well made, love leather handle on chair back and no assemblyrequired. Did have issue with mark on wood, but Wayfair quickly resolved.",2021-05-27,Upholstered Counter Stool with Metal Frame (Set of 2)_50条.xlsx,Sheet1,72356700,材质质感; 做工质量; 情绪价值,3,正向,"材质质感: wood, leather | 做工质量: sturdy, well made | 情绪价值: love"
Unknown,Upholstered Counter Stool with Metal Frame (Set of 2),5.0,,"Love these stools! Got the walnut colour and the backs are shorter than the counter which is what I wanted. Very comfortable. Excellent packaging, no assembly, and arrived undamaged.","Love these stools! Got the walnut colour and the backs are shorter than the counter which is what I wanted. Very comfortable. Excellent packaging, no assembly, and arrived undamaged.",2021-05-26,Upholstered Counter Stool with Metal Frame (Set of 2)_50条.xlsx,Sheet1,72300395,舒适度/实用性; 物流包装; 安装体验; 情绪价值,4,正向,"舒适度/实用性: comfortable | 物流包装: arrived, packaging | 安装体验: assembly | 情绪价值: love"
Unknown,Upholstered Counter Stool with Metal Frame (Set of 2),5.0,,"Light weight but sturdy, easy to clean, and they look so great! Showed up fully assembled which was an added bonus. Love these stools!","Light weight but sturdy, easy to clean, and they look so great! Showed up fully assembled which was an added bonus. Love these stools!",2019-07-17,Upholstered Counter Stool with Metal Frame (Set of 2)_50条.xlsx,Sheet1,36470014,外观审美; 做工质量; 安装体验; 情绪价值,4,正向,外观审美: look | 做工质量: sturdy | 安装体验: assembled | 情绪价值: love
Unknown,Upholstered Counter Stool with Metal Frame (Set of 2),5.0,,Love these modern comfortable high quality counter stools....just perfect in my new contemporary home !!!,Love these modern comfortable high quality counter stools....just perfect in my new contemporary home !!!,2019-02-21,Upholstered Counter Stool with Metal Frame (Set of 2)_50条.xlsx,Sheet1,29328096,外观审美; 做工质量; 舒适度/实用性; 情绪价值,4,正向,"外观审美: modern | 做工质量: quality | 舒适度/实用性: comfortable | 情绪价值: love, perfect"
Unknown,Upholstered Counter Stool with Metal Frame (Set of 2),5.0,,I love the simplicity of these stools. The leather strap on the back makes them so unique. Worth the wait!,I love the simplicity of these stools. The leather strap on the back makes them so unique. Worth the wait!,2019-01-26,Upholstered Counter Stool with Metal Frame (Set of 2)_50条.xlsx,Sheet1,28411530,艺术感/收藏感; 材质质感; 价格价值感; 情绪价值,4,正向,艺术感/收藏感: unique | 材质质感: leather | 价格价值感: worth | 情绪价值: love
Unknown,Upholstered Counter Stool with Metal Frame (Set of 2),5.0,,"Great barstools, we've been using them for a little over 6 months and I wanted to make sure we found sturdy barstools that were relatively comfortable for not being padded and I've found we'll often sit at the counter for hours chatting or working and the stools are as comfortable as possible for something not padded, decent lumbar support and while they're minimalistic in appearance they're not flimsy.","Great barstools, we've been using them for a little over 6 months and I wanted to make sure we found sturdy barstools that were relatively comfortable for not being padded and I've found we'll often sit at the counter for hours chatting or working and the stools are as comfortable as possible for something not padded, decent lumbar support and while they're minimalistic in appearance they're not flimsy.",2023-02-08,Upholstered Counter Stool with Metal Frame (Set of 2)_50条.xlsx,Sheet1,104435311,做工质量; 尺寸与空间适配; 舒适度/实用性,3,正向,"做工质量: sturdy, flimsy | 尺寸与空间适配: little | 舒适度/实用性: comfortable, sit"
Unknown,Upholstered Counter Stool with Metal Frame (Set of 2),5.0,,Gorgeous product from a high quality company. Love the finish on these and especially the handle!,Gorgeous product from a high quality company. Love the finish on these and especially the handle!,2020-01-15,Upholstered Counter Stool with Metal Frame (Set of 2)_50条.xlsx,Sheet1,44262290,外观审美; 材质质感; 做工质量; 情绪价值,4,正向,外观审美: gorgeous | 材质质感: finish | 做工质量: quality | 情绪价值: love
Unknown,Upholstered Counter Stool with Metal Frame (Set of 2),5.0,,Gorgeous product from a high quality company. Love the handle!,Gorgeous product from a high quality company. Love the handle!,2020-01-15,Upholstered Counter Stool with Metal Frame (Set of 2)_50条.xlsx,Sheet1,44262276,外观审美; 做工质量; 情绪价值,3,正向,外观审美: gorgeous | 做工质量: quality | 情绪价值: love
Unknown,Upholstered Counter Stool with Metal Frame (Set of 2),5.0,,"I looked for this stool for about a year after seeing it in a magazine ad for kitchen appliances. I took a picture of the ad and began searching websites for it with no success. I found the photo option on the Wayfair website and entered my photo. Finally, I was successful in finding the exact chair. It was shipped in a timely manner and arrived in perfect condition. I was notified of the exact delivery date and it arrived when expected. I couldn’t be happier with my experience with Wayfair.","I looked for this stool for about a year after seeing it in a magazine ad for kitchen appliances. I took a picture of the ad and began searching websites for it with no success. I found the photo option on the Wayfair website and entered my photo. Finally, I was successful in finding the exact chair. It was shipped in a timely manner and arrived in perfect condition. I was notified of the exact delivery date and it arrived when expected. I couldn’t be happier with my experience with Wayfair.",2019-06-23,Upholstered Counter Stool with Metal Frame (Set of 2)_50条.xlsx,Sheet1,34911099,物流包装; 情绪价值; 照片与实物差异,3,正向,"物流包装: delivery, arrived | 情绪价值: perfect | 照片与实物差异: picture, photo, expected"
Unknown,Upholstered Counter Stool with Metal Frame (Set of 2),4.0,,Awesome stool...took a while to get them to ship but totally worth it.,Awesome stool...took a while to get them to ship but totally worth it.,2018-08-03,Upholstered Counter Stool with Metal Frame (Set of 2)_50条.xlsx,Sheet1,22828716,价格价值感,1,正向,价格价值感: worth
Unknown,Upholstered Counter Stool with Metal Frame (Set of 2),5.0,,"Back is a little lower than I expected, but still good height. Came assembled, which was really helpful.","Back is a little lower than I expected, but still good height. Came assembled, which was really helpful.",2018-05-07,Upholstered Counter Stool with Metal Frame (Set of 2)_50条.xlsx,Sheet1,20136366,尺寸与空间适配; 安装体验; 照片与实物差异,3,正向,"尺寸与空间适配: height, little | 安装体验: assembled | 照片与实物差异: expected"
Unknown,Upholstered Counter Stool with Metal Frame (Set of 2),5.0,,These were great but had to return as they were counter height and I needed bar height.,These were great but had to return as they were counter height and I needed bar height.,2018-04-07,Upholstered Counter Stool with Metal Frame (Set of 2)_50条.xlsx,Sheet1,19080649,尺寸与空间适配,1,正向,尺寸与空间适配: height
Unknown,Upholstered Counter Stool with Metal Frame (Set of 2),5.0,,"I absolutely love these chairs. They are well designed, sleek, modern and most of all extremely comfortable. I took advantage of the open box deal that they had available for this chair and they came in mint condition. As far as I'm concerned they we brand new. I would but them again in a heartbeat.","I absolutely love these chairs. They are well designed, sleek, modern and most of all extremely comfortable. I took advantage of the open box deal that they had available for this chair and they came in mint condition. As far as I'm concerned they we brand new. I would but them again in a heartbeat.",2019-08-08,Upholstered Counter Stool with Metal Frame (Set of 2)_50条.xlsx,Sheet1,37263573,外观审美; 舒适度/实用性; 物流包装; 价格价值感; 情绪价值,5,正向,"外观审美: modern, sleek | 舒适度/实用性: comfortable | 物流包装: box | 价格价值感: deal | 情绪价值: love"
Unknown,Upholstered Counter Stool with Metal Frame (Set of 2),5.0,,The leather detail on the back is perfection!,The leather detail on the back is perfection!,2021-12-15,Upholstered Counter Stool with Metal Frame (Set of 2)_50条.xlsx,Sheet1,87725035,材质质感; 情绪价值,2,正向,材质质感: leather | 情绪价值: perfection
Unknown,Upholstered Counter Stool with Metal Frame (Set of 2),5.0,,"The upholstery is dark brown, shiny fabric. Great quality and look amazing.","The upholstery is dark brown, shiny fabric. Great quality and look amazing.",2021-08-25,Upholstered Counter Stool with Metal Frame (Set of 2)_50条.xlsx,Sheet1,83325418,外观审美; 材质质感; 做工质量; 情绪价值,4,正向,外观审美: look | 材质质感: fabric | 做工质量: quality | 情绪价值: amazing
Unknown,Upholstered Counter Stool with Metal Frame (Set of 2),5.0,,"Great chair, love the handle on the back.","Great chair, love the handle on the back.",2021-05-13,Upholstered Counter Stool with Metal Frame (Set of 2)_50条.xlsx,Sheet1,71541689,情绪价值,1,正向,情绪价值: love
Unknown,Upholstered Counter Stool with Metal Frame (Set of 2),5.0,,perfect look for our clubhouse,perfect look for our clubhouse,2018-10-04,Upholstered Counter Stool with Metal Frame (Set of 2)_50条.xlsx,Sheet1,24510449,外观审美; 情绪价值,2,正向,外观审美: look | 情绪价值: perfect
Unknown,Upholstered Counter Stool with Metal Frame (Set of 2),5.0,,"I love love love these chairs. Quality is amazing, design is amazing. They are the best","I love love love these chairs. Quality is amazing, design is amazing. They are the best",2018-04-25,Upholstered Counter Stool with Metal Frame (Set of 2)_50条.xlsx,Sheet1,19690444,外观审美; 做工质量; 情绪价值,3,正向,"外观审美: design | 做工质量: quality | 情绪价值: love, amazing"
Unknown,Upholstered Counter Stool with Metal Frame (Set of 2),5.0,,LOVE!,LOVE!,2020-09-12,Upholstered Counter Stool with Metal Frame (Set of 2)_50条.xlsx,Sheet1,58786309,情绪价值,1,正向,情绪价值: love
Unknown,Upholstered Counter Stool with Metal Frame (Set of 2),5.0,,Beautiful counter stools !!,Beautiful counter stools !!,2024-12-01,Upholstered Counter Stool with Metal Frame (Set of 2)_50条.xlsx,Sheet1,138516785,外观审美,1,正向,外观审美: beautiful
Unknown,Upholstered Counter Stool with Metal Frame (Set of 2),5.0,,I love m’y new seat !!!!,I love m’y new seat !!!!,2022-01-31,Upholstered Counter Stool with Metal Frame (Set of 2)_50条.xlsx,Sheet1,89342257,舒适度/实用性; 情绪价值,2,正向,舒适度/实用性: seat | 情绪价值: love
Unknown,Upholstered Counter Stool with Metal Frame (Set of 2),5.0,,They are great quality.,They are great quality.,2018-11-22,Upholstered Counter Stool with Metal Frame (Set of 2)_50条.xlsx,Sheet1,25986246,做工质量,1,正向,做工质量: quality
Unknown,Upholstered Counter Stool with Metal Frame (Set of 2),5.0,,Love it!,Love it!,2023-05-06,Upholstered Counter Stool with Metal Frame (Set of 2)_50条.xlsx,Sheet1,108043998,情绪价值,1,正向,情绪价值: love
Unknown,Upholstered Counter Stool with Metal Frame (Set of 2),5.0,,Just as seen online.,Just as seen online.,2022-11-01,Upholstered Counter Stool with Metal Frame (Set of 2)_50条.xlsx,Sheet1,100391778,未归类,1,正向,
Unknown,Upholstered Counter Stool with Metal Frame (Set of 2),5.0,,Very sturdy and look great,Very sturdy and look great,2021-12-23,Upholstered Counter Stool with Metal Frame (Set of 2)_50条.xlsx,Sheet1,87993900,外观审美; 做工质量,2,正向,外观审美: look | 做工质量: sturdy
Unknown,Upholstered Counter Stool with Metal Frame (Set of 2),5.0,,great,great,2020-01-13,Upholstered Counter Stool with Metal Frame (Set of 2)_50条.xlsx,Sheet1,44167371,未归类,1,正向,
Unknown,Upholstered Counter Stool with Metal Frame (Set of 2),5.0,,Very nice.,Very nice.,2019-07-15,Upholstered Counter Stool with Metal Frame (Set of 2)_50条.xlsx,Sheet1,36402841,未归类,1,正向,
Unknown,Upholstered Counter Stool with Metal Frame (Set of 2),5.0,,perfect,perfect,2019-07-04,Upholstered Counter Stool with Metal Frame (Set of 2)_50条.xlsx,Sheet1,35814643,情绪价值,1,正向,情绪价值: perfect
Unknown,Upholstered Counter Stool with Metal Frame (Set of 2),4.0,,great for media room,great for media room,2019-05-10,Upholstered Counter Stool with Metal Frame (Set of 2)_50条.xlsx,Sheet1,32083103,尺寸与空间适配,1,正向,尺寸与空间适配: room
Unknown,Upholstered Counter Stool with Metal Frame (Set of 2),3.0,,Not the best quality,Not the best quality,2019-01-12,Upholstered Counter Stool with Metal Frame (Set of 2)_50条.xlsx,Sheet1,27853492,做工质量,1,中性,做工质量: quality
Unknown,Upholstered Counter Stool with Metal Frame (Set of 2),5.0,,Simple and durable,Simple and durable,2018-05-10,Upholstered Counter Stool with Metal Frame (Set of 2)_50条.xlsx,Sheet1,20495153,做工质量,1,正向,做工质量: durable
Unknown,Upholstered Counter Stool with Metal Frame (Set of 2),5.0,,"Amazing quality, very sturdy","Amazing quality, very sturdy",2024-12-25,Upholstered Counter Stool with Metal Frame (Set of 2)_50条.xlsx,Sheet1,140079719,做工质量; 情绪价值,2,正向,"做工质量: quality, sturdy | 情绪价值: amazing"
Unknown,Upholstered Counter Stool with Metal Frame (Set of 2),5.0,,nice stools,nice stools,2023-08-25,Upholstered Counter Stool with Metal Frame (Set of 2)_50条.xlsx,Sheet1,113975142,未归类,1,正向,
Unknown,Upholstered Counter Stool with Metal Frame (Set of 2),5.0,,Great quality and comfortable,Great quality and comfortable,2023-01-29,Upholstered Counter Stool with Metal Frame (Set of 2)_50条.xlsx,Sheet1,104118051,做工质量; 舒适度/实用性,2,正向,做工质量: quality | 舒适度/实用性: comfortable
Unknown,Upholstered Counter Stool with Metal Frame (Set of 2),5.0,,"We love these stools! Clean, modern and comfortable. Came fully assembled. And Wayfair has the BEST prices for these stools!","We love these stools! Clean, modern and comfortable. Came fully assembled. And Wayfair has the BEST prices for these stools!",2021-01-17,Upholstered Counter Stool with Metal Frame (Set of 2)_50条.xlsx,Sheet1,65202669,外观审美; 舒适度/实用性; 安装体验; 情绪价值,4,正向,外观审美: modern | 舒适度/实用性: comfortable | 安装体验: assembled | 情绪价值: love
Unknown,Ventana 12 - Light Tiered Chandelier,5.0,,gorgeous! It looks amazing in my formal living room! So happy with it,gorgeous! It looks amazing in my formal living room! So happy with it,2017-09-12,Ventana 12 - Light Tiered Chandelier_16条.xlsx,Sheet1,14097660,外观审美; 尺寸与空间适配; 情绪价值,3,正向,"外观审美: gorgeous, looks | 尺寸与空间适配: room | 情绪价值: happy, amazing"
Unknown,Ventana 12 - Light Tiered Chandelier,5.0,,Beautiful! Used in entry way looks amazing.,Beautiful! Used in entry way looks amazing.,2019-01-04,Ventana 12 - Light Tiered Chandelier_16条.xlsx,Sheet1,27588178,外观审美; 情绪价值,2,正向,"外观审美: beautiful, looks | 情绪价值: amazing"
Unknown,Ventana 12 - Light Tiered Chandelier,5.0,,"Love this chandelier, the design is what I was looking for.","Love this chandelier, the design is what I was looking for.",2016-08-29,Ventana 12 - Light Tiered Chandelier_16条.xlsx,Sheet1,7122076,外观审美; 情绪价值,2,正向,外观审美: design | 情绪价值: love
Unknown,Ventana 12 - Light Tiered Chandelier,5.0,,Jonathan Adler never disappoints,Jonathan Adler never disappoints,2016-03-22,Ventana 12 - Light Tiered Chandelier_16条.xlsx,Sheet1,5151502,未归类,1,正向,
Unknown,Ventana 12 - Light Tiered Chandelier,4.0,,Makes a grand statement - not sure if I like the seams on the shades--but overall nice,Makes a grand statement - not sure if I like the seams on the shades--but overall nice,2015-10-23,Ventana 12 - Light Tiered Chandelier_16条.xlsx,Sheet1,3607171,艺术感/收藏感,1,正向,艺术感/收藏感: statement
Unknown,Ventana 12 - Light Tiered Chandelier,5.0,,This light is AWESOME!!!! Needs a little adjusting...very dramatic it a good way!,This light is AWESOME!!!! Needs a little adjusting...very dramatic it a good way!,2015-04-21,Ventana 12 - Light Tiered Chandelier_16条.xlsx,Sheet1,2668940,尺寸与空间适配,1,正向,尺寸与空间适配: little
Unknown,Ventana 12 - Light Tiered Chandelier,5.0,,The scale of this fixture is great for a massive open space. Classic details but clean line and modern make it super easy to use in any interior. Shipping was super easy and informative. Fixture is superior quality.,The scale of this fixture is great for a massive open space. Classic details but clean line and modern make it super easy to use in any interior. Shipping was super easy and informative. Fixture is superior quality.,2015-02-17,Ventana 12 - Light Tiered Chandelier_16条.xlsx,Sheet1,2396882,外观审美; 艺术感/收藏感; 做工质量; 尺寸与空间适配; 舒适度/实用性; 物流包装,6,正向,外观审美: modern | 艺术感/收藏感: classic | 做工质量: quality | 尺寸与空间适配: space | 舒适度/实用性: use | 物流包装: shipping
Unknown,Ventana 12 - Light Tiered Chandelier,5.0,,LOve it. Came in perfect condition.,LOve it. Came in perfect condition.,2016-03-08,Ventana 12 - Light Tiered Chandelier_16条.xlsx,Sheet1,4964540,情绪价值,1,正向,"情绪价值: love, perfect"
Unknown,Ventana 12 - Light Tiered Chandelier,5.0,,This fixture is well worth it's price. Looks beautiful in a two stories foyer. It was a little tricky to get all the shades to be straight,This fixture is well worth it's price. Looks beautiful in a two stories foyer. It was a little tricky to get all the shades to be straight,2015-09-30,Ventana 12 - Light Tiered Chandelier_16条.xlsx,Sheet1,3459840,外观审美; 尺寸与空间适配; 价格价值感,3,正向,"外观审美: beautiful, looks | 尺寸与空间适配: little | 价格价值感: price, worth, well worth"
Unknown,Ventana 12 - Light Tiered Chandelier,5.0,,Really a very sophisticated looking fixture. Very preppy. Has a Ralph lauren look.,Really a very sophisticated looking fixture. Very preppy. Has a Ralph lauren look.,2015-06-16,Ventana 12 - Light Tiered Chandelier_16条.xlsx,Sheet1,2908683,外观审美,1,正向,外观审美: look
Unknown,Ventana 12 - Light Tiered Chandelier,4.0,,Looks beautiful. Nice scale!,Looks beautiful. Nice scale!,2017-12-19,Ventana 12 - Light Tiered Chandelier_16条.xlsx,Sheet1,16403926,外观审美,1,正向,"外观审美: beautiful, looks"
